timestamp,T_oa_C,I_sol_Wm2,Q_int_W,Q_cw_W,Q_cw_meas_W,T_z,T_z_meas_C,sigma_cw_W,split,T_z_obs
2023-07-01 00:00:00,24.56954,0.0,10000.037,100000.0,104098.67305556426,23.5,23.356719312000045,3605.5512754639894,train,
2023-07-01 01:00:00,23.512894,8.837979,10000.165,13253.451383211257,14132.779050495254,23.066267256916056,22.826466317618564,2039.1391752919735,train,
2023-07-01 02:00:00,23.222502,4.024513,10000.74,12155.921380600887,16681.570349181347,23.060779606903004,23.163573766661447,2032.9755980213376,train,
2023-07-01 03:00:00,22.803848,0.0,10003.316,10811.442989294306,15717.148401555583,23.05405721494647,23.401447930716138,2026.1289617296538,train,
2023-07-01 04:00:00,22.752066,4.7705226,10014.836,10722.323904578701,9770.10666565669,23.053611619522894,22.998377739887744,2025.7026946033393,train,
2023-07-01 05:00:00,23.710373,14.29776,10065.922,13553.571634962935,13895.935434479956,23.067767858174815,22.686393110201095,2040.9138574809238,train,
2023-07-01 06:00:00,25.040848,0.0,10284.556,16989.72468374862,20253.57766508393,23.084948623418743,22.760136576732698,2063.924821873757,train,
2023-07-01 07:00:00,26.14072,146.27933,11094.553,25431.40626428766,27754.463840328357,23.12715703132144,23.2455368577326,2140.579543516504,train,
2023-07-01 08:00:00,26.927479,404.1861,13000.0,38230.50122812219,41191.76585396565,23.19115250614061,23.74438743015889,2305.5181850807658,train,
2023-07-01 09:00:00,28.25572,643.2045,14905.445,52648.38165293,53474.43022734859,23.26324190826465,23.38135940805897,2548.4636316034253,train,
2023-07-01 10:00:00,30.065493,874.8429,15715.437,67680.16972240644,73186.46086811405,23.338400848612032,23.222331883416658,2850.007866004648,train,
2023-07-01 11:00:00,31.778418,1040.0522,15934.041,80317.12324196078,85752.71212276955,23.401585616209804,23.63144080626489,3131.4144180031303,train,
2023-07-01 12:00:00,32.074516,1092.3995,15984.999,85593.04140714943,88807.9563852218,23.427965207035747,23.356115616359723,3254.7737038991504,train,
2023-07-01 13:00:00,33.870525,1120.5754,15995.943,93709.86993714255,100598.99680216178,23.468549349685713,23.35506378447645,3450.128367361504,train,
2023-07-01 14:00:00,34.05908,957.17,15995.943,91638.63617813135,96228.02188492082,23.458193180890657,23.170655449182078,3399.6875851361888,train,
2023-07-01 15:00:00,34.468983,759.4471,15984.999,88042.00194878646,88195.12896896817,23.440210009743932,23.86274466301784,3313.04311720133,train,
2023-07-01 16:00:00,34.33974,499.50357,15934.041,80448.35133322224,84604.18026999009,23.40224175666611,22.64047938141741,3134.4446890972895,train,
2023-07-01 17:00:00,33.83152,243.41766,15715.437,70961.12682501215,71160.28124189573,23.35480563412506,23.59416339420884,2920.947340889238,train,
2023-07-01 18:00:00,33.16918,37.973625,14905.445,61431.044251690284,66820.10542404819,23.30715522125845,23.16803173991919,2719.631570280764,train,
2023-07-01 19:00:00,32.178894,0.0,13000.0,54882.741728891204,57753.40659860086,23.274413708644456,23.15131148920897,2590.5412186861954,train,
2023-07-01 20:00:00,30.263388,18.646471,11094.553,47728.19434825877,50273.48619837714,23.238640971741294,23.746335518576636,2459.71186974626,train,
2023-07-01 21:00:00,29.308474,27.315807,10284.556,43860.399803669025,45230.23666849072,23.219301999018345,23.00506267135833,2394.026149365107,train,
2023-07-01 22:00:00,26.942896,4.8423853,10065.922,35965.92710208881,41744.135313378814,23.179829635510444,22.97580888930192,2272.4861102065047,train,
2023-07-01 23:00:00,25.902493,0.0,10014.836,32055.20879592072,34712.27926268814,23.160276043979604,23.121157772303743,2219.1851589840503,train,
2023-07-02 00:00:00,24.906174,0.0,10000.037,28657.932411300637,30725.480412756813,23.143289662056503,23.267443877800176,2176.958745838241,train,
2023-07-02 01:00:00,23.628878,44.411087,10000.165,25962.97957421143,28207.190003714742,23.129814897871057,22.997258163183197,2146.315139380475,train,
2023-07-02 02:00:00,22.694471,6.247169,10000.74,21701.77058052687,25821.3763983407,23.108508852902634,22.63635117374187,2103.299826866545,train,
2023-07-02 03:00:00,22.418736,0.0,10003.316,20053.253429048113,23816.491006280852,23.10026626714524,22.84055681288071,2088.520930175388,train,
2023-07-02 04:00:00,22.80878,0.0,10014.836,20518.689649423293,24382.36801536198,23.102593448247116,23.486993605186473,2092.585712088376,train,
2023-07-02 05:00:00,23.679352,10.603725,10065.922,22760.60398070143,26671.078768848674,23.113803019903507,23.13623605664416,2113.3481928470023,train,
2023-07-02 06:00:00,24.140938,0.0,10284.556,23545.18550993774,31087.77010774273,23.11772592754969,23.253052112660836,2121.070056511016,train,
2023-07-02 07:00:00,25.703756,164.70377,11094.553,33291.12895942643,35382.58736395629,23.166455644797132,,2235.502033247531,train,
2023-07-02 08:00:00,27.170822,396.56473,13000.0,46805.97722398758,48554.2044408304,23.234029886119938,23.036180577267956,2443.7102024387423,train,
2023-07-02 09:00:00,29.003765,645.1782,14905.445,62537.20447332185,63305.654506224804,23.31268602236661,23.815956857329233,2742.227515908237,train,
2023-07-02 10:00:00,30.426205,871.19434,15715.437,76111.36851696117,80981.11176787865,23.380556842584806,23.324099285469483,3035.3988824818725,train,
2023-07-02 11:00:00,31.929575,1050.4716,15934.041,88210.33426341244,94955.21496143226,23.441051671317062,23.308040707458925,3317.0705093164147,train,
2023-07-02 12:00:00,32.768536,1123.9749,15984.999,95331.56383446339,97933.90032681932,23.476657819172317,23.80550052907892,3489.8848629735526,train,
2023-07-02 13:00:00,33.931732,1086.6519,15995.943,99575.78754320764,99555.45086555026,23.497878937716038,23.28117083005582,3594.969223562981,train,
2023-07-02 14:00:00,34.896572,991.41547,15995.943,101156.02847877696,101159.48579575897,23.505780142393885,23.327361939261685,3634.458403646852,train,
2023-07-02 15:00:00,35.3848,756.31726,15984.999,96621.55868770271,101912.73118614929,23.483107793438514,23.48618179864358,3521.6690706136856,train,
2023-07-02 16:00:00,34.079353,494.46048,15934.041,85515.68881042968,90933.45244302324,23.42757844405215,23.427659475278602,3252.9432410434124,train,
2023-07-02 17:00:00,34.58915,216.82083,15715.437,77619.04913303538,82286.29786430897,23.388095245665177,23.465978650036142,3069.567576953618,train,
2023-07-02 18:00:00,33.568417,45.441658,14905.445,68017.53713770893,69116.02475258328,23.340087685688545,23.96758841250719,2857.2271212578903,train,
2023-07-02 19:00:00,32.09995,0.0,13000.0,59739.51788703147,63362.987930492716,23.298697589435157,23.39957206334087,2685.503490527886,train,
2023-07-02 20:00:00,30.446123,15.254416,11094.553,52883.50108159605,56181.3814232101,23.26441750540798,22.55100131658274,2552.841205007169,train,
2023-07-02 21:00:00,28.661858,0.0,10284.556,45844.92703219496,49375.74068723946,23.229224635160975,23.327114318190443,2427.2580417270333,train,
2023-07-02 22:00:00,27.81772,0.0,10065.922,42304.01314130035,47368.153038337856,23.2115200657065,23.222884064053382,2368.6845663940526,train,
2023-07-02 23:00:00,26.57153,0.0,10014.836,38038.08935613375,41552.95211238264,23.19019044678067,23.203225454086105,2302.652083506906,train,
2023-07-03 00:00:00,25.289558,5.522711,10000.246,33862.83046135503,38385.7808544652,23.169314152306775,23.243098345125627,2243.216921781981,train,
2023-07-03 01:00:00,24.141434,0.0,10001.102,29739.554762085874,32887.551335157834,23.14869777381043,23.14009428750799,2189.976485193938,train,
2023-07-03 02:00:00,23.158943,13.999151,10004.936,26689.280927692493,30312.1360457071,23.133446404638462,23.117662776721847,2154.3179767141064,train,
2023-07-03 03:00:00,22.328218,0.0,10022.111,23267.16368344961,27604.425991349442,23.116335818417248,23.300249081348483,2118.3070635026434,train,
2023-07-03 04:00:00,23.014208,20.45763,10098.905,24991.185362375036,24878.834443923264,23.124955926811875,22.962331687653524,2135.908099903863,train,
2023-07-03 05:00:00,23.877983,14.771621,10439.478,26948.98353995754,29259.380560053916,23.134744917699788,22.850439017008036,2157.225751388392,train,
2023-07-03 06:00:00,24.05356,32.791645,11897.035,28891.18752055282,30865.901296256226,23.144455937602764,24.05159037338948,2179.731782745981,train,
2023-07-03 07:00:00,25.969595,129.8301,17297.02,41702.68371505586,43195.527343739726,23.20851341857528,22.99375618544091,2359.068130880112,train,
2023-07-03 08:00:00,27.430576,397.1598,29999.998,66307.58048758593,68531.45371103409,23.33153790243793,23.361580776175952,2820.820041602427,train,
2023-07-03 09:00:00,29.089962,618.14453,42702.97,91170.22792850307,99235.58886880074,23.455851139642515,23.007153064379906,3388.3343126795617,train,
2023-07-03 10:00:00,29.890812,871.2078,48102.91,108478.91650407675,108171.61075626676,23.542394582520384,23.57733510703581,3819.804679994595,train,
2023-07-03 11:00:00,31.546864,1034.273,49560.277,121691.85848265371,128722.50454248044,23.60845929241327,23.328491627206468,4162.693548517113,train,
2023-07-03 12:00:00,32.879612,1144.6962,49899.992,131489.05969381204,127046.20106732324,23.65744529846906,23.524703415614056,4422.718116412867,train,
2023-07-03 13:00:00,33.539776,1099.321,49972.953,134289.02807581268,135782.7827867349,23.671445140379063,23.9849645401104,4497.798211946792,train,
2023-07-03 14:00:00,35.30285,1003.3712,49972.953,137842.53785820014,141590.14878339658,23.689212689291,23.830815559804424,4593.529004901396,train,
2023-07-03 15:00:00,34.613182,765.6589,49899.992,130078.46524949968,135649.05962487657,23.6503923262475,23.820915183619945,4385.016124200544,train,
2023-07-03 16:00:00,34.73869,508.40485,49560.277,122427.30973628469,128401.69990101251,23.612136548681423,23.080775097163865,4182.057095776881,train,
2023-07-03 17:00:00,33.90427,248.90193,48102.91,110531.76868699737,116603.93296792521,23.552658843434987,24.10372739438369,3872.4081267563083,train,
2023-07-03 18:00:00,33.687576,55.205227,42702.97,97877.37412787435,99638.44359278833,23.489386870639372,23.13182247735681,3552.742930406181,train,
2023-07-03 19:00:00,32.33969,0.0,29999.998,79395.05982799275,80957.06265285556,23.396975299139964,23.855543543428123,3110.1797331635826,train,
2023-07-03 20:00:00,30.6178,0.0,17297.02,61272.09520209291,66602.70305352642,23.306360476010465,23.61282363580491,2716.402526395693,train,
2023-07-03 21:00:00,27.930141,0.0,11897.035,47407.26657618168,49937.782843142035,23.23703633288091,23.410236155416314,2454.119807956131,train,
2023-07-03 22:00:00,27.279442,0.0,10439.478,42818.10144692812,42785.816032432136,23.21409050723464,22.957595072962125,2376.9835570250552,train,
2023-07-03 23:00:00,26.08502,0.0,10098.905,38316.58365126174,38702.31221460412,23.19158291825631,23.237059871702165,2306.8039631563242,train,
2023-07-04 00:00:00,24.993183,43.76087,10000.246,35689.7056013409,36603.869862626234,23.178448528006705,23.037172104813248,2268.5633289197253,train,
2023-07-04 01:00:00,23.390924,0.0,10001.102,29255.515136724596,33341.36435477973,23.146277575683623,23.15498944713521,2184.100878925607,train,
2023-07-04 02:00:00,23.767488,0.0,10004.936,29165.738150202713,32476.656378382388,23.145828690751014,23.070867013025346,2183.0199847141967,train,
2023-07-04 03:00:00,22.306067,25.279554,10022.111,25381.83951544397,29859.51269692772,23.12690919757722,22.515326045605498,2140.049999291834,train,
2023-07-04 04:00:00,22.774073,18.146797,10098.905,25637.46667867406,27721.953707083376,23.12818733339337,23.464722578688747,2142.790640246991,train,
2023-07-04 05:00:00,24.012106,0.0,10439.478,28056.77429015958,31400.789504278997,23.140283871450798,23.11595172448599,2169.89961178209,train,
2023-07-04 06:00:00,24.61122,17.220613,11897.035,31024.997809190325,35405.030287746406,23.15512498904595,23.00968486919528,2205.9681412373657,train,
2023-07-04 07:00:00,26.635197,159.23355,17297.02,45549.32877174949,47800.01589403259,23.227746643858747,23.059648474009816,2422.2442520111863,train,
2023-07-04 08:00:00,27.356733,357.8019,29999.998,66098.15275150907,70384.61130775696,23.330490763757545,23.438028636667575,2816.3929444318746,train,
2023-07-04 09:00:00,28.580961,631.3765,42702.97,91141.57012503057,91899.20309021135,23.455707850625153,23.187580949136812,3387.640362312723,train,
2023-07-04 10:00:00,30.236128,882.85834,48102.91,110659.46593603968,112252.38211605976,23.5532973296802,22.876744662137984,3875.6890563001275,train,
2023-07-04 11:00:00,31.397781,1056.4735,49560.277,123003.58322168207,124401.3344930064,23.61501791610841,23.737156857070893,4197.248305358636,train,
2023-07-04 12:00:00,32.565807,1101.3572,49899.992,130231.51789885077,127982.85475661664,23.651157589494254,23.8068884888813,4389.102804539309,train,
2023-07-04 13:00:00,34.282555,1113.8849,49972.953,137423.42453048762,142654.83626202392,23.687117122652438,23.627227575249147,4582.213204197068,train,
2023-07-04 14:00:00,34.86226,974.53613,49972.953,136685.14491330655,137543.59243431018,23.683425724566533,23.33905486200953,4562.29612760663,train,
2023-07-04 15:00:00,35.352062,738.95416,49899.992,131784.17550585023,134839.53215366584,23.65892087752925,23.685601539796036,4430.61643819244,train,
2023-07-04 16:00:00,34.327953,499.75177,49560.277,121735.56378584962,126737.31763949544,23.608677818929248,23.16931810843517,4163.843505852831,train,
2023-07-04 17:00:00,34.706036,286.85815,48102.91,114358.10402243334,119131.34439268996,23.571790520112167,23.263621341105868,3971.1457238491157,train,
2023-07-04 18:00:00,32.961926,57.647205,42702.97,96828.72791305784,,23.48414363956529,23.25893425861404,3526.7863976054587,train,
2023-07-04 19:00:00,32.464,0.0,29999.998,80237.48076765571,82929.26292675943,23.40118740383828,23.654369125105745,3129.5763272280046,train,
2023-07-04 20:00:00,30.214039,0.0,17297.02,60783.25755705052,62637.600541833504,23.303916287785253,23.195133002654178,2706.5003157808915,train,
2023-07-04 21:00:00,28.540047,30.329338,11897.035,50477.5458925387,53277.56303427807,23.252387729462693,23.118027805929756,2508.6220072781025,train,
2023-07-04 22:00:00,27.381239,0.0,10439.478,43818.78326731723,42780.417978902275,23.219093916336586,23.80550167095996,2393.340174385018,train,
2023-07-04 23:00:00,26.24682,3.4734926,10098.905,39445.50262431079,39082.607237530414,23.197227513121554,23.30296626227817,2323.865940530146,train,
2023-07-05 00:00:00,24.677263,0.0,10000.246,34058.10881238267,34087.48941212075,23.170290544061913,23.271988897204363,2245.8760647659274,train,
2023-07-05 01:00:00,23.425137,30.877216,10001.102,30643.25303891664,31448.15259673187,23.153216265194583,23.04230604163195,2201.160616839754,train,
2023-07-05 02:00:00,22.523457,0.0,10004.936,26397.491007698904,30257.437315260097,23.131987455038495,22.95307595474746,2151.0799098014445,train,
2023-07-05 03:00:00,22.294891,0.0,10022.111,24831.985511286093,25899.479206437183,23.12415992755643,22.468237995551284,2134.236339768736,train,
2023-07-05 04:00:00,23.261019,0.0,10098.905,26679.43973415632,28864.798834285153,23.13339719867078,23.42401935824785,2154.2082661793943,train,
2023-07-05 05:00:00,24.055233,60.27455,10439.478,30431.463186493347,36287.8356004386,23.152157315932467,23.28665022765938,2198.514625037507,train,
2023-07-05 06:00:00,24.547142,0.6513113,11897.035,30876.01441996668,33090.77796121013,23.154380072099833,23.10063027413581,2204.086078132111,train,
2023-07-05 07:00:00,25.425755,146.25056,17297.02,42260.20860510857,47006.631254729225,23.211301043025543,23.170133032474666,2367.980723783993,train,
2023-07-05 08:00:00,27.651802,345.3918,29999.998,66633.61849716268,66993.6033654617,23.333168092485813,23.55401137116413,2827.7261541073735,train,
2023-07-05 09:00:00,28.343342,620.95013,42702.97,90463.18739460161,92770.60898668694,23.452315936973008,22.985902915049053,3371.2355963699315,train,
2023-07-05 10:00:00,30.123188,830.5787,48102.91,108900.81102591153,108261.66254196751,23.544504055129558,23.367539655663418,3830.593684781925,train,
2023-07-05 11:00:00,32.10391,1056.572,49560.277,124899.91751076702,126459.92503929911,23.624499587553835,23.283608728686076,4247.350992651392,train,
2023-07-05 12:00:00,32.198086,1101.6116,49899.992,129449.55691710475,136120.2195637097,23.647247784585524,24.178700569331546,4368.2340834061615,train,
2023-07-05 13:00:00,34.2062,1079.9799,49972.953,136215.0432120231,131356.38368526346,23.681075216060115,23.943771875616104,4549.624621606488,train,
2023-07-05 14:00:00,34.4184,965.22894,49972.953,135159.03033600978,140123.1425589448,23.67579515168005,23.01498735933944,4521.190897676559,train,
2023-07-05 15:00:00,34.89921,763.8007,49899.992,131279.74803253438,135329.85433753306,23.656398740162672,23.202270252170678,4417.118406737263,train,
2023-07-05 16:00:00,34.620773,545.28796,49560.277,123974.18107802451,124465.16257766775,23.619870905390123,23.580167203382878,4222.87080273244,train,
2023-07-05 17:00:00,34.1325,250.33015,48102.91,111931.76109251866,109279.94109285092,23.559658805462593,23.417926741840866,3908.4328351841236,train,
2023-07-05 18:00:00,33.37581,70.79381,42702.97,98259.19595119217,101516.13683561193,23.49129597975596,23.093981317332894,3562.215971846359,train,
2023-07-05 19:00:00,31.552153,0.0,29999.998,77962.30360255692,79332.84979885226,23.389811518012785,23.97324018930793,3077.386668053843,train,
2023-07-05 20:00:00,30.976807,0.0,17297.02,62758.95043254636,66398.0615123736,23.313794752162732,23.407556726357505,2746.783077247879,train,
2023-07-05 21:00:00,29.145937,0.0,11897.035,51300.06016659294,54355.20610939894,23.256500300832965,23.39894519769189,2523.593976016437,train,
2023-07-05 22:00:00,27.64008,0.0,10439.478,44545.02321864311,51397.903548933275,23.222725116093216,23.01512063132355,2405.3758924946655,train,
2023-07-05 23:00:00,26.321445,5.193518,10098.905,39737.32988058885,42180.02948856716,23.198686649402944,23.415368893556344,2328.336283150453,train,
2023-07-06 00:00:00,24.947718,21.151,10000.246,35467.11089792112,36148.45997995845,23.177335554489606,23.063205726195,2265.4192459456353,train,
2023-07-06 01:00:00,24.016802,18.447819,10001.102,31957.459926192656,35355.07822284182,23.159787299630963,23.07478434751871,2217.915985884224,train,
2023-07-06 02:00:00,23.110004,0.0,10004.936,28059.277216129176,31536.654343253645,23.140296386080646,23.323596974028224,2169.928739406533,train,
2023-07-06 03:00:00,22.304613,5.9363236,10022.111,25180.089553521157,31085.902013831103,23.125900447767606,22.637201178249516,2137.903931174413,train,
2023-07-06 04:00:00,23.02575,21.629519,10098.905,26803.72096058079,31603.883692319523,23.134018604802904,23.613126962758198,2155.5963238972668,train,
2023-07-06 05:00:00,23.371365,0.0,10439.478,26807.532452455973,30576.817618762972,23.13403766226228,23.18875442667944,2155.6389810379965,train,
2023-07-06 06:00:00,24.063585,0.0,11897.035,29351.4520529925,35549.147888113555,23.146757260264962,23.53104052289909,2185.2590152787852,train,
2023-07-06 07:00:00,25.978704,113.18262,17297.02,42554.83753902993,42734.23000840449,23.21277418769515,22.890148260709505,2372.724758200139,train,
2023-07-06 08:00:00,27.094988,385.85672,29999.998,66334.97626340557,67529.9814920414,23.331674881317028,23.05472534410857,2821.399682476753,train,
2023-07-06 09:00:00,28.463402,632.4921,42702.97,91125.2058052348,90986.66688349246,23.455626029026174,23.10705596254623,3387.2441334721884,train,
2023-07-06 10:00:00,30.011036,849.61414,48102.91,109232.4502780876,110735.9382371184,23.546162251390438,23.62125155318989,3839.082621457813,train,
2023-07-06 11:00:00,31.982689,1046.706,49560.277,124309.2958764386,121483.53470969615,23.621546479382193,23.641341469957666,4231.727890255511,train,
2023-07-06 12:00:00,33.261433,1107.1105,49899.992,132443.24589390217,138268.56780027822,23.66221622946951,23.522892683700157,4448.268432167889,train,
2023-07-06 13:00:00,34.600456,1107.7196,49972.953,138311.33572370716,140287.73487292172,23.691556678618536,23.387335920752953,4606.193985353681,train,
2023-07-06 14:00:00,34.66531,957.9524,49972.953,135788.14111048842,132113.43848582052,23.678940705552442,23.29896182463319,4538.124870430266,train,
2023-07-06 15:00:00,35.292057,762.46204,49899.992,132398.1686621053,130881.82699201233,23.661990843310527,23.64744567316933,4447.060552609032,train,
2023-07-06 16:00:00,35.231785,475.83228,49560.277,123526.5609316862,127846.78297331509,23.61763280465843,23.47795677078185,4211.048578447965,train,
2023-07-06 17:00:00,34.53154,258.6691,48102.91,113152.69875253123,119454.8727485974,23.565763493762656,23.36008139605518,3939.94668891382,train,
2023-07-06 18:00:00,32.17184,42.014275,42702.97,94184.80595678104,104096.98532671553,23.470924029783905,23.93505087562339,3461.7480997040852,train,
2023-07-06 19:00:00,32.366795,0.0,29999.998,79796.64881360336,91886.19729477102,23.398983244068017,23.374285540610195,3119.415753902226,train,
2023-07-06 20:00:00,30.564085,0.0,17297.02,61677.46213492577,65806.58133560563,23.30838731067463,23.689400190852705,2724.6464728226083,train,
2023-07-06 21:00:00,29.04483,0.0,11897.035,50872.295128787926,51382.82658599137,23.25436147564394,23.09438582083913,2515.788419264118,train,
2023-07-06 22:00:00,27.4709,15.672308,10439.478,44470.33773297875,42344.61741164626,23.222351688664894,23.29578457380449,2404.1318275578556,train,
2023-07-06 23:00:00,26.028425,0.0,10098.905,38734.716251648395,42353.95435807059,23.193673581258242,23.17703077638134,2313.080288011236,train,
2023-07-07 00:00:00,24.778826,23.517508,10000.246,34972.829439264075,36136.80797420207,23.17486414719632,22.665577454340884,2258.4926209950454,train,
2023-07-07 01:00:00,23.553982,0.0,10001.102,30044.736993650644,32133.558502957636,23.150223684968253,23.578725176847428,2193.722315817541,train,
2023-07-07 02:00:00,22.337492,4.6805344,10004.936,25944.518778816673,27630.889133780103,23.129722593894083,23.08917651178436,2146.114220911351,train,
2023-07-07 03:00:00,22.850134,15.077566,10022.111,26702.782093350663,29399.45255704659,23.133513910466753,23.35743937635664,2154.4685456911343,train,
2023-07-07 04:00:00,22.776653,0.0,10098.905,25462.146629571693,30744.312670528452,23.12731073314786,22.90170211640939,2140.908409971624,train,
2023-07-07 05:00:00,24.129614,0.0,10439.478,28626.607892513788,31968.43788699343,23.14313303946257,23.09367972498864,2176.5877908985335,train,
2023-07-07 06:00:00,24.535553,0.0,11897.035,30583.642275357903,33234.57990548689,23.15291821137679,22.892862503399783,2200.4143376519687,train,
2023-07-07 07:00:00,25.92709,126.68861,17297.02,42800.821460770065,43339.37961414182,23.21400410730385,23.58480365213287,2376.703449306422,train,
2023-07-07 08:00:00,27.000944,390.45502,29999.998,66176.95402476755,64457.600524871545,23.330884770123838,23.42430757435904,2818.0578985529337,train,
2023-07-07 09:00:00,28.689451,634.82306,42702.97,91734.90186772711,93080.47099685951,23.458674509338636,23.5687905673429,3402.023368322647,train,
2023-07-07 10:00:00,30.442001,881.3442,48102.91,111384.6692817269,114175.2217009254,23.556923346408635,23.96437859054013,3894.3407780906523,train,
2023-07-07 11:00:00,31.299551,1052.7559,49560.277,122837.82333816902,133250.5360570403,23.614189116690845,23.961091505760553,4192.877026364272,train,
2023-07-07 12:00:00,33.256615,1121.2332,49899.992,132841.38465829755,136422.270994524,23.664206923291488,23.893809684132375,4458.940471697329,train,
2023-07-07 13:00:00,34.047424,1102.4526,49972.953,136774.43781462556,144260.35274288835,23.683872189073128,23.257353984961888,4564.703950483118,train,
2023-07-07 14:00:00,34.214966,938.504,49972.953,133946.38947184346,134705.25448704086,23.669731947359217,23.461028211504214,4488.593513260975,train,
2023-07-07 15:00:00,33.934406,728.9744,49899.992,127636.57428647477,125517.67405119892,23.638182871432374,23.337016430628967,4319.952035153645,train,
2023-07-07 16:00:00,34.894478,532.20374,49560.277,124080.73022364902,123002.44952696285,23.620403651118245,23.838663759205986,4225.686317221212,train,
2023-07-07 17:00:00,33.970818,241.81454,48102.91,111204.25005774663,111383.34004140548,23.556021250288733,23.607216832813748,3889.6975085236713,train,
2023-07-07 18:00:00,32.92434,62.569435,42702.97,96702.45294773352,107202.47115364515,23.483512264738668,23.06635853464949,3523.666835201329,train,
2023-07-07 19:00:00,31.799238,21.95138,29999.998,79167.62367230348,79617.25290291889,23.395838118361517,23.33921485445815,3104.957547878476,train,
2023-07-07 20:00:00,31.173204,7.3525558,17297.02,63557.77462602745,68874.74222001147,23.317788873130137,22.869555172414504,2763.264671339249,train,
2023-07-07 21:00:00,28.87378,16.154068,11897.035,51120.70532604207,51845.0433113137,23.25560352663021,23.23965658020928,2520.3162225658953,train,
2023-07-07 22:00:00,27.375433,0.0,10439.478,43859.03461266736,49089.223795851074,23.219295173063337,22.72268342186718,2394.0036393956543,train,
2023-07-07 23:00:00,25.298872,0.0,10098.905,36850.11042418864,40729.80024849469,23.184250552120943,23.34289880013633,2285.1996793381986,train,
2023-07-08 00:00:00,25.326923,0.0,10000.037,35669.55014412301,38314.25184546767,23.178347750720615,23.291736538530838,2268.2780091372606,train,
2023-07-08 01:00:00,24.08147,0.0,10000.165,31514.24275140471,34424.06785509617,23.157571213757024,23.729955761761087,2212.200882961359,train,
2023-07-08 02:00:00,23.541847,0.0,10000.74,29102.27276293753,30673.357365322758,23.145511363814688,23.399873350663892,2182.257558578174,train,
2023-07-08 03:00:00,22.929697,0.0,10003.316,26619.593110464735,30580.228260742217,23.133097965552324,23.006223688805573,2153.541841625101,train,
2023-07-08 04:00:00,23.481735,0.0,10014.836,27253.98444455749,29270.914566617805,23.136269922222787,23.381690950205133,2160.6715857098143,train,
2023-07-08 05:00:00,23.862854,19.931879,10065.922,28306.83602876647,28643.814603275743,23.141534180143832,22.722235015860278,2172.8205791927517,train,
2023-07-08 06:00:00,24.913263,8.6500845,10284.556,30400.989135723223,30591.909637383957,23.152004945678616,22.863263164574292,2198.135147434599,train,
2023-07-08 07:00:00,25.84975,148.05748,11094.553,37594.753778309096,,23.187973768891545,23.287916528514078,2296.089928658396,train,
2023-07-08 08:00:00,26.768158,334.23572,13000.0,47840.79999415951,54728.01720020543,23.239203999970798,22.59172910114642,2461.6798999205917,train,
2023-07-08 09:00:00,29.32217,623.9094,14905.445,66318.30408621582,69769.64793452574,23.33159152043108,23.320443284950915,2821.046917579467,train,
2023-07-08 10:00:00,29.689558,894.4829,15715.437,78425.91974485842,81059.56808232462,23.392129598724292,23.086050611088766,3087.970595560177,train,
2023-07-08 11:00:00,31.814653,1020.2928,15934.041,90312.49004101766,94275.03736414129,23.45156245020509,23.481954566751067,3367.597254968002,train,
2023-07-08 12:00:00,33.07146,1129.2892,15984.999,99426.85599831051,107117.04441967965,23.497134279991553,23.173813372577374,3591.2574015709174,train,
2023-07-08 13:00:00,33.689636,1068.1818,15995.943,101466.5988173313,105265.64288213689,23.507332994086656,23.634607435323215,3642.241563653011,train,
2023-07-08 14:00:00,34.95143,956.9802,15995.943,103045.86442472115,104532.85931360742,23.515229322123606,23.521027549223824,3681.9295427172706,train,
2023-07-08 15:00:00,34.830498,807.3611,15984.999,99380.57474491018,106352.26658269472,23.49690287372455,23.91701264878895,3590.1042844137287,train,
2023-07-08 16:00:00,34.531437,516.06604,15934.041,90058.60586720474,94499.85883621835,23.450293029336024,23.45231338956651,3361.4724811710225,train,
2023-07-08 17:00:00,34.314716,275.4475,15715.437,81440.34382520503,89289.36457194974,23.407201719126025,23.176608877637584,3157.4161338238023,train,
2023-07-08 18:00:00,32.96264,48.519867,14905.445,69195.89912157065,72724.08697421134,23.345979495607853,23.27191373885967,2882.5796103001776,train,
2023-07-08 19:00:00,32.46622,0.0,13000.0,63133.634041719946,62760.834111053206,23.3156681702086,22.91239725110358,2754.4999859470754,train,
2023-07-08 20:00:00,30.604124,0.0,11094.553,55261.71515469898,54707.53578054978,23.276308575773495,23.398149752185127,2597.7820242767057,train,
2023-07-08 21:00:00,28.720896,16.59331,10284.556,48783.545488707605,55875.00021022868,23.243917727443538,23.42087280133812,2478.2757875999037,train,
2023-07-08 22:00:00,26.580008,6.008564,10065.922,41426.35220199438,48485.03724035514,23.207131761009972,23.94789057201782,2354.6822271991005,train,
2023-07-08 23:00:00,25.387527,29.110054,10014.836,37744.98121595755,40332.39094440408,23.188724906079788,23.002174108898465,2298.3070391689816,train,
2023-07-09 00:00:00,25.118193,0.0,10000.037,35168.7190462961,37302.244904896375,23.17584359523148,23.095505223128924,2261.2286305063403,train,
2023-07-09 01:00:00,23.709707,7.117588,10000.165,30719.901523925586,36938.180089194095,23.153599507619628,22.98087195028816,2202.121957266608,train,
2023-07-09 02:00:00,23.017296,0.0,10000.74,27674.06532986243,28276.78902539378,23.138370326649312,23.20200443698868,2165.471889148724,train,
2023-07-09 03:00:00,23.5834,13.296957,10003.316,28714.920483300688,29766.53206347853,23.143574602416503,23.258081762760387,2177.6344947043003,train,
2023-07-09 04:00:00,22.617485,0.0,10014.836,25105.130503547458,29479.990880762347,23.125525652517737,23.109513199189184,2137.1103901858073,train,
2023-07-09 05:00:00,23.495686,0.7508651,10065.922,26632.94075350322,28783.083503193364,23.133164703767516,23.459062478829427,2153.6903630423876,train,
2023-07-09 06:00:00,24.494425,0.0,10284.556,28906.05701122766,31894.891806845164,23.14453028505614,22.959436433929707,2179.909199655506,train,
2023-07-09 07:00:00,26.160635,135.6024,11094.553,37901.15565781704,40525.135818031136,23.189505778289085,23.485357992656297,2300.6190123917236,train,
2023-07-09 08:00:00,27.107773,392.88458,13000.0,50555.63154801846,54402.95608527111,23.252778157740092,23.41432751383242,2510.0367911839658,train,
2023-07-09 09:00:00,28.680733,638.8513,14905.445,65289.96370938671,72230.03350494956,23.326449818546934,23.32284084257725,2799.3751847610088,train,
2023-07-09 10:00:00,29.836954,877.0338,15715.437,78307.65905621745,81587.13779848587,23.391538295281087,23.297057303053943,3085.2683060275835,train,
2023-07-09 11:00:00,32.217842,1017.61523,15934.041,91336.41526165447,96520.88749564411,23.456682076308272,24.184682403927685,3392.3600453908853,train,
2023-07-09 12:00:00,33.491196,1057.5505,15984.999,98365.71139257443,94057.1334271139,23.491828556962872,23.24672596174025,3564.8607069548343,train,
2023-07-09 13:00:00,33.9317,1062.293,15995.943,101750.40759220408,104572.61658830874,23.50875203796102,23.598131991051545,3649.3603413011565,train,
2023-07-09 14:00:00,34.78699,964.2923,15995.943,102726.33231514234,102628.40145458943,23.51363166157571,23.288565940503073,3673.884785323153,train,
2023-07-09 15:00:00,34.409042,730.26056,15984.999,95713.32085352112,94448.35699047332,23.478566604267606,24.014252828853998,3499.2764694902535,train,
2023-07-09 16:00:00,34.53293,509.56015,15934.041,89420.84261584356,89482.44475447643,23.447104213079218,23.71315211171898,3346.1139228536017,train,
2023-07-09 17:00:00,34.673435,212.04424,15715.437,80081.03398404174,82036.57486093717,23.40040516992021,23.196900206267866,3125.9678187015816,train,
2023-07-09 18:00:00,33.223034,46.30568,14905.445,69333.81573855683,74976.70806442108,23.346669078692784,23.500447576722152,2885.560639525937,train,
2023-07-09 19:00:00,32.850246,26.643356,13000.0,64633.87055256078,63939.019539635374,23.323169352762804,23.40047806914577,2785.63879574231,train,
2023-07-09 20:00:00,30.164137,10.054185,11094.553,54194.633238657276,57273.584996888516,23.270973166193286,23.115985737600866,2577.470163684794,train,
2023-07-09 21:00:00,29.158215,0.0,10284.556,49091.892431466986,50889.336752523355,23.245459462157335,23.472908727325787,2483.749687921964,train,
2023-07-09 22:00:00,27.294985,13.581822,10065.922,43289.783022913754,45508.394000912696,23.21644891511457,23.333240532445892,2384.660307623259,train,
2023-07-09 23:00:00,26.152428,0.0,10014.836,38705.552013671964,44024.57074045647,23.19352776006836,23.258237374234145,2312.6408672802527,train,
2023-07-10 00:00:00,24.694588,0.0,10000.246,33778.41072060264,37984.903803606285,23.168892053603013,23.156316140230313,2242.071124591892,train,
2023-07-10 01:00:00,23.519482,22.497063,10001.102,30353.434940788306,36292.425603872354,23.15176717470394,23.281083522483836,2197.5436085398173,train,
2023-07-10 02:00:00,22.797512,7.5966315,10004.936,27092.57399757661,29759.020360686834,23.135462869987883,23.204279168435622,2158.843859391584,train,
2023-07-10 03:00:00,24.166529,0.0,10022.111,29617.051918067005,31093.994146947196,23.148085259590335,23.165813259497842,2188.48184545491,train,
2023-07-10 04:00:00,23.11362,0.0,10098.905,26321.96329770835,28840.61159952695,23.13160981648854,22.939305041692272,2150.246771108217,train,
2023-07-10 05:00:00,22.937296,30.85524,10439.478,26308.640677056163,29830.03303399373,23.13154320338528,23.639673075614027,2150.100024846986,train,
2023-07-10 06:00:00,24.438032,0.0,11897.035,30070.38377625193,33457.79253254876,23.15035191888126,22.835225935876696,2194.038555359948,train,
2023-07-10 07:00:00,26.211329,177.63943,17297.02,45067.75550769362,45449.90876713285,23.225338777538468,23.353629643202392,2414.123511308219,train,
2023-07-10 08:00:00,27.187195,387.2584,29999.998,66702.79511836413,69958.80823201241,23.33351397559182,23.23744175290139,2829.193628746929,train,
2023-07-10 09:00:00,29.484291,649.39014,42702.97,94339.4407480639,98130.37415364817,23.47169720374032,23.99956138457511,3465.535611213902,train,
2023-07-10 10:00:00,30.893988,830.24915,48102.91,111140.36460067851,123928.43917237206,23.555701823003393,23.284657061836242,3888.0538292588717,train,
2023-07-10 11:00:00,31.879177,1022.8168,49560.277,123347.82660907635,134242.45565830043,23.61673913304538,23.396160154517283,4206.330668916138,train,
2023-07-10 12:00:00,32.993866,1139.948,49899.992,132661.1720164834,131860.7330413709,23.663305860082417,23.37236044110387,4454.109103368293,train,
2023-07-10 13:00:00,33.734344,1111.0925,49972.953,136135.07557476012,137828.208374762,23.6806753778738,23.777714893158983,4547.469947297187,train,
2023-07-10 14:00:00,34.45568,961.9381,49972.953,135257.5249487444,131637.14588118272,23.676287624743722,23.26437242687313,4523.841094659956,train,
2023-07-10 15:00:00,34.350857,739.55115,49899.992,129141.96369025746,129566.4619990461,23.645709818451287,23.50215127002396,4360.032351622887,train,
2023-07-10 16:00:00,35.217426,483.6377,49560.277,123513.61487760783,127842.53501228553,23.61756807438804,22.971858327531752,4210.70679982834,train,
2023-07-10 17:00:00,34.772545,243.16309,48102.91,113264.48999357481,121018.97374906231,23.566322449967874,23.638448856206303,3942.836570814741,train,
2023-07-10 18:00:00,32.680298,47.250713,42702.97,95626.18626417105,96076.48399836713,23.478130931320855,23.328066473693976,3497.1317889789257,train,
2023-07-10 19:00:00,31.46744,0.0,29999.998,77429.94118490358,78424.80828318076,23.387149705924518,22.94073268274496,3065.2660916644522,train,
2023-07-10 20:00:00,29.785624,0.0,17297.02,59416.80575544907,56664.10618186797,23.297084028777245,23.622766849669464,2679.0522812298177,train,
2023-07-10 21:00:00,28.554571,11.335277,11897.035,49741.448823782266,52335.539801771585,23.24870724411891,22.85640717460343,2495.3537941502514,train,
2023-07-10 22:00:00,26.144665,25.349731,10439.478,41161.32208798291,41664.12181707059,23.205806610439915,23.44488971744838,2350.495478070018,train,
2023-07-10 23:00:00,25.483202,8.295153,10098.905,37343.916400202914,39130.227895325195,23.186719582001015,22.976407334804673,2292.402949504037,train,
2023-07-11 00:00:00,25.228788,2.33354,10000.246,35403.07934811935,36417.41263211841,23.177015396740597,23.657486810109223,2264.5176582655104,train,
2023-07-11 01:00:00,23.61824,27.319155,10001.102,31049.179807045846,33841.21075351464,23.15524589903523,23.380111060713073,2206.274327916009,train,
2023-07-11 02:00:00,23.498941,0.0,10004.936,28933.603880827974,28101.337505801595,23.14466801940414,22.84225365814193,2180.238081077247,train,
2023-07-11 03:00:00,22.757074,0.0,10022.111,26136.77057986763,25985.245388346735,23.130683852899338,22.855559087236248,2148.2126753909097,train,
2023-07-11 04:00:00,23.861374,0.0,10098.905,28278.688310367528,35904.45783460781,23.141393441551838,23.32305100311913,2172.490688426403,train,
2023-07-11 05:00:00,23.836197,0.0,10439.478,27969.800957947657,28177.52449238608,23.13984900478974,23.061135565576688,2168.888837415253,train,
2023-07-11 06:00:00,24.55722,0.0,11897.035,30572.223956469457,31158.997877631187,23.152861119782347,23.102058367675937,2200.27152639852,train,
2023-07-11 07:00:00,26.973633,157.8896,17297.02,46573.08631468098,54054.60840662413,23.232865431573405,23.614537090105035,2439.7022629794915,train,
2023-07-11 08:00:00,27.269958,383.5888,29999.998,66945.43351990561,78179.40144685812,23.334727167599528,23.11012050558854,2834.346831679442,train,
2023-07-11 09:00:00,28.464172,625.05914,42702.97,90905.10880091642,89942.96729857392,23.454525544004582,23.481913675657218,3381.9173445688775,train,
2023-07-11 10:00:00,30.58634,893.1994,48102.91,112108.95174031492,113667.99327340552,23.560544758701575,23.846933096797265,3913.000811944847,train,
2023-07-11 11:00:00,31.937128,1001.30194,49560.277,122990.97445498646,127424.45432643412,23.614954872274932,23.85769011879061,4196.9157506016745,train,
2023-07-11 12:00:00,33.621834,1104.7583,49899.992,133240.99650057376,143967.6845680275,23.66620498250287,23.618321182246667,4469.658469460426,train,
2023-07-11 13:00:00,33.780163,1063.6593,49972.953,134756.7091762606,133305.61904598915,23.673783545881303,23.587111781625506,4510.3695637069195,train,
2023-07-11 14:00:00,35.070103,990.4536,49972.953,137592.27494191323,139467.24156422916,23.687961374709566,23.166316735953288,4586.771273054929,train,
2023-07-11 15:00:00,35.293762,748.36804,49899.992,132017.33633480757,138466.2736951593,23.660086681674038,23.34321318387448,4436.859180055631,train,
2023-07-11 16:00:00,34.481144,507.252,49560.277,122436.7037784198,127255.02793271499,23.6121835188921,23.70769128686452,4182.304602597958,train,
2023-07-11 17:00:00,34.21411,241.25124,48102.91,111706.47759691902,113238.48047171246,23.558532387984595,23.517167731301925,3902.6277587543336,train,
2023-07-11 18:00:00,32.863003,71.31604,42702.97,96815.24982442084,99343.32938082847,23.484076249122104,23.506554372691973,3526.4533654521106,train,
2023-07-11 19:00:00,32.890987,10.959385,29999.998,81711.60878876406,80361.82688305867,23.40855804394382,23.72033412683404,3163.7174826085884,train,
2023-07-11 20:00:00,30.22392,9.725752,17297.02,61210.46798277874,63563.790115106174,23.306052339913894,22.949855407195212,2715.151791632229,train,
2023-07-11 21:00:00,28.771433,3.1429064,11897.035,50283.41845461739,52616.088285234044,23.251417092273087,23.180563001603293,2505.1107668791697,train,
2023-07-11 22:00:00,26.973413,17.185072,10439.478,43239.89442264491,46793.351581675925,23.216199472113225,23.27281276113659,2383.8455534520963,train,
2023-07-11 23:00:00,25.814213,10.268557,10098.905,38493.377776437395,40210.87651134775,23.192466888882187,22.981218907609833,2309.451475865118,train,
2023-07-12 00:00:00,24.718752,12.42647,10000.246,34530.49799653627,38592.57189532963,23.17265248998268,23.602095624160906,2252.3587109294817,train,
2023-07-12 01:00:00,24.074707,0.0,10001.102,31464.217435275543,36703.89914858663,23.157321087176378,23.429897127660322,2211.5599202673366,train,
2023-07-12 02:00:00,22.923994,24.414097,10004.936,28265.35315951304,31602.99764997628,23.141326765797565,23.228366763924193,2172.334497794664,train,
2023-07-12 03:00:00,22.889435,21.824917,10022.111,27247.79071201553,31007.796058062162,23.136238953560078,23.674508487358654,2160.6012794630155,train,
2023-07-12 04:00:00,22.601593,13.894058,10098.905,25577.459328934536,28691.325798194186,23.127887296644673,22.67821871276163,2142.1451358745444,train,
2023-07-12 05:00:00,23.43663,0.0,10439.478,26943.05794373051,29943.239993058596,23.134715289718653,23.132397405386946,2157.15913511806,train,
2023-07-12 06:00:00,25.823425,0.8824542,11897.035,34079.336270763604,35458.597253993365,23.170396681353818,23.280297772034036,2246.165854203604,train,
2023-07-12 07:00:00,26.380241,116.3438,17297.02,44009.8497028437,47768.326083524895,23.22004924851422,22.94568273447604,2396.4933097716344,train,
2023-07-12 08:00:00,27.098259,361.76025,29999.998,65693.05082183305,68419.88468786223,23.328465254109165,23.418679616654483,2807.849574612562,train,
2023-07-12 09:00:00,28.428785,669.02106,42702.97,92147.73200252253,102289.72658114717,23.460738660012613,23.12876391187625,3412.0498328552944,train,
2023-07-12 10:00:00,30.126425,859.2693,48102.91,109979.6018195839,119049.9715541649,23.54989800909792,23.757065204580197,3858.232954961999,train,
2023-07-12 11:00:00,31.955067,1018.99585,49560.277,123485.82172973579,128110.22532979384,23.61742910864868,23.93477953908735,4209.973082032862,train,
2023-07-12 12:00:00,33.220276,1113.1405,49899.992,132515.1571246103,132119.40334725787,23.66257578562305,23.74427580596155,4450.195521657913,train,
2023-07-12 13:00:00,33.862152,1078.775,49972.953,135486.40723509563,133447.18205257595,23.677432036175478,23.121592691655994,4530.001091713639,train,
2023-07-12 14:00:00,34.244667,934.6278,49972.953,133756.55756104266,142097.0420459217,23.668782787805213,23.378744731455402,4483.495848277599,train,
2023-07-12 15:00:00,35.532696,761.02454,49899.992,132810.62423843011,136981.99068790366,23.66405312119215,23.8334661221561,4458.115714014311,train,
2023-07-12 16:00:00,34.939972,491.92267,49560.277,123205.15123302584,128222.98542540256,23.61602575616513,23.62238534921884,4202.565687924162,train,
2023-07-12 17:00:00,34.010067,249.32346,48102.91,111415.6150506993,107620.21292878366,23.557078075253497,22.74887728994575,3895.1373980147414,train,
2023-07-12 18:00:00,33.11812,73.213486,42702.97,97517.50393266008,103804.1838170096,23.4875875196633,23.860436634823774,3543.825223671554,train,
2023-07-12 19:00:00,31.751932,5.5292506,29999.998,78522.38761144648,82926.62651609395,23.392611938057232,23.43360888993338,3090.1761795376683,train,
2023-07-12 20:00:00,29.34224,27.058577,17297.02,59208.73233086752,59238.43785257387,23.296043661654338,23.050321262454325,2674.9030983954326,train,
2023-07-12 21:00:00,29.010008,10.966291,11897.035,51060.9368753471,52873.05953526662,23.255304684376735,23.553791363646734,2519.2255451089254,train,
2023-07-12 22:00:00,26.98261,0.0,10439.478,42778.190413373806,46404.87129037668,23.21389095206687,23.0106289481948,2376.3367222551983,train,
2023-07-12 23:00:00,25.56267,0.0,10098.905,37440.3909559625,40560.74028326659,23.187201954779812,22.98066631949855,2293.8187782477034,train,
2023-07-13 00:00:00,24.47461,1.9265727,10000.246,33443.37379560116,35789.627247602235,23.167216868978006,23.274722664282216,2237.54627343192,train,
2023-07-13 01:00:00,24.070122,0.0,10001.102,31315.87215004643,34087.19783865461,23.156579360750232,23.69089089852292,2209.664106525299,train,
2023-07-13 02:00:00,22.709587,9.219221,10004.936,27131.349238089795,29587.259000801834,23.13565674619045,23.622732899582314,2159.282079843038,train,
2023-07-13 03:00:00,22.399641,30.152218,10022.111,26040.11909119066,29367.69460917714,23.130200595455953,23.238114045127187,2147.156031138644,train,
2023-07-13 04:00:00,23.43374,0.0,10098.905,27209.99856263333,33388.67518944331,23.136049992813167,23.274765690468264,2160.172590234553,train,
2023-07-13 05:00:00,24.078949,0.0,10439.478,28614.234386145654,26028.052813029513,23.14307117193073,23.380520851556177,2176.4413542649736,train,
2023-07-13 06:00:00,24.34714,38.367256,11897.035,31326.401535401517,33803.01019335327,23.156632007677008,22.7795369050662,2209.798427423073,train,
2023-07-13 07:00:00,26.198313,155.40228,17297.02,44593.54502565205,48018.26655079121,23.22296772512826,23.416212226273856,2406.1849122956805,train,
2023-07-13 08:00:00,27.303787,382.3884,29999.998,66998.29166646367,70837.5739457018,23.33499145833232,23.11476941788926,2835.470680081542,train,
2023-07-13 09:00:00,29.09387,647.614,42702.97,93390.94842249267,95110.69319015423,23.466954742112463,23.56249816215144,3442.336753213929,train,
2023-07-13 10:00:00,30.021885,864.03973,48102.91,109975.36588739508,106197.71491793926,23.549876829436975,23.481636541154774,3858.124284138573,train,
2023-07-13 11:00:00,32.30651,1060.1981,49560.277,125823.89005284682,130225.02925819845,23.629119450264234,23.779481948398498,4271.8246894304775,train,
2023-07-13 12:00:00,33.6973,1124.6864,49899.992,134424.25596042967,145199.8059656658,23.67212127980215,23.707552319304085,4501.432275561146,train,
2023-07-13 13:00:00,34.424335,1032.8312,49972.953,135798.2157284809,131836.94499301614,23.678991078642404,22.757081997396014,4538.396176573298,train,
2023-07-13 14:00:00,34.992245,969.848,49972.953,136937.53470395648,143884.45362186394,23.684687673519782,23.73835518703134,4569.102709473443,train,
2023-07-13 15:00:00,33.464443,758.34875,49899.992,127554.95938509042,129136.45910924842,23.637774796925452,23.83042068261523,4317.781941849178,train,
2023-07-13 16:00:00,34.87316,469.63257,49560.277,122171.30990097331,124915.26150813737,23.610856549504867,23.7446350540064,4175.313888395421,train,
2023-07-13 17:00:00,34.15933,270.62073,48102.91,112513.55285812821,111382.57031057037,23.56256776429064,23.531791980428068,3923.4384943672726,train,
2023-07-13 18:00:00,33.157177,48.293663,42702.97,97004.54979050193,98823.5408403654,23.48502274895251,23.977671256531632,3531.132171422102,train,
2023-07-13 19:00:00,31.721123,0.0,29999.998,78281.8901227401,85292.11130100024,23.3914094506137,23.4848213893502,3084.6797060748263,train,
2023-07-13 20:00:00,30.548414,0.0,17297.02,61593.450562867954,66179.98321622101,23.30796725281434,23.43926924287227,2722.9355183361236,train,
2023-07-13 21:00:00,29.1382,0.0,11897.035,51167.5861193595,58535.042125052016,23.255837930596797,23.56918549881197,2521.172283354286,train,
2023-07-13 22:00:00,27.314924,0.22755897,10439.478,43633.35076174692,49447.70566155655,23.218166753808735,23.326944653717714,2390.289181004649,train,
2023-07-13 23:00:00,25.788025,12.555522,10098.905,38465.37426912064,42479.239246554236,23.192326871345603,22.92292154532134,2309.0315103733806,train,
2023-07-14 00:00:00,25.230751,5.0170646,10000.246,35616.37871276062,42570.795450351856,23.178081893563803,22.446580669429917,2267.525918120829,train,
2023-07-14 01:00:00,23.343191,0.0,10001.102,29513.264307340847,33473.438739813195,23.147566321536704,23.00443005093128,2187.2195804416765,train,
2023-07-14 02:00:00,23.597998,0.0,10004.936,29129.319661650756,33936.47200876775,23.145646598308254,23.37393025607259,2182.58230945721,train,
2023-07-14 03:00:00,23.052216,0.0,10022.111,26932.496958468022,29292.781418819337,23.13466248479234,23.028733585367,2157.0404384656536,train,
2023-07-14 04:00:00,22.864214,11.275867,10098.905,26046.164341034484,29189.052982279507,23.130230821705172,23.37058433338969,2147.2220214016434,train,
2023-07-14 05:00:00,23.669346,0.0,10439.478,27430.193356012467,28921.89054736619,23.137150966780062,23.181769419556144,2162.677497176453,train,
2023-07-14 06:00:00,24.370853,0.0,11897.035,30082.462592202573,35253.79536270037,23.150412312961013,23.536832134039667,2194.1875717563757,train,
2023-07-14 07:00:00,26.251516,137.34677,17297.02,43985.777201029916,44162.44916961156,23.21992888600515,23.131363873868953,2396.0955190435916,train,
2023-07-14 08:00:00,27.567738,369.6012,29999.998,67106.78499339835,72326.92221137998,23.33553392496699,23.475818372937297,2837.7788026791613,train,
2023-07-14 09:00:00,28.758772,640.9189,42702.97,92138.22553761944,94487.75868039402,23.460691127688097,23.612456647048706,3411.8187737186604,train,
2023-07-14 10:00:00,30.093517,895.70984,48102.91,110919.96994596584,118467.2024657119,23.55459984972983,24.005080411519188,3882.3853182718185,train,
2023-07-14 11:00:00,32.102177,1020.9665,49560.277,123961.20088490008,130131.76609692402,23.6198060044245,23.107814812524218,4222.527843880239,train,
2023-07-14 12:00:00,33.607086,1099.6777,49899.992,133122.76503532132,144254.656898594,23.665613825176607,23.528091342810658,4466.486708094454,train,
2023-07-14 13:00:00,34.13211,1070.4954,49972.953,135911.49388734394,142230.26840803068,23.67955746943672,23.934112301053272,4541.446988969547,train,
2023-07-14 14:00:00,34.944386,910.7195,49972.953,134810.29796243008,130717.55009028505,23.67405148981215,24.137820433745745,4511.81058922549,train,
2023-07-14 15:00:00,34.83108,773.2805,49899.992,131269.64201455208,133973.92002092165,23.65634821007276,23.728369663865383,4416.84808694682,train,
2023-07-14 16:00:00,34.804073,505.87912,49560.277,123121.45394539656,121198.60473671983,23.615607269726983,23.527796020400537,4200.357506149395,train,
2023-07-14 17:00:00,34.06113,261.55646,48102.91,111883.1445216891,112858.13197521404,23.559415722608446,23.78655123321078,3907.179830165877,train,
2023-07-14 18:00:00,33.341747,49.932583,42702.97,97367.13500395097,105717.03799741002,23.486835675019755,23.74744647758926,3540.102128610113,train,
2023-07-14 19:00:00,31.377583,17.17774,29999.998,77828.02228139402,82788.00911357455,23.38914011140697,23.281241607806777,3074.3260964006154,train,
2023-07-14 20:00:00,30.792082,0.0,17297.02,62131.09676609321,63220.28618168964,23.310655483830466,23.40974767748373,2733.9067041180965,train,
2023-07-14 21:00:00,28.889519,14.187728,11897.035,50897.20957144763,51346.45144945722,23.254486047857238,23.60864422658083,2516.2419096628755,train,
2023-07-14 22:00:00,27.57202,0.0,10439.478,44257.066942437006,47335.76321684291,23.221285334712185,23.78842303269452,2400.587256675461,train,
2023-07-14 23:00:00,25.845367,24.433426,10098.905,38980.830017506916,39162.3054698508,23.194904150087535,23.41768563785812,2316.7983507349945,train,
2023-07-15 00:00:00,24.873655,0.0,10000.037,34518.3560655002,36006.81983676155,23.1725917803275,23.18583344932718,2252.1912030105677,train,
2023-07-15 01:00:00,23.362974,14.1334095,10000.165,29931.95587003612,33615.98494363191,23.14965977935018,23.13343722653881,2192.3343230413584,train,
2023-07-15 02:00:00,23.668259,5.404358,10000.74,29504.80333714509,35031.605748394555,23.147524016685725,23.31474298384381,2187.116841407255,train,
2023-07-15 03:00:00,22.306734,16.67636,10003.316,25475.9609931142,29779.35358551169,23.12737980496557,23.092677952221734,2141.0563116532944,train,
2023-07-15 04:00:00,22.776901,0.0,10014.836,25342.358812675768,23439.8496659792,23.12671179406338,23.183603943770095,2139.6288545379466,train,
2023-07-15 05:00:00,23.886265,0.0,10065.922,27644.799860572533,31303.79505163968,23.138223999302863,22.8208611199436,2165.135437656961,train,
2023-07-15 06:00:00,25.330648,0.0,10284.556,31156.203822884974,34315.22742930883,23.155781019114425,23.54489817806177,2207.6317928920657,train,
2023-07-15 07:00:00,26.099401,131.75629,11094.553,37721.28512568784,41672.38715398852,23.18860642562844,22.846551007483836,2297.9568787033613,train,
2023-07-15 08:00:00,27.336073,367.19434,13000.0,50315.8985510197,57365.6313422689,23.2515794927551,23.121945964619194,2505.6976438303277,train,
2023-07-15 09:00:00,28.418116,607.53296,14905.445,63516.518548944136,60817.006892039775,23.31758259274472,23.346860571000263,2762.4107796851154,train,
2023-07-15 10:00:00,30.464556,852.2464,15715.437,78959.42961951192,80126.90104496904,23.39479714809756,23.99209321206415,3100.182635467593,train,
2023-07-15 11:00:00,31.9802,989.0146,15934.041,89664.28371654231,94644.98508656053,23.44832141858271,23.321516523127013,3351.971866970326,train,
2023-07-15 12:00:00,33.90702,1095.1356,15984.999,100344.55715021338,97628.42748677073,23.501722785751067,23.30191804156295,3614.1564900686294,train,
2023-07-15 13:00:00,34.433155,1073.2834,15995.943,103402.99997711284,111850.62421694191,23.517014999885564,23.351769924685428,3690.929742468707,train,
2023-07-15 14:00:00,34.17207,991.118,15995.943,101923.51732588562,106269.38386557724,23.509617586629428,24.00728673691282,3653.705385724483,train,
2023-07-15 15:00:00,35.798862,779.83954,15984.999,100890.16133700284,106961.39981170442,23.504450806685014,22.66074670863321,3627.8012885418375,train,
2023-07-15 16:00:00,34.6257,523.0207,15934.041,90431.80198779979,91507.4491253284,23.452159009939,23.151337606294422,3370.4776708479417,train,
2023-07-15 17:00:00,33.83252,262.4014,15715.437,79597.03748074177,85131.76697525202,23.39798518740371,24.217371800151575,3114.822553234702,train,
2023-07-15 18:00:00,33.82072,48.48332,14905.445,71184.59850304716,77310.77215281634,23.355922992515236,23.533187614562728,2925.8370353859464,train,
2023-07-15 19:00:00,31.968248,0.0,13000.0,61750.80356344082,65385.66191693634,23.308754017817204,22.976958533015438,2726.1411494377157,train,
2023-07-15 20:00:00,30.394104,0.0,11094.553,54457.440044974705,58062.76878899067,23.272287200224874,23.259711805572444,2582.4506769010736,train,
2023-07-15 21:00:00,29.075666,0.0,10284.556,48999.14830384233,52670.167501550546,23.24499574151921,23.26523211133957,2482.100900658904,train,
2023-07-15 22:00:00,27.773193,0.0,10065.922,44224.52471129148,45152.45511646232,23.221122623556457,23.47496019732814,2400.0474427280947,train,
2023-07-15 23:00:00,26.385487,18.044004,10014.836,40032.81582557463,42688.64802353491,23.200164079127873,23.752014679974643,2332.887418764982,train,
2023-07-16 00:00:00,24.200613,0.0,10000.037,32678.413507173333,35338.69234810283,23.163392067535867,23.27995757191963,2227.3506321213163,train,
2023-07-16 01:00:00,24.596575,0.0,10000.165,32555.503484569213,36408.83477000801,23.162777517422846,23.00084102651896,2225.7301557961646,train,
2023-07-16 02:00:00,23.576523,0.0,10000.74,29081.46477362905,34263.089169463325,23.145407323868145,23.38153265649761,2182.007890462783,train,
2023-07-16 03:00:00,22.841654,27.609144,10003.316,27100.2510503358,27814.9451336466,23.13550125525168,22.92602544619282,2158.930579312847,train,
2023-07-16 04:00:00,22.870316,19.55681,10014.836,26183.522711733076,28914.912681610676,23.130917613558665,22.820916364761956,2148.725011590887,train,
2023-07-16 05:00:00,23.409576,0.0,10065.922,26360.328108759746,32546.44968412546,23.1318016405438,22.603828978956866,2150.669711555292,train,
2023-07-16 06:00:00,24.800045,8.727318,10284.556,29902.558071230345,31272.632572703664,23.14951279035615,22.67997427200603,2191.9732391803905,train,
2023-07-16 07:00:00,25.734127,134.9922,11094.553,36740.927320392555,37863.223281217535,23.183704636601963,22.91477108976468,2283.6169044579547,train,
2023-07-16 08:00:00,27.13447,384.24323,13000.0,50231.70197166564,53738.31244572557,23.251158509858328,22.89782157954807,2504.1768097866443,train,
2023-07-16 09:00:00,29.317837,632.3086,14905.445,66691.36509704358,72080.08951563433,23.333456825485218,23.427427783697635,2828.951106091522,train,
2023-07-16 10:00:00,30.692076,848.23956,15715.437,79669.68878800458,82705.29801890533,23.398348443940023,23.03852789619281,3116.493763898743,train,
2023-07-16 11:00:00,31.835506,1012.2521,15934.041,90094.52980813677,97562.94549887501,23.450472649040684,22.50737275843326,3362.3387502175206,train,
2023-07-16 12:00:00,33.529675,1075.9987,15984.999,98852.90855914733,104917.63414011497,23.494264542795737,23.181091010418896,3576.9690769620624,train,
2023-07-16 13:00:00,34.73644,1068.5072,15995.943,104053.93120724896,110174.85902178158,23.520269656036245,23.37871176171982,3707.3573525780607,train,
2023-07-16 14:00:00,34.35109,973.6667,15995.943,101923.68002555767,106948.26073421612,23.50961840012779,23.3279835537662,3653.7094705185627,train,
2023-07-16 15:00:00,34.752018,711.6327,15984.999,95946.94572757377,107105.43949261827,23.47973472863787,23.935592132430624,3505.029922126912,train,
2023-07-16 16:00:00,35.16594,507.03717,15934.041,90950.85259133171,,23.45475426295666,23.270691495169913,3383.024065592962,train,
2023-07-16 17:00:00,34.477062,255.86913,15715.437,80959.42249392394,77655.80984660464,23.40479711246962,23.669074151429378,3146.2652910227885,train,
2023-07-16 18:00:00,33.326653,36.84501,14905.445,69386.40635986175,77017.40441280369,23.34693203179931,23.341237251895052,2886.698122211998,train,
2023-07-16 19:00:00,32.4583,0.0,13000.0,62751.73788090029,64494.60471074214,23.3137586894045,23.30106727170272,2746.6347675593665,train,
2023-07-16 20:00:00,30.110964,0.0,11094.553,53576.02050988035,56852.82060252362,23.2678801025494,23.01726601589499,2565.8041578241327,train,
2023-07-16 21:00:00,28.401678,0.0,10284.556,46969.96339110058,53173.83199019487,23.234849816955503,23.217215021481273,2446.540356271524,train,
2023-07-16 22:00:00,27.093817,11.336669,10065.922,42502.87105024029,41702.49358811335,23.2125143552512,22.982985517181977,2371.886304771377,train,
2023-07-16 23:00:00,26.04235,10.033008,10014.836,38599.574699442484,38706.9601854409,23.192997873497212,23.244005167773583,2311.046180905967,train,
2023-07-17 00:00:00,24.43596,0.0,10000.246,33037.996978107745,32463.752962127895,23.16518998489054,23.094315095103433,2232.1196921072383,train,
2023-07-17 01:00:00,23.605997,11.720173,10001.102,30136.177520918038,31393.166805711164,23.15068088760459,22.86729250764711,2194.850855073086,train,
2023-07-17 02:00:00,22.811481,0.0,10004.936,26779.085180024253,30726.64307202691,23.13389542590012,23.4314637278103,2155.320733155763,train,
2023-07-17 03:00:00,22.748865,0.79892474,10022.111,25754.18657166466,29878.07150515207,23.128770932858323,23.25682307686475,2144.049979214874,train,
2023-07-17 04:00:00,22.799566,22.323298,10098.905,25891.449325744987,29484.20589074161,23.129457246628725,22.99503842638605,2145.5373297542174,train,
2023-07-17 05:00:00,23.94787,0.0,10439.478,27939.93659004812,27876.293898742857,23.13969968295024,23.183347597060834,2168.542379339246,train,
2023-07-17 06:00:00,25.072353,0.0,11897.035,31754.38646652893,29636.838900067763,23.158771932332645,23.133625175882056,2215.289361207494,train,
2023-07-17 07:00:00,25.80486,109.75582,17297.02,41809.91862389902,44938.23525279301,23.209049593119495,22.948772311940512,2360.7757974452707,train,
2023-07-17 08:00:00,27.361216,365.0044,29999.998,66040.77828541293,67712.64320054727,23.330203891427065,23.351352760133413,2815.1813364131203,train,
2023-07-17 09:00:00,28.764624,634.2787,42702.97,91635.07255321335,96196.80094364105,23.458175362766067,23.271871836323854,3399.601133905183,train,
2023-07-17 10:00:00,30.762451,846.1226,48102.91,110840.3029418163,116564.11959227177,23.55420151470908,23.270721364023053,3880.337031832448,train,
2023-07-17 11:00:00,32.032658,1052.065,49560.277,124414.40538057052,127999.7896973166,23.622072026902853,23.135241827822895,4234.507036194514,train,
2023-07-17 12:00:00,33.877342,1112.6467,49899.992,133993.27559620744,140406.16125362358,23.669966377981037,23.562384171919447,4489.852794301956,train,
2023-07-17 13:00:00,33.755,1075.2489,49972.953,134883.18168875467,138917.78926064828,23.674415908443773,23.84450710631889,4513.770644620021,train,
2023-07-17 14:00:00,34.93759,968.19464,49972.953,136360.019067358,141773.68541290902,23.68180009533679,23.473402289323133,4553.531521802085,train,
2023-07-17 15:00:00,35.174633,770.559,49899.992,132110.99035764206,131982.68688777747,23.66055495178821,24.416767559435602,4439.367341857316,train,
2023-07-17 16:00:00,34.648415,521.9598,49560.277,123190.9472181492,125436.18576580282,23.615954736090746,23.881660432186564,4202.190920086133,train,
2023-07-17 17:00:00,34.4266,226.60971,48102.91,111714.53678306093,115482.52149383226,23.558572683915305,23.949871723713446,3902.8353739029894,train,
2023-07-17 18:00:00,32.66427,35.031338,42702.97,94997.92808976438,100854.7515738004,23.474989640448822,23.71356254407095,3481.6871926141266,train,
2023-07-17 19:00:00,32.84456,0.50677127,29999.998,80931.23585878317,82692.67867789892,23.404656179293916,23.96051567177549,3145.6125705285117,train,
2023-07-17 20:00:00,30.013134,0.0,17297.02,60072.92229352359,64476.002928660375,23.300364611467618,23.064264016425856,2692.188773766682,train,
2023-07-17 21:00:00,29.36496,39.40076,11897.035,52710.55010643622,55032.76221940638,23.26355275053218,22.495331534834595,2549.6199487905665,train,
2023-07-17 22:00:00,26.995674,0.0,10439.478,42738.125951053975,45458.88245454112,23.21369062975527,23.079852947249407,2375.687830677115,train,
2023-07-17 23:00:00,26.45739,4.0574784,10098.905,39797.543111282605,44729.7100322624,23.198987715556413,23.366453288220676,2329.261684295038,train,
2023-07-18 00:00:00,24.602709,0.0,10000.246,33722.07028991454,32255.00872654991,23.168610351449573,23.214065442973965,2241.3077035905053,train,
2023-07-18 01:00:00,23.866476,0.0,10001.102,30665.488655515106,30811.383526002475,23.153327443277576,23.23596922656791,2201.439296240842,train,
2023-07-18 02:00:00,23.225042,25.893953,10004.936,28876.422832014727,28645.917211913547,23.144382114160074,23.540655114961034,2179.5556923409804,train,
2023-07-18 03:00:00,23.439552,0.0,10022.111,27873.389317179688,25814.642815373543,23.1393669465859,23.25398421892465,2167.771493682939,train,
2023-07-18 04:00:00,23.075085,2.4270341,10098.905,26291.394577760486,27833.186968299266,23.131456972888802,23.371130851166107,2149.910157648255,train,
2023-07-18 05:00:00,22.616234,9.473431,10439.478,24863.89268879563,29463.61229243171,23.124319463443978,22.84245064088815,2134.5706462134135,train,
2023-07-18 06:00:00,24.452595,0.0,11897.035,30105.89680109348,32480.7253206102,23.150529484005467,22.821911377240657,2194.4768214720975,train,
2023-07-18 07:00:00,26.072744,148.44598,17297.02,43798.01177110849,47271.323034324625,23.218990058855542,23.70322423576289,2392.9979631399483,train,
2023-07-18 08:00:00,27.270157,380.35522,29999.998,66613.23981627518,72692.77790643541,23.333066199081376,23.363336659625496,2827.2939972593103,train,
2023-07-18 09:00:00,29.307188,623.8566,42702.97,93003.50099671775,100561.29222419634,23.46501750498359,,3432.883056249052,train,
2023-07-18 10:00:00,30.958303,847.09595,48102.91,111674.57723889597,114404.81443017937,23.55837288619448,23.371954538130346,3901.8060025246677,train,
2023-07-18 11:00:00,31.940151,1025.586,49560.277,123568.91522838893,132270.4447699474,23.617844576141945,23.423107639650468,4212.16679746288,train,
2023-07-18 12:00:00,32.64604,1117.0459,49899.992,130955.35541377217,134361.49058762763,23.65477677706886,23.44208907075511,4408.4435575827265,train,
2023-07-18 13:00:00,34.749077,1068.9119,49972.953,137319.46303203274,136484.67547313857,23.686597315160164,23.301652974379067,4579.407323515263,train,
2023-07-18 14:00:00,35.228035,946.15295,49972.953,136670.03173574558,136958.4435309874,23.683350158678728,23.233224038012576,4561.888623934689,train,
2023-07-18 15:00:00,34.87958,718.2078,49899.992,129747.22253899387,126268.13567452687,23.64873611269497,23.590234799398644,4376.174994321511,train,
2023-07-18 16:00:00,35.63813,513.76953,49560.277,125392.96640088651,124609.15590018613,23.626964832004433,23.449087070908313,4260.405663846163,train,
2023-07-18 17:00:00,34.055862,233.45981,48102.91,111007.65435424478,112616.88833966175,23.555038271771224,23.88718605740421,3884.6401883196763,train,
2023-07-18 18:00:00,32.787052,67.43985,42702.97,96262.87695603608,102085.72453701908,23.48131438478018,23.569237380760256,3512.8175773682938,train,
2023-07-18 19:00:00,31.93691,10.531385,29999.998,78936.26693108401,87270.05410575798,23.39468133465542,23.474276638678816,3099.6517245190325,train,
2023-07-18 20:00:00,30.983307,25.474728,17297.02,63390.440600910835,62575.891766792716,23.316952203004554,23.094016080738218,2759.803102328107,train,
2023-07-18 21:00:00,28.624277,8.577512,11897.035,50045.91731946562,54028.31076201523,23.250229586597328,23.213921061863335,2500.8267545578024,train,
2023-07-18 22:00:00,28.226835,0.0,10439.478,45892.276425920645,46365.769973097325,23.229461382129603,23.337761713219034,2428.063205931386,train,
2023-07-18 23:00:00,25.640648,46.98389,10098.905,39191.54520206121,43292.84034939795,23.195957726010306,23.41081644792411,2319.995580554559,train,
2023-07-19 00:00:00,25.139128,24.923973,10000.246,36020.38348851266,38722.3891549849,23.180101917442563,23.151934369487055,2273.2622426797934,train,
2023-07-19 01:00:00,24.021633,0.41920006,10001.102,31390.9562303202,30343.514168147365,23.1569547811516,23.480691914948864,2210.6227447822234,train,
2023-07-19 02:00:00,23.142822,0.0,10004.936,28042.31907703638,33056.47423921862,23.140211595385182,23.142608388057564,2169.7314334489615,train,
2023-07-19 03:00:00,23.432213,0.0,10022.111,27915.50167826955,29603.703351290984,23.139577508391348,23.37743164394665,2168.2591428504397,train,
2023-07-19 04:00:00,22.604525,31.18073,10098.905,26071.554936179098,27925.00453114464,23.130357774680895,22.98340211210415,2147.499331574095,train,
2023-07-19 05:00:00,24.346876,0.0,10439.478,29311.82264501544,29974.64872615397,23.146559113225077,22.602782603254486,2184.780229701733,train,
2023-07-19 06:00:00,24.731886,6.833737,11897.035,31426.091607053764,32979.42418556927,23.15713045803527,23.237638154440827,2211.0719821673474,train,
2023-07-19 07:00:00,25.783026,153.55786,17297.02,43415.47365462759,47436.72659351629,23.217077368273138,,2386.715948199554,train,
2023-07-19 08:00:00,27.746756,374.04184,29999.998,67820.24782370754,70280.33310832085,23.339101239118538,23.511705438660808,2853.00322701924,train,
2023-07-19 09:00:00,29.42396,633.54083,42702.97,93830.10326927347,97964.99555209637,23.469150516346367,23.5958065147776,3453.0681214783863,train,
2023-07-19 10:00:00,30.860832,850.56934,48102.91,111734.74744519041,116147.45730126015,23.558673737225952,23.454097647439458,3903.3560442235394,train,
2023-07-19 11:00:00,32.7998,1034.3153,49560.277,126302.82613225248,134961.23540275503,23.631514130661262,23.389490255227585,4284.526053146906,train,
2023-07-19 12:00:00,33.67493,1116.8802,49899.992,134012.15711801982,135472.92391669823,23.6700607855901,23.835579266303235,4490.359944356615,train,
2023-07-19 13:00:00,34.709557,1068.5615,49972.953,137521.4325946672,133750.24807465615,23.687607162973336,23.81554138783282,4584.858774335436,train,
2023-07-19 14:00:00,34.57961,953.35016,49972.953,135363.39712753645,143194.3824038899,23.676816985637682,23.508547258384535,4526.690220648683,train,
2023-07-19 15:00:00,35.04261,736.96,49899.992,130894.98952659966,132434.17758767607,23.654474947633,23.987302204390616,4406.829751062749,train,
2023-07-19 16:00:00,35.02075,501.04343,49560.277,123621.03646958787,131317.41965953665,23.61810518234794,23.35324552798366,4213.542997529948,train,
2023-07-19 17:00:00,34.189056,272.69574,48102.91,112686.07502714758,117191.93896159544,23.563430375135738,23.388373361498427,3927.8921006720057,train,
2023-07-19 18:00:00,33.363297,56.602932,42702.97,97793.06669791481,100327.44285544542,23.488965333489574,23.979892897192073,3550.6528279690388,train,
2023-07-19 19:00:00,32.17044,0.0,29999.998,79524.32366497106,83610.11552585664,23.397621618324855,23.65819619964503,3113.150534255285,train,
2023-07-19 20:00:00,30.890612,0.0,17297.02,62555.93341968719,70906.80378778068,23.312779667098436,23.20537687533113,2742.6119531219692,train,
2023-07-19 21:00:00,28.959356,0.0,11897.035,50741.490777887324,58961.79406632261,23.253707453889437,23.3399216667825,2513.409834811303,train,
2023-07-19 22:00:00,27.307165,0.0,10439.478,43587.79815411751,46753.587226115415,23.217938990770588,23.264376664127738,2389.5410716561623,train,
2023-07-19 23:00:00,25.668674,25.903093,10098.905,38561.335368876826,41931.451182289136,23.192806676844384,22.36912251735117,2310.471581060432,train,
2023-07-20 00:00:00,24.399925,31.434195,10000.246,34278.360544841744,39698.70607381297,23.17139180272421,22.899449617882194,2248.889815326208,train,
2023-07-20 01:00:00,24.272087,0.0,10001.102,32000.4058881338,33124.32954299575,23.16000202944067,23.144748044307885,2218.473209057251,train,
2023-07-20 02:00:00,23.169895,14.630887,10004.936,28660.022380648086,32385.111088877347,23.14330011190324,23.03631666893545,2176.9835081077954,train,
2023-07-20 03:00:00,23.314037,4.497811,10022.111,27850.43146957946,30794.373593731263,23.139252157347897,23.213382926797024,2167.5059122728057,train,
2023-07-20 04:00:00,22.68476,0.0,10098.905,25363.809681886807,29035.5285545473,23.126819048409434,23.46566374229381,2139.857602136431,train,
2023-07-20 05:00:00,23.02784,8.622357,10439.478,26039.714946060143,27250.345764355716,23.1301985747303,23.033737839334123,2147.151619943236,train,
2023-07-20 06:00:00,24.336983,7.791685,11897.035,30244.574408551016,29753.57843456656,23.151222872042755,22.833926433205896,2196.19235337867,train,
2023-07-20 07:00:00,26.45791,149.22966,17297.02,45026.057039478925,43023.070855418904,23.225130285197395,23.322585782750707,2413.423135562881,train,
2023-07-20 08:00:00,27.873575,341.96857,29999.998,67232.79590285997,67058.9088717464,23.3361639795143,23.23817697944396,2840.461927297048,train,
2023-07-20 09:00:00,29.132074,612.0983,42702.97,92285.85543659804,93719.29223958246,23.46142927718299,23.414610226936418,3415.407911552909,train,
2023-07-20 10:00:00,30.231306,860.2705,48102.91,110169.60436357692,112036.97344280865,23.550848021817885,23.463315906071962,3863.108534983758,train,
2023-07-20 11:00:00,31.946938,986.0292,49560.277,122314.66336261576,133410.52580438563,23.61157331681308,24.284124656816374,4179.089516408929,train,
2023-07-20 12:00:00,33.122795,1124.18,49899.992,132366.7281800617,140284.21595258595,23.66183364090031,22.989622362600926,4446.218129622624,train,
2023-07-20 13:00:00,34.057423,1075.7245,49972.953,135735.93779497343,134371.20063711944,23.678679688974867,23.562179518035073,4536.7191149742575,train,
2023-07-20 14:00:00,33.792385,935.37054,49972.953,132445.95888832008,136992.6846991696,23.6622297944416,23.661123086747082,4448.341131619956,train,
2023-07-20 15:00:00,34.65609,769.3118,49899.992,130545.65129414399,131755.52733646016,23.65272825647072,23.418385508785885,4397.4936457749445,train,
2023-07-20 16:00:00,34.71877,518.82526,49560.277,123236.56744840718,125041.27401912028,23.616182837242036,23.886130586880522,4203.394628252174,train,
2023-07-20 17:00:00,34.801983,237.66695,48102.91,113084.40464550315,116814.25070808701,23.565422023227516,23.80939932684341,3938.1816002598334,train,
2023-07-20 18:00:00,33.3062,30.160433,42702.97,96651.3544470196,101832.32578869791,23.483256772235098,23.468930386688537,3522.4048439665585,train,
2023-07-20 19:00:00,32.559616,15.7412815,29999.998,80790.56259401511,82724.49153892604,23.403952812970076,23.322750686366966,3142.356361686517,train,
2023-07-20 20:00:00,30.394691,54.612682,17297.02,62881.34555800866,68806.19388626413,23.314406727790043,23.28081967752055,2749.3012307252047,train,
2023-07-20 21:00:00,28.898184,5.087695,11897.035,50705.421440442675,50836.010885408985,23.253527107202213,23.22209111110787,2512.7546213483747,train,
2023-07-20 22:00:00,25.886576,0.0,10439.478,39780.09651648904,42794.86015118381,23.198900482582445,23.175388574144716,2328.9934458849525,train,
2023-07-20 23:00:00,26.184591,0.0,10098.905,38868.62833610181,47882.5057157635,23.19434314168051,23.137943411225468,2315.1011299416305,train,
2023-07-21 00:00:00,24.973234,15.765822,10000.246,35227.99320064323,38732.61271230531,23.176139966003216,23.251874760380932,2262.0588751069477,train,
2023-07-21 01:00:00,24.506388,0.0,10001.102,32547.835163622807,38737.63924532838,23.162739175818114,23.388702795266475,2225.629218098676,train,
2023-07-21 02:00:00,23.006777,12.68845,10004.936,28068.391868567487,31266.993842776625,23.140341959342837,22.771263915063265,2170.034829185633,train,
2023-07-21 03:00:00,23.034698,10.448735,10022.111,27148.73356414387,31402.90934507185,23.13574366782072,22.820544498050776,2159.4787243043597,train,
2023-07-21 04:00:00,22.919271,5.0550222,10098.905,26010.914147157393,28889.009860854258,23.130054570735787,22.60549916189073,2146.837415663728,train,
2023-07-21 05:00:00,23.330381,0.0,10439.478,26534.238248598995,29167.419979489605,23.132671191242995,23.392590411350273,2152.593602956692,train,
2023-07-21 06:00:00,24.469152,41.785248,11897.035,31618.39307744856,32892.979167515376,23.158091965387243,23.23318895334438,2213.538005709421,train,
2023-07-21 07:00:00,25.859037,137.48209,17297.02,43117.60008440402,47142.5138523474,23.21558800042202,23.36716825520185,2381.8511064579034,train,
2023-07-21 08:00:00,27.986298,403.25186,29999.998,69314.89168841552,69858.07794715866,23.346574458442078,22.917724986933038,2885.1514325593203,train,
2023-07-21 09:00:00,28.997921,633.042,42702.97,92790.66206834088,98072.08557117995,23.463953310341704,23.999437747205747,3427.6954751513344,train,
2023-07-21 10:00:00,30.233734,877.5443,48102.91,110883.72670281075,118096.21767343442,23.554418633514054,23.371763361070446,3881.4534343146847,train,
2023-07-21 11:00:00,32.053787,1007.1706,49560.277,123486.79485152445,128029.89162555267,23.617433974257622,23.667895716390998,4209.998771072533,train,
2023-07-21 12:00:00,33.326706,1102.8795,49899.992,132498.13862025022,134224.40634153568,23.66249069310125,23.918806091304763,4449.739437770254,train,
2023-07-21 13:00:00,33.922695,1067.9425,49972.953,135304.12848516705,140358.3659439233,23.676520642425835,23.380426715687015,4525.095188680292,train,
2023-07-21 14:00:00,35.249886,939.15875,49972.953,136529.88074386556,138122.91497792312,23.682649403719328,23.518752096165528,4558.110080103456,train,
2023-07-21 15:00:00,34.2417,716.9966,49899.992,128126.50738746,135180.21933989585,23.6406325369373,23.69438406931756,4332.985311050334,train,
2023-07-21 16:00:00,34.707172,496.14868,49560.277,122369.79037507041,117713.52084160327,23.611848951875352,24.469090874514762,4180.541715710395,train,
2023-07-21 17:00:00,34.459217,289.39008,48102.91,113742.94184061924,115415.5431618273,23.568714709203096,23.659052132058704,3955.2131594520465,train,
2023-07-21 18:00:00,32.704304,84.99764,42702.97,96913.80122490045,92888.44701082278,23.484569006124502,23.966477351313717,3528.8888309315676,train,
2023-07-21 19:00:00,32.141537,0.0,29999.998,79377.63239199498,77728.3230792819,23.396888161959975,23.758590105517563,3109.779360620753,train,
2023-07-21 20:00:00,31.067108,39.077,17297.02,64239.40998466762,71027.42079407729,23.321197049923338,23.431600060871695,2777.4145559603435,train,
2023-07-21 21:00:00,29.178505,3.9100978,11897.035,51600.76110531478,56864.77837768326,23.258003805526574,22.96124507403737,2529.105512228185,train,
2023-07-21 22:00:00,26.768059,0.0,10439.478,42265.1440688135,43561.37170769629,23.211325720344067,23.52925180358954,2368.059999839912,train,
2023-07-21 23:00:00,25.70576,0.0,10098.905,37832.593668510126,37377.431994049155,23.18916296834255,22.739729865848137,2299.6031460488857,train,
2023-07-22 00:00:00,25.243614,10.377423,10000.037,35830.94508377087,32099.78604398106,23.179154725418854,23.65941726252198,2270.5662207996893,train,
2023-07-22 01:00:00,23.916515,15.404952,10000.165,31579.737215074034,33376.95920636252,23.15789868607537,23.217900278540846,2213.041306057304,train,
2023-07-22 02:00:00,23.193836,4.189333,10000.74,28362.880176148054,36623.59954535825,23.14181440088074,22.346747336691287,2173.4782434378953,train,
2023-07-22 03:00:00,23.169815,0.7530481,10003.316,27292.629400566428,31232.462392516907,23.136463147002832,23.03431131849328,2161.110561178441,train,
2023-07-22 04:00:00,23.486198,12.653233,10014.836,27753.58394496692,29541.333477201882,23.138767919724835,23.334952266001718,2166.3876106577263,train,
2023-07-22 05:00:00,23.513796,2.7731705,10065.922,26923.089609461924,30926.237270875998,23.13461544804731,23.06350828613538,2156.93474141134,train,
2023-07-22 06:00:00,24.634533,0.0,10284.556,29345.619976853497,28934.63170272632,23.146728099884267,23.36122984318234,2185.1885206186016,train,
2023-07-22 07:00:00,26.050499,133.19525,11094.553,37608.769026541464,39926.02643322963,23.188043845132707,22.93303659481902,2296.296487155474,train,
2023-07-22 08:00:00,27.222837,365.996,13000.0,50034.523802602846,53283.27931692921,23.250172619013014,22.85837790717673,2500.6215657187927,train,
2023-07-22 09:00:00,28.939953,610.63416,14905.445,65045.856647016364,67805.26937594656,23.325229283235082,23.303795662320802,2794.256094249377,train,
2023-07-22 10:00:00,31.065397,857.66956,15715.437,80868.2440641114,86354.66044984412,23.404341220320557,23.413810920507533,3144.1541959979345,train,
2023-07-22 11:00:00,31.606207,1017.49615,15934.041,89737.26252225944,93893.10923537482,23.448686312611297,23.3441710072926,3353.7290672458944,train,
2023-07-22 12:00:00,34.00664,1077.8032,15984.999,100205.54864828383,105618.66250819554,23.50102774324142,23.86921508723408,3610.683700064742,train,
2023-07-22 13:00:00,34.941223,1090.6611,15995.943,105387.1728266202,105811.90499585097,23.5269358641331,23.271873651591385,3741.0975096553047,train,
2023-07-22 14:00:00,34.10351,933.82587,15995.943,100162.40283758861,106403.16281878181,23.500812014187943,23.594761696387646,3609.606107039858,train,
2023-07-22 15:00:00,34.936924,744.79456,15984.999,97387.39894840265,106154.81921644053,23.486936994742013,23.507327986091102,3540.603751698544,train,
2023-07-22 16:00:00,34.925964,490.69214,15934.041,89940.80075179056,89682.42495773222,23.449704003758953,22.98268921811813,3358.6325901899363,train,
2023-07-22 17:00:00,33.88514,229.60988,15715.437,78527.66535627254,78784.4222414393,23.392638326781363,22.99692927168081,3090.2968795369893,train,
2023-07-22 18:00:00,32.93954,59.740017,14905.445,68922.80839121483,,23.344614041956074,23.348187346830663,2876.6852738662433,train,
2023-07-22 19:00:00,31.898367,4.956523,13000.0,61421.91390644527,63901.56427387986,23.307109569532226,23.901469569138314,2719.4459651071757,train,
2023-07-22 20:00:00,30.841919,14.707894,11094.553,55929.89143953133,62594.735829325786,23.279649457197657,23.4534304007673,2610.6201333771223,train,
2023-07-22 21:00:00,28.788801,38.338524,10284.556,49389.55707214916,51288.061281781804,23.246947785360746,22.729257337817355,2489.055144629136,train,
2023-07-22 22:00:00,28.171097,1.5283294,10065.922,45315.52741635352,51834.2558400224,23.226577637081768,22.293431217545965,2418.294300228998,train,
2023-07-22 23:00:00,26.109324,0.0,10014.836,38726.14949860705,42030.26977454846,23.193630747493035,23.41354682539435,2312.9511861450114,train,
2023-07-23 00:00:00,24.704481,0.0,10000.037,33848.95805746382,37428.17266272503,23.16924479028732,23.14038074540886,2243.0284807416847,train,
2023-07-23 01:00:00,24.371702,10.758994,10000.165,32283.190761103953,38760.240651983244,23.16141595380552,23.503795744658632,2222.1575023265214,train,
2023-07-23 02:00:00,23.44311,0.0,10000.74,28673.31041103327,30885.685078392984,23.143366552055166,22.879151175841734,2177.140982328596,train,
2023-07-23 03:00:00,23.135866,0.0,10003.316,26934.677532164387,27904.616051947596,23.134673387660822,23.23973713701838,2157.06494301528,train,
2023-07-23 04:00:00,23.06014,0.0,10014.836,25964.063514790327,28001.298070631936,23.12982031757395,23.38367235648231,2146.326940328537,train,
2023-07-23 05:00:00,24.517593,9.168853,10065.922,29447.173613836243,33436.16457723829,23.14723586806918,23.01299677660724,2186.417716370564,train,
2023-07-23 06:00:00,25.07024,0.0,10284.556,30391.560670275907,29949.994353818634,23.15195780335138,23.02413213228206,2198.0178033804814,train,
2023-07-23 07:00:00,25.906788,130.36443,11094.553,36974.88275495573,41432.78689847903,23.18487441377478,23.192453263104294,2287.0128463278143,train,
2023-07-23 08:00:00,26.804358,358.92053,13000.0,48461.264902668685,50129.11048951737,23.242306324513343,23.405109228481443,2472.5785682905944,train,
2023-07-23 09:00:00,29.137333,617.77893,14905.445,65508.248139972384,71726.6701225212,23.327541240699862,23.32324103934629,2803.961040551629,train,
2023-07-23 10:00:00,30.08357,840.63855,15715.437,77557.3621962458,73211.37905600696,23.38778681098123,23.679985712309076,3068.163944080513,train,
2023-07-23 11:00:00,31.301773,998.1983,15934.041,87921.10690023875,88317.45430923002,23.439605534501194,23.301024977721084,3310.152403546835,train,
2023-07-23 12:00:00,33.119133,1067.0842,15984.999,97149.45828382469,94188.27272701565,23.485747291419123,23.08722872978019,3534.7157623147764,train,
2023-07-23 13:00:00,34.296894,1081.7014,15995.943,102948.32136675964,102908.23239531626,23.514741606833798,24.10783421726775,3679.472949351613,train,
2023-07-23 14:00:00,35.2967,949.3694,15995.943,103396.2620430188,107310.33740817478,23.516981310215094,23.33559118925236,3690.7598545586447,train,
2023-07-23 15:00:00,35.10113,737.646,15984.999,97521.87134203823,99886.70412027877,23.48760935671019,23.317076731594867,3543.9333869371408,train,
2023-07-23 16:00:00,35.106113,478.7615,15934.041,89790.09105862162,91940.00895957844,23.448950455293108,23.429209458971453,3355.0014019496334,train,
2023-07-23 17:00:00,33.69395,278.21808,15715.437,79297.07960100316,81802.3442849552,23.396485398005016,23.41663973090121,3107.929238242571,train,
2023-07-23 18:00:00,33.22178,40.366066,14905.445,68954.8871092839,72540.11176942234,23.34477443554642,23.228769342799936,2877.377071332271,train,
2023-07-23 19:00:00,32.037834,13.41767,13000.0,61882.57141180458,62130.449074200566,23.309412857059023,23.304182687974322,2728.8289393223945,train,
2023-07-23 20:00:00,30.885963,0.0,11094.553,55455.25280384638,60294.115937071816,23.277276264019232,23.26534759459078,2601.4912179718503,train,
2023-07-23 21:00:00,29.034576,21.59546,10284.556,49320.33071085087,53968.92398797515,23.246601653554254,23.299047451660496,2487.8194306028176,train,
2023-07-23 22:00:00,27.756868,13.941055,10065.922,44397.25738472902,48322.47116678418,23.221986286923645,22.51474004922745,2402.9158988523272,train,
2023-07-23 23:00:00,25.786472,0.0,10014.836,37660.065624147166,41938.45243887048,23.188300328120736,23.75256322022309,2297.0530008107266,train,
2023-07-24 00:00:00,24.882032,1.6635144,10000.246,34156.5408866785,37822.65765170921,23.170782704433392,23.126596210373027,2247.2210298074833,train,
2023-07-24 01:00:00,23.951284,0.0,10001.102,30701.031495126328,38182.02908141122,23.15350515747563,23.327691943309727,2201.8851017658176,train,
2023-07-24 02:00:00,22.686026,0.0,10004.936,26408.809631483622,29221.452220274783,23.132044048157418,22.71861364569721,2151.204942244404,train,
2023-07-24 03:00:00,23.051706,0.0,10022.111,26445.76859331096,28785.04418402506,23.132228842966555,22.99092876459178,2151.613536126285,train,
2023-07-24 04:00:00,23.05779,3.808901,10098.905,25962.52095363454,27345.217062268326,23.129812604768173,22.928117844872048,2146.310146470244,train,
2023-07-24 05:00:00,23.023703,20.285978,10439.478,26027.809868205055,26811.519510140908,23.130139049341025,23.57105617869359,2147.0217041012625,train,
2023-07-24 06:00:00,25.122213,0.0,11897.035,31730.74207482216,31974.25645064071,23.15865371037411,22.982909628323345,2214.98442282491,train,
2023-07-24 07:00:00,25.836748,127.35402,17297.02,42387.71095105633,43281.23389822348,23.21193855475528,23.43936255083731,2370.030851213391,train,
2023-07-24 08:00:00,27.08762,370.61407,29999.998,65508.026340067714,68309.84163321371,23.32754013170034,23.13241399589838,2803.956376884973,train,
2023-07-24 09:00:00,28.830564,581.53046,42702.97,90102.40752200146,94226.4844957279,23.450512037610007,23.314726355713823,3362.5287295627295,train,
2023-07-24 10:00:00,30.589685,847.8676,48102.91,110235.96059759839,113433.61502935458,23.551179802987992,23.477514753427787,3864.8118075771476,train,
2023-07-24 11:00:00,32.584656,1001.16705,49560.277,124119.61809284051,123883.91938217694,23.620598090464203,24.005751628512993,4226.714047101048,train,
2023-07-24 12:00:00,33.157757,1087.0055,49899.992,131029.9158759726,138000.12322865872,23.655149579379863,23.088193781670828,4410.437049660499,train,
2023-07-24 13:00:00,34.366608,1006.1771,49972.953,133893.63520925102,140211.51054530623,23.669468176046255,23.274769109463925,4487.176728700708,train,
2023-07-24 14:00:00,35.326477,916.337,49972.953,135286.44391940717,137564.0961080635,23.676432219597036,23.092240669890092,4524.619289788149,train,
2023-07-24 15:00:00,35.194912,730.2851,49899.992,130338.14459793546,130470.56924343611,23.651690722989677,23.325440087061242,4391.950448662769,train,
2023-07-24 16:00:00,35.20447,506.1879,49560.277,123507.46433086002,128816.64445646603,23.6175373216543,23.374057306296667,4210.544426899542,train,
2023-07-24 17:00:00,33.987038,216.80473,48102.91,109692.16587538853,113416.02612247267,23.548460829376943,23.064116453149826,3850.8614788109912,train,
2023-07-24 18:00:00,33.53255,21.460932,42702.97,96176.00746297085,94092.10267474495,23.480880037314854,23.260635713330455,3510.6754293676427,train,
2023-07-24 19:00:00,31.9583,0.0,29999.998,78062.48107430918,80853.12422502426,23.390312405371546,22.785898061091522,3079.6713877180455,train,
2023-07-24 20:00:00,30.96417,0.0,17297.02,61897.90679616962,65613.03972310839,23.309489533980848,23.004092916850542,2729.1419492530194,train,
2023-07-24 21:00:00,28.580067,4.6200724,11897.035,49083.82168576608,49849.33420123837,23.24541910842883,23.60554522840189,2483.6061274187728,train,
2023-07-24 22:00:00,27.116753,0.0,10439.478,42291.747388458134,45741.389078117645,23.21145873694229,23.332535158026623,2368.487430292219,train,
2023-07-24 23:00:00,26.488983,1.0173492,10098.905,39211.23437159366,38835.61705704337,23.19605617185797,23.252296473509727,2320.2949835849845,train,
2023-07-25 00:00:00,24.652279,0.0,10000.246,33285.15472643403,39272.09448702899,23.16642577363217,22.865592206748435,2235.4219674697633,train,
2023-07-25 01:00:00,23.633617,0.79047257,10001.102,29536.16358467457,35266.05138539659,23.147680817923373,22.686855330209955,2187.497763054991,train,
2023-07-25 02:00:00,23.208828,17.713387,10004.936,28035.72060765305,30487.84518937481,23.140178603038265,22.79843178037798,2169.654688421949,train,
2023-07-25 03:00:00,22.697556,0.0,10022.111,25389.876216958386,29167.71785622127,23.126949381084792,23.113986433015988,2140.1357977663993,train,
2023-07-25 04:00:00,23.710575,0.0,10098.905,27308.475500527864,25099.93353419933,23.13654237750264,23.39699541142064,2161.290714074957,train,
2023-07-25 05:00:00,23.277536,27.721535,10439.478,26805.755564641488,27313.11046891562,23.134028777823207,23.404739002963804,2155.619093961681,train,
2023-07-25 06:00:00,24.670475,0.0,11897.035,30395.259399367802,32749.514580042396,23.15197629699684,23.341160005741838,2198.063833140287,train,
2023-07-25 07:00:00,26.112135,113.11419,17297.02,42424.585745374796,42882.96084523815,23.212122928726874,22.99085586950649,2370.6245860743097,train,
2023-07-25 08:00:00,27.37866,330.99387,29999.998,64837.8136505876,69830.90914788946,23.324189068252938,23.331554017974135,2789.9010504119124,train,
2023-07-25 09:00:00,28.65244,598.5725,42702.97,89858.90791633366,99563.15169549668,23.44929453958167,23.352891780570495,3356.659202052618,train,
2023-07-25 10:00:00,30.178913,840.9388,48102.91,108703.9172447831,107202.71039914782,23.543519586223915,23.48316265717549,3825.55714398891,train,
2023-07-25 11:00:00,32.143513,998.94836,49560.277,122566.78492404589,122061.38728322164,23.61283392462023,24.223972293708172,4185.732324212287,train,
2023-07-25 12:00:00,32.803802,1127.333,49899.992,131069.40544718952,135108.0842665316,23.655347027235948,23.126746956134863,4411.492960421877,train,
2023-07-25 13:00:00,34.428005,1041.894,49972.953,135056.21720107613,145335.9245316742,23.67528108600538,23.6048780412287,4518.424905229457,train,
2023-07-25 14:00:00,34.15925,916.63855,49972.953,132211.43603861093,129781.57869747862,23.661057180193055,24.0245818523519,4442.057793123874,train,
2023-07-25 15:00:00,34.75136,732.5989,49899.992,129020.2886872045,133105.28655442913,23.645101443436022,23.20533399492596,4356.789116268612,train,
2023-07-25 16:00:00,34.783432,512.8593,49560.277,122489.93620384851,133109.71733866894,23.612449681019243,23.419325453439367,4183.707210608863,train,
2023-07-25 17:00:00,33.668644,233.38278,48102.91,109276.9837614732,105933.86016710097,23.546384918807366,23.387673369537072,3840.223074510743,train,
2023-07-25 18:00:00,33.4768,50.947384,42702.97,96954.6471451217,95432.60290570234,23.48477323572561,23.417786319109414,3529.898474847619,train,
2023-07-25 19:00:00,31.965939,3.2650108,29999.998,78278.31085620147,79971.65478340098,23.391391554281007,22.912604406399144,3084.5979568576026,train,
2023-07-25 20:00:00,30.11184,0.0,17297.02,59702.67832194125,61305.02021774444,23.298513391609706,23.477099209711117,2684.766064097927,train,
2023-07-25 21:00:00,28.365799,0.0,11897.035,48311.85836647549,53318.93947758897,23.241559291832377,23.44144547658632,2469.945767206266,train,
2023-07-25 22:00:00,26.794205,0.0,10439.478,41415.058319412165,44984.04695596273,23.20707529159706,23.359587889102446,2354.503418990994,train,
2023-07-25 23:00:00,25.993767,0.0,10098.905,37845.59122938802,36763.54125734362,23.18922795614694,22.928115853859616,2299.7956209088966,train,
2023-07-26 00:00:00,24.258371,0.0,10000.246,32180.629096200166,36325.261913666705,23.160903145481,23.18685638271719,2220.8182276189295,train,
2023-07-26 01:00:00,23.22164,17.037003,10001.102,28915.084089520347,30656.03952887052,23.1445754204476,22.874743348576875,2180.0169446849786,train,
2023-07-26 02:00:00,23.075699,0.0,10004.936,27112.384027521584,32864.001818783705,23.135561920137608,23.035782921906154,2159.0676763108254,train,
2023-07-26 03:00:00,23.874744,0.0,10022.111,28447.270477070673,30082.599817524857,23.142236352385353,23.788276730536616,2174.470620136325,train,
2023-07-26 04:00:00,23.279205,0.0,10098.905,26336.663227131397,27967.68014384283,23.131683316135657,23.160391929414534,2150.4087627577696,train,
2023-07-26 05:00:00,24.07276,25.167795,10439.478,28793.236271853573,32972.12665337113,23.143966181359268,22.787708208563117,2178.5649885890725,train,
2023-07-26 06:00:00,24.80619,0.0,11897.035,30859.25513620893,35540.649607511754,23.154296275681045,23.20839687788022,2203.874829659224,train,
2023-07-26 07:00:00,26.276936,135.34987,17297.02,43610.33112803554,47681.24875466158,23.218051655640178,22.812512877821185,2389.911061731632,train,
2023-07-26 08:00:00,26.873594,364.30505,29999.998,64675.38193088345,62978.45524414054,23.323376909654417,22.963673791899915,2786.5057913299015,train,
2023-07-26 09:00:00,28.791538,632.19366,42702.97,91416.37228931714,96242.6214253159,23.457081861446586,23.14474492066195,3394.297837592501,train,
2023-07-26 10:00:00,30.621199,828.78314,48102.91,109768.09107047317,108783.10060691179,23.548840455352366,23.415547619693662,3852.808123373148,train,
2023-07-26 11:00:00,31.956577,1029.679,49560.277,123262.99814650738,127252.12057891674,23.616314990732537,23.897405689409297,4204.092059037158,train,
2023-07-26 12:00:00,33.129585,1072.6078,49899.992,130463.8039540329,127206.05400718837,23.652319019770164,23.825838479175218,4395.307011795729,train,
2023-07-26 13:00:00,33.893547,1070.5381,49972.953,134624.5338640621,139636.02556808147,23.67312266932031,23.83002126779451,4506.815794583178,train,
2023-07-26 14:00:00,34.655945,954.93774,49972.953,134877.17246478185,134236.50036571236,23.67438586232391,23.344708492646745,4513.609031239309,train,
2023-07-26 15:00:00,34.654064,768.13904,49899.992,130252.79772930319,127622.4534997119,23.651263988646516,23.48886968201582,4389.671079326979,train,
2023-07-26 16:00:00,33.790565,524.2075,49560.277,120567.30911983919,126517.62613871226,23.602836545599196,23.68443687766415,4133.137842554851,train,
2023-07-26 17:00:00,33.68209,222.76285,48102.91,109173.87131605594,113101.20214509686,23.54586935658028,23.357373360963756,3837.582671464065,train,
2023-07-26 18:00:00,33.396645,76.88538,42702.97,97848.51507977948,98667.65265285422,23.489242575398897,23.405732643308568,3552.027408816836,train,
2023-07-26 19:00:00,32.586575,0.0,29999.998,80179.24390603924,87718.86908442159,23.400896219530196,23.53330382728918,3128.232733990506,train,
2023-07-26 20:00:00,31.24209,0.0,17297.02,63102.29546149131,64888.80319816024,23.315511477307457,23.210879672947065,2753.853613258775,train,
2023-07-26 21:00:00,29.002445,5.296431,11897.035,50623.38561937807,53704.01651358091,23.25311692809689,23.3209348048275,2511.265508545727,train,
2023-07-26 22:00:00,27.768183,0.0,10439.478,44427.00679679348,48073.316256933824,23.222135033983967,23.699953570789837,2403.4107097269293,train,
2023-07-26 23:00:00,26.326935,1.2317429,10098.905,39220.04739974625,40782.156574225395,23.19610023699873,23.14454259730263,2320.4290349490343,train,
2023-07-27 00:00:00,24.433119,9.827567,10000.246,33316.02414114627,37369.40753193003,23.16658012070573,23.520381463621494,2235.835798558583,train,
2023-07-27 01:00:00,23.077333,17.373192,10001.102,28909.155665076723,30746.258257996815,23.144545778325384,23.31235679851759,2179.9461812487193,train,
2023-07-27 02:00:00,23.169462,0.0,10004.936,27664.259035697112,29772.914241815808,23.138321295178486,22.698148697132456,2165.3591169121887,train,
2023-07-27 03:00:00,22.247782,24.89192,10022.111,25224.39613719598,31138.235659526097,23.12612198068598,22.79548087190692,2138.3739486903523,train,
2023-07-27 04:00:00,23.029135,0.9734075,10098.905,25834.017030857125,26602.049262764624,23.129170085154286,22.879091320233318,2144.91416899501,train,
2023-07-27 05:00:00,23.999756,16.755955,10439.478,28608.186661391243,26357.084413295466,23.143040933306956,22.886590458227122,2176.369800757147,train,
2023-07-27 06:00:00,24.141994,20.217684,11897.035,29987.92314142449,36520.7443260631,23.149939615707122,23.122852691875078,2193.0225673490877,train,
2023-07-27 07:00:00,25.96558,171.33655,17297.02,44164.56595570608,53280.54026329537,23.22082282977853,23.405216044203076,2399.053562855636,train,
2023-07-27 08:00:00,27.895756,360.15567,29999.998,67634.58820442665,69479.96235655092,23.338172941022133,23.71472046603355,2849.033830866901,train,
2023-07-27 09:00:00,29.097267,624.7652,42702.97,92475.70281315732,88851.66573093469,23.462378514065787,23.55483104068331,3420.0263229555194,train,
2023-07-27 10:00:00,30.714506,838.44574,48102.91,110685.14063617414,112481.59643550815,23.55342570318087,23.419721836364907,3876.348839034573,train,
2023-07-27 11:00:00,32.315357,1001.04095,49560.277,123670.93760272567,125464.54773978757,23.61835468801363,22.993682314924666,4214.8607007567325,train,
2023-07-27 12:00:00,33.88849,1063.184,49899.992,132441.44863141756,134596.62555173595,23.662207243157088,23.68338411578229,4448.220271527655,train,
2023-07-27 13:00:00,34.209385,1074.4797,49972.953,135894.19270253985,133838.3187577013,23.6794709635127,23.687202021621196,4540.981000758265,train,
2023-07-27 14:00:00,35.240017,913.3315,49972.953,135387.09112203904,141010.95445751294,23.676935455610195,23.73181408167188,4527.327909290266,train,
2023-07-27 15:00:00,34.926994,708.2592,49899.992,129232.58712319664,134520.72344569513,23.646162935615983,24.278035024926982,4362.448328301339,train,
2023-07-27 16:00:00,34.52975,484.84512,49560.277,121219.77898764769,118017.57952591848,23.60609889493824,23.97827785879616,4150.278464878319,train,
2023-07-27 17:00:00,34.274742,230.94293,48102.91,110958.14192293076,116673.37935415599,23.554790709614654,23.79030898508965,3883.3668810827444,train,
2023-07-27 18:00:00,32.952976,93.771225,42702.97,97208.13746752057,107466.77515705195,23.486040687337603,23.197417548316125,3536.1673872872507,train,
2023-07-27 19:00:00,31.72341,5.215011,29999.998,78006.46646399087,81535.82807239945,23.390032332319954,23.23613390756093,3078.3937254967823,train,
2023-07-27 20:00:00,30.26248,44.107754,17297.02,61762.13969871611,63842.465733630816,23.30881069849358,23.28035731641503,2726.37226184308,train,
2023-07-27 21:00:00,28.034492,0.0,11897.035,47905.71435832476,50555.98659659841,23.239528571791624,23.00690643458852,2462.815811497738,train,
2023-07-27 22:00:00,27.441948,0.0,10439.478,43471.30460256778,47940.31035860859,23.21735652301284,23.367495880508375,2387.6303925575057,train,
2023-07-27 23:00:00,25.447128,27.111422,10098.905,37686.16043050485,36710.0494716522,23.188430802152524,23.295503456917235,2297.4381426263417,train,
2023-07-28 00:00:00,24.654566,0.0,10000.246,33597.74745349284,36965.92126167046,23.167988737267464,22.84149639935106,2239.626703393629,train,
2023-07-28 01:00:00,24.323948,0.0,10001.102,31749.65716361058,33884.69035184181,23.158748285818053,23.51779329854689,2215.2283532417437,train,
2023-07-28 02:00:00,22.93616,10.61953,10004.936,27546.363662794705,34545.068064077845,23.137731818313974,23.168424918456633,2164.0059925838104,train,
2023-07-28 03:00:00,22.72331,0.0,10022.111,25746.91650813037,28373.49514922076,23.128734582540652,22.610013238517976,2143.971394097639,train,
2023-07-28 04:00:00,23.690123,0.0,10098.905,27593.161172055858,34203.37481266602,23.13796580586028,23.122562948356787,2164.54251266182,train,
2023-07-28 05:00:00,23.962482,15.469135,10439.478,28548.15676574205,29146.792001794398,23.14274078382871,23.227102720605583,2175.6602513373373,train,
2023-07-28 06:00:00,25.088083,0.0,11897.035,31865.034923324485,36166.82338101264,23.159325174616622,23.451162883047346,2216.7188377415437,train,
2023-07-28 07:00:00,25.797997,136.82033,17297.02,42687.089068275694,46445.62057025378,23.21343544534138,23.112192524403394,2374.861851942258,train,
2023-07-28 08:00:00,27.686432,384.35672,29999.998,67666.88128653442,68190.3365992987,23.338334406432672,23.586715886666834,2849.7238709638777,train,
2023-07-28 09:00:00,28.665646,637.10284,42702.97,91674.87106390552,95278.11838157075,23.458374355319528,23.514516951350593,3400.5666860282763,train,
2023-07-28 10:00:00,30.222628,855.752,48102.91,109856.08951766964,117530.4281657968,23.549280447588348,23.154764064877075,3855.0647677701627,train,
2023-07-28 11:00:00,32.17861,1042.4071,49560.277,124594.73136190056,126222.08890857469,23.622973656809503,23.19842362476475,4239.276161661298,train,
2023-07-28 12:00:00,32.943405,1070.4181,49899.992,130300.63583263214,125871.31470668587,23.65150317916316,23.988271140207964,4390.9486592932735,train,
2023-07-28 13:00:00,34.44311,1033.8546,49972.953,135216.86640463883,138137.43418302553,23.676084332023194,24.034879585537723,4522.747048449753,train,
2023-07-28 14:00:00,35.69234,966.69507,49972.953,138260.16797412562,137104.6799554274,23.691300839870628,23.788173608992047,4604.811249487875,train,
2023-07-28 15:00:00,34.26565,738.65283,49899.992,128722.41111476228,130233.62105892847,23.64361205557381,24.09232407192782,4348.851941705774,train,
2023-07-28 16:00:00,34.434788,481.8086,49560.277,121017.45423874348,123679.27611418137,23.605087271193717,23.9220702259062,4144.961013976336,train,
2023-07-28 17:00:00,34.584324,198.80386,48102.91,110916.38844196084,107294.5463956456,23.554581942209804,23.75967056105372,3882.293227270082,train,
2023-07-28 18:00:00,33.12472,69.204155,42702.97,96969.38767723537,94265.68903120043,23.484846938386177,23.211453491766076,3530.262870077548,train,
2023-07-28 19:00:00,32.40455,17.00051,29999.998,80207.2244135168,84715.55283945288,23.401036122067584,23.920464747377288,3128.878227625393,train,
2023-07-28 20:00:00,30.089003,0.0,17297.02,60090.629269029705,61683.185970166196,23.30045314634515,23.461343576007632,2692.5444013707875,train,
2023-07-28 21:00:00,29.07265,7.961649,11897.035,50789.12776938225,47340.6535704995,23.25394563884691,23.138194006463426,2514.2756311942358,train,
2023-07-28 22:00:00,27.326977,18.570583,10439.478,43893.99033095031,48773.36229065542,23.21946995165475,23.01898895006316,2394.580161209101,train,
2023-07-28 23:00:00,25.996262,0.0,10098.905,38338.33939385727,,23.191691696969286,23.268726831423443,2307.129263983865,train,
2023-07-29 00:00:00,24.815907,15.076713,10000.037,34527.49694127988,35919.62432179588,23.1726374847064,22.671319759254864,2252.3173045836775,train,
2023-07-29 01:00:00,23.241945,4.476337,10000.165,29068.462043056796,29195.333477648637,23.145342310215284,23.355244292821144,2181.8519512088283,train,
2023-07-29 02:00:00,22.700891,0.0,10000.74,26467.680026240003,31266.218269109948,23.1323384001312,22.84626715572299,2151.8560075837513,train,
2023-07-29 03:00:00,23.485798,0.0,10003.316,27705.278570559956,31461.91300248543,23.1385263928528,23.249708825500086,2165.8310678825105,train,
2023-07-29 04:00:00,23.247831,0.0,10014.836,26428.115266307374,34554.0894450878,23.132140576331537,22.975654475124088,2151.4183109930773,train,
2023-07-29 05:00:00,23.772486,0.0,10065.922,27143.117445014297,31050.47908575838,23.13571558722507,23.05638997340766,2159.415185222716,train,
2023-07-29 06:00:00,24.66583,0.0,10284.556,29123.29058194558,32969.45652470451,23.145616452909728,22.918543491080207,2182.5098966301152,train,
2023-07-29 07:00:00,26.068718,95.96411,11094.553,36165.12499212234,38785.308937163936,23.18082562496061,23.13245679560637,2275.3295671454384,train,
2023-07-29 08:00:00,26.910812,357.04498,13000.0,48478.53405370941,53498.32539315731,23.242392670268547,23.809206534073752,2472.8832236070098,train,
2023-07-29 09:00:00,28.52649,647.04156,14905.445,64645.34370583834,69386.75506132831,23.32322671852919,23.738744606643785,2785.8783922779858,train,
2023-07-29 10:00:00,31.000818,843.6741,15715.437,79969.00343258417,86878.62324994538,23.39984501716292,23.506188703661557,3123.3855604136666,train,
2023-07-29 11:00:00,31.98661,986.4198,15934.041,89420.43845767956,90676.03764887845,23.447102192288398,23.439513912618914,3346.104202287683,train,
2023-07-29 12:00:00,33.50886,1084.8995,15984.999,98724.8877067529,100168.83477462648,23.493624438533764,23.74688479574163,3573.7855430117615,train,
2023-07-29 13:00:00,33.879986,1063.1611,15995.943,101290.03327496377,102547.14419249046,23.50645016637482,23.845441284607087,3637.8157947811133,train,
2023-07-29 14:00:00,35.272346,938.25336,15995.943,102812.99134129043,108720.03053577036,23.514064956706452,23.265119442044192,3676.0658413159354,train,
2023-07-29 15:00:00,35.064213,751.24713,15984.999,97717.79079532479,106035.20269965297,23.488588953976624,23.465357293686964,3548.787113103148,train,
2023-07-29 16:00:00,34.914154,466.10437,15934.041,88821.86170302262,90293.13140718063,23.444109308515113,22.89752183964469,3331.724899320439,train,
2023-07-29 17:00:00,34.341743,261.22324,15715.437,80332.63571189053,82002.3410234717,23.401663178559453,23.73859381163772,3131.7725211734933,train,
2023-07-29 18:00:00,32.849937,24.246864,14905.445,67376.95311015201,71270.04253060193,23.33688476555076,23.956392042861015,2843.5344958988735,train,
2023-07-29 19:00:00,31.179811,3.2879627,13000.0,59035.8709774641,61379.32840295296,23.29517935488732,23.319204142274245,2671.4622692190524,train,
2023-07-29 20:00:00,30.049093,0.0,11094.553,52913.320158631905,58344.291336338916,23.26456660079316,22.627063563322256,2553.3972478227693,train,
2023-07-29 21:00:00,29.57831,5.089772,10284.556,49930.44593188145,47303.820614644195,23.249652229659407,23.432319384632518,2498.748584363958,train,
2023-07-29 22:00:00,27.89346,0.0,10065.922,44146.84580200756,45163.778793801706,23.220734229010038,22.949507479165312,2398.7600119310828,train,
2023-07-29 23:00:00,25.787333,3.7750435,10014.836,37539.168331008455,38743.31059163664,23.187695841655042,22.988691009155705,2295.2712787566984,train,
2023-07-30 00:00:00,24.547318,57.17196,10000.037,34816.38416341255,32580.927430823696,23.174081920817063,23.362054837754364,2256.316144868199,train,
2023-07-30 01:00:00,24.129118,0.0,10000.165,31122.62488663262,31995.67683783359,23.155613124433163,23.23197936208698,2207.2054734099042,train,
2023-07-30 02:00:00,23.047709,2.1453505,10000.74,27376.516768647718,28397.88949879461,23.13688258384324,22.990449951241658,2162.0652865595075,train,
2023-07-30 03:00:00,22.390924,4.084755,10003.316,24794.430035019843,27365.304208037593,23.1239721501751,22.9290904603946,2133.8433364906023,train,
2023-07-30 04:00:00,23.62129,0.0,10014.836,27117.695542464306,32520.731040023198,23.13558847771232,23.17333929427857,2159.1277105304375,train,
2023-07-30 05:00:00,23.905348,12.106533,10065.922,27762.41757461335,30231.49625299611,23.138812087873067,23.015972422119358,2166.48947530988,train,
2023-07-30 06:00:00,23.661451,0.0,10284.556,26367.941756569024,27150.915324299247,23.131839708782845,22.799068568701944,2150.7537091052604,train,
2023-07-30 07:00:00,25.785353,165.62321,11094.553,37357.472973308606,40226.898893394144,23.186787364866543,23.087018410423035,2292.6017334583726,train,
2023-07-30 08:00:00,27.415182,369.92435,13000.0,50339.7366893644,55969.100629137545,23.251698683446822,23.353576470423377,2506.1285244294804,train,
2023-07-30 09:00:00,29.103127,623.3375,14905.445,65590.7104885074,65852.46724152695,23.327953552442537,23.274522512396647,2805.695488136315,train,
2023-07-30 10:00:00,30.524403,833.43274,15715.437,78421.05033623241,78609.32321763273,23.392105251681162,22.968052672206706,3087.8592944391276,train,
2023-07-30 11:00:00,31.656332,1014.75464,15934.041,89360.00288338022,94228.15411769785,23.4468000144169,23.743519400829562,3344.6508194108915,train,
2023-07-30 12:00:00,33.106964,1045.7375,15984.999,96464.77702342153,98685.45755746006,23.482323885117108,22.660680454034107,3517.7987272668956,train,
2023-07-30 13:00:00,34.2247,1065.9989,15995.943,102137.50123524718,107506.69914540196,23.510687506176236,23.376777959667706,3659.0794255826295,train,
2023-07-30 14:00:00,34.59898,914.1741,15995.943,100269.81407110824,103220.51791478076,23.50134907035554,23.315289533989368,3612.289032243842,train,
2023-07-30 15:00:00,34.761868,735.02026,15984.999,96175.45415861244,101638.75791545257,23.480877270793062,23.525330934154486,3510.661787235254,train,
2023-07-30 16:00:00,35.207016,499.3871,15934.041,90459.99008921938,89970.57783062491,23.452299950446097,23.620798492786918,3371.1583804751003,train,
2023-07-30 17:00:00,33.728138,254.78824,15715.437,78533.6747591181,,23.39266837379559,23.730697816273903,3090.4343164115057,train,
2023-07-30 18:00:00,33.013485,65.27987,14905.445,68959.39759645771,71353.14248321834,23.34479698798229,23.13107552597664,2877.4743552601303,train,
2023-07-30 19:00:00,31.09812,8.762625,13000.0,59124.51491243899,58874.16363770629,23.295622574562195,23.47159727576224,2673.226035573516,train,
2023-07-30 20:00:00,30.67993,0.0,11094.553,54625.35204740178,53582.76033125025,23.27312676023701,23.331872276601448,2585.640380577377,train,
2023-07-30 21:00:00,29.241934,21.561483,10284.556,49692.499205222164,54403.083649067354,23.24846249602611,22.735000683471142,2494.475902776955,train,
2023-07-30 22:00:00,27.577108,6.4619837,10065.922,43571.76482983576,45733.24206360939,23.21785882414918,23.78802090077941,2389.277887008512,train,
2023-07-30 23:00:00,26.277697,5.831069,10014.836,38965.12824966507,39596.95400849001,23.194825641248325,22.763193103076265,2316.5606181495796,train,
2023-07-31 00:00:00,24.827343,0.0,10000.246,33908.89459219934,36693.08414903726,23.169544472960997,23.29539365465391,2243.8430914879937,train,
2023-07-31 01:00:00,23.834555,0.0,10001.102,30255.05757671496,35732.55055116637,23.151275287883575,23.2682632711429,2196.322302867524,train,
2023-07-31 02:00:00,23.287724,9.81756,10004.936,28181.957548223836,26229.65661152893,23.14090978774112,23.223600822439842,2171.3591269352246,train,
2023-07-31 03:00:00,22.786777,8.793564,10022.111,26039.338665911062,25825.834625109157,23.130196693329555,22.981823628681074,2147.147512944141,train,
2023-07-31 04:00:00,23.573477,3.59925,10098.905,27255.458460856375,28261.388505565013,23.136277292304282,23.38445308764643,2160.6883195686323,train,
2023-07-31 05:00:00,23.558119,22.503618,10439.478,27535.431683133993,33697.24853821052,23.13767715841567,22.669566916232743,2163.880772634871,train,
2023-07-31 06:00:00,24.066118,0.0,11897.035,28937.47312974071,32553.593091154158,23.144687365648704,23.124938729046526,2180.2842970633483,train,
2023-07-31 07:00:00,26.233614,107.230385,17297.02,42619.23548830211,47440.666141641384,23.21309617744151,23.04393377447577,2373.7647967409525,train,
2023-07-31 08:00:00,28.081068,320.6877,29999.998,66500.67674297304,66279.82688018908,23.332503383714865,23.129314001094755,2824.9081412580576,train,
2023-07-31 09:00:00,28.50964,613.2061,42702.97,90118.14908139755,89353.25251436117,23.450590745406988,23.579215081643053,3362.908371405813,train,
2023-07-31 10:00:00,30.405962,843.6354,48102.91,109511.74606877529,114234.14382582343,23.547558730343876,23.87080229315978,3846.237157837349,train,
2023-07-31 11:00:00,31.619524,999.8452,49560.277,121359.30294758665,124601.371406549,23.606796514737933,23.503819786186874,4153.946601815158,train,
2023-07-31 12:00:00,32.984108,1073.3885,49899.992,129880.85929170623,135284.1933592473,23.64940429645853,23.883608623436263,4379.741299359677,train,
2023-07-31 13:00:00,34.10829,1004.4988,49972.953,132952.13113208604,135114.76003135843,23.66476065566043,23.67968285529381,4461.910157691104,train,
2023-07-31 14:00:00,34.19253,933.6976,49972.953,132627.46469225633,136866.09588737963,23.66313732346128,23.39531766068988,4453.205581558764,train,
2023-07-31 15:00:00,34.78264,719.994,49899.992,128669.40284917163,132356.81606824865,23.643347014245858,23.56596138627354,4347.439902587058,train,
2023-07-31 16:00:00,34.102867,518.6678,49560.277,120754.3621819262,126972.80220538336,23.60377181090963,23.513926043672146,4138.04958734999,train,
2023-07-31 17:00:00,33.86256,214.93474,48102.91,109033.36646484974,115127.4247991199,23.54516683232425,23.336168858572616,3833.985850572795,train,
2023-07-31 18:00:00,32.661915,25.603443,42702.97,93857.75455862131,91263.13075244898,23.469288772793107,23.597833651389855,3453.744385693267,train,
2023-07-31 19:00:00,31.470076,7.034871,29999.998,76753.8357394983,72899.83752474136,23.38376917869749,23.454163035008918,3049.923961454334,train,
2023-07-31 20:00:00,29.75865,0.0,17297.02,58510.20648198712,64175.88464679085,23.292551032409936,22.81535612292911,2661.033603002467,train,
2023-07-31 21:00:00,29.381443,0.0,11897.035,50796.60232009786,56783.03198536798,23.25398301160049,22.758525213028683,2514.4115268864707,train,
2023-07-31 22:00:00,27.54441,28.089432,10439.478,44293.94569377294,44843.226374587626,23.221469728468865,23.34887506443059,2401.1993383746,train,
2023-07-31 23:00:00,25.126715,8.8075,10098.905,35900.70629433555,34675.982750753356,23.179503531471678,22.934917602833316,2271.557756516204,train,
2023-08-01 00:00:00,24.393951,0.0,10000.246,32394.64353224335,35614.85902320449,23.161973217661217,23.252585564191314,2223.6167917658395,train,
2023-08-01 01:00:00,23.410995,35.701168,10001.102,29978.691234417453,35019.9347273339,23.149893456172087,23.384172929604844,2192.908966490785,train,
2023-08-01 02:00:00,22.80339,8.237559,10004.936,26709.886780518133,33582.89011419988,23.13354943390259,22.75226358268092,2154.5478056068487,train,
2023-08-01 03:00:00,22.29657,5.4363103,10022.111,24426.751229237452,28526.477123846253,23.122133756146187,22.69867257977333,2130.0233703068957,train,
2023-08-01 04:00:00,23.381521,0.0,10098.905,26403.679948580106,28604.062219459596,23.1320183997429,23.63434790446149,2151.14827088798,train,
2023-08-01 05:00:00,23.520824,26.02979,10439.478,27363.971495878304,28433.092444638427,23.13681985747939,23.24229109236813,2161.922348842464,train,
2023-08-01 06:00:00,24.819942,0.0,11897.035,30832.743408325314,33857.976797259726,23.154163717041627,23.028391520039644,2203.540845883113,train,
2023-08-01 07:00:00,26.086025,158.00775,17297.02,43814.994651766174,46098.771095093936,23.21907497325883,22.93889283746495,2393.277748340311,train,
2023-08-01 08:00:00,27.872587,377.37158,29999.998,67807.16886045682,67911.46086880777,23.339035844302284,23.1859035896301,2852.7234240254443,train,
2023-08-01 09:00:00,28.149374,607.5738,42702.97,89167.41313945025,99010.30142621977,23.44583706569725,23.088665364863257,3340.0216779810376,train,
2023-08-01 10:00:00,31.123678,871.6195,48102.91,112357.0938520757,122353.88482859607,23.56178546926038,23.826809121487557,3919.4010875382137,train,
2023-08-01 11:00:00,32.38285,999.1154,49560.277,123689.31463690416,131478.1529109478,23.61844657318452,23.385421227102626,4215.34600001143,train,
2023-08-01 12:00:00,33.34719,1075.0739,49899.992,131178.38031553433,130113.37171137467,23.65589190157767,23.98395227804255,4414.407176052779,train,
2023-08-01 13:00:00,35.024914,1025.8978,49972.953,136300.42055353327,143192.40467051763,23.681502102767666,23.561313426836662,4551.9253265802845,train,
2023-08-01 14:00:00,34.75287,912.6852,49972.953,133844.4091101394,139713.68030784916,23.669222045550697,23.3562169904655,4485.854797587426,train,
2023-08-01 15:00:00,35.203915,736.864,49899.992,130550.78689413691,135496.93918718823,23.652753934470685,23.524863458066545,4397.630857951871,train,
2023-08-01 16:00:00,34.37551,494.8741,49560.277,121029.9897436009,129210.21518963666,23.605149948718005,22.817899915467578,4145.290409079022,train,
2023-08-01 17:00:00,34.52522,245.80075,48102.91,111948.8117149217,117432.39638703153,23.55974405857461,23.523513485572405,3908.872318194173,train,
2023-08-01 18:00:00,33.185093,53.504192,42702.97,96496.14589014703,102099.9399593661,23.482480729450735,23.431444972111688,3518.572942897061,train,
2023-08-01 19:00:00,31.694843,25.662241,29999.998,78348.30406457414,83313.92223809732,23.39174152032287,23.63916434428726,3086.1968626151297,train,
2023-08-01 20:00:00,31.275013,0.0,17297.02,62944.97530212127,66882.36002472621,23.314724876510606,22.748833398115593,2750.6113728053606,train,
2023-08-01 21:00:00,28.753403,7.585206,11897.035,49903.681466320646,48447.744041051585,23.249518407331603,23.59807831559067,2498.2673358755655,train,
2023-08-01 22:00:00,27.325953,0.0,10439.478,43092.710414919115,46291.84946838805,23.215463552074596,23.461643340573893,2381.445678955048,train,
2023-08-01 23:00:00,25.796412,17.037964,10098.905,38120.1139383549,39838.718545631826,23.190600569691775,23.566213638801372,2303.872561146958,train,
2023-08-02 00:00:00,24.31059,0.0,10000.246,32551.149190923214,32702.641934407686,23.162755745954616,23.146939333153377,2225.672838106438,train,
2023-08-02 01:00:00,23.871857,32.309402,10001.102,31343.501745215006,38060.344475435384,23.156717508726075,23.4608865589569,2210.0166495949907,train,
2023-08-02 02:00:00,23.355309,12.313878,10004.936,28609.46916075946,35372.42864000113,23.143047345803797,22.701674135331725,2176.3849735500385,train,
2023-08-02 03:00:00,22.99725,9.333685,10022.111,26734.12928828327,32663.0028364029,23.133670646441416,23.347584916002777,2154.8183918656305,train,
2023-08-02 04:00:00,22.115713,0.0,10098.905,23389.12511332083,26930.053912263862,23.116945625566604,22.88559679693662,2119.515523936996,train,
2023-08-02 05:00:00,24.062546,0.0,10439.478,28040.832257654103,33971.302679495464,23.14020416128827,22.64478361156139,2169.714139312298,train,
2023-08-02 06:00:00,24.472765,0.0,11897.035,30071.176611259885,33097.6218720913,23.1503558830563,22.813113727606993,2194.0483350434706,train,
2023-08-02 07:00:00,25.36897,119.4479,17297.02,40772.81203356193,44248.24861233322,23.20386406016781,23.20552340175659,2344.393307662295,train,
2023-08-02 08:00:00,27.543898,346.72223,29999.998,65848.1568155537,65774.28027497977,23.32924078407777,23.081951021612486,2811.1175323001303,train,
2023-08-02 09:00:00,29.08064,597.92706,42702.97,91223.59381231604,95569.24616675163,23.45611796906158,23.56894002857032,3389.6267731464154,train,
2023-08-02 10:00:00,29.991184,812.05774,48102.91,107522.248901455,110751.4366156339,23.537611244507275,22.99513997800607,3795.3828012393947,train,
2023-08-02 11:00:00,32.844475,1008.6217,49560.277,124781.86788242738,122253.1165551972,23.623909339412137,22.98578007632738,4244.227031746158,train,
2023-08-02 12:00:00,32.614292,1073.8748,49899.992,129111.95335679011,131888.773249744,23.64555976678395,24.057275997027023,4359.232369310605,train,
2023-08-02 13:00:00,33.35845,1072.0436,49972.953,133064.64970849775,135708.66295661396,23.66532324854249,23.93646328736292,4464.927871963968,train,
2023-08-02 14:00:00,34.18939,899.64746,49972.953,131704.54735991656,142665.01994596922,23.658522736799583,23.34373368602544,4428.484957155489,train,
2023-08-02 15:00:00,35.42382,765.184,49899.992,131833.2595052695,138796.35078137158,23.659166297526347,23.658266404485186,4431.930446273424,train,
2023-08-02 16:00:00,34.58071,470.55426,49560.277,120843.80359186966,123891.19227436623,23.60421901795935,23.910071136019745,4140.3988189418815,train,
2023-08-02 17:00:00,33.90283,242.58705,48102.91,110095.79631824025,114056.41743842693,23.5504789815912,23.676239164078382,3861.2143077343817,train,
2023-08-02 18:00:00,33.073277,86.45127,42702.97,97069.16217017962,100225.35255696462,23.485345810850898,23.529812739705942,3532.729825500185,train,
2023-08-02 19:00:00,31.616856,21.774105,29999.998,78032.08590446999,80407.318200724,23.39016042952235,23.71870665391613,3078.9780427184483,train,
2023-08-02 20:00:00,30.132309,0.0,17297.02,59868.20990803494,59958.557353198106,23.299341049540175,23.080127306979808,2688.0815281224786,train,
2023-08-02 21:00:00,28.599014,17.172253,11897.035,49607.076909378375,52230.51285307699,23.248035384546892,23.25738891914628,2492.9452203254855,train,
2023-08-02 22:00:00,27.585768,30.725727,10439.478,44724.84949115056,45927.9634286,23.223624247455753,23.218269655968037,2408.3772432502064,train,
2023-08-02 23:00:00,26.263683,8.851176,10098.905,39237.546739460784,39335.94537405332,23.196187733697304,23.114359119395992,2320.6952765751544,train,
2023-08-03 00:00:00,24.169561,13.273012,10000.246,32667.07588555633,36805.66959549168,23.16333537942778,23.046393726001558,2227.2009478763757,train,
2023-08-03 01:00:00,23.733778,0.0,10001.102,30017.407907001827,33875.60216980949,23.15008703953501,23.171947510883555,2193.3855793521125,train,
2023-08-03 02:00:00,23.353968,0.0,10004.936,28130.019480992276,27251.518951318718,23.14065009740496,23.15097234620062,2170.7529100293527,train,
2023-08-03 03:00:00,22.401539,0.0,10022.111,24793.53084116198,27531.7421985943,23.12396765420581,22.809439361445452,2133.833933185637,train,
2023-08-03 04:00:00,22.837658,0.0,10098.905,25149.515383238,30277.90676456871,23.12574757691619,23.366286349886323,2137.580012914266,train,
2023-08-03 05:00:00,23.22286,0.0,10439.478,25849.35292214752,31121.473057832838,23.129246764610738,22.83633120228086,2145.080451135659,train,
2023-08-03 06:00:00,24.075188,0.0,11897.035,28876.80518248601,34112.67838973322,23.14438402591243,23.078913992548276,2179.560251471045,train,
2023-08-03 07:00:00,25.874985,115.418434,17297.02,41891.058731746256,44982.974450673464,23.20945529365873,23.120871151842717,2362.0700077474316,train,
2023-08-03 08:00:00,26.986872,341.13898,29999.998,64182.8341890843,64836.78797576779,23.32091417094542,23.428345254743185,2776.237126775942,train,
2023-08-03 09:00:00,29.08669,589.9022,42702.97,90831.95186791499,90168.88966359914,23.454159759339575,22.818428577274375,3380.147797378349,train,
2023-08-03 10:00:00,30.375385,854.8482,48102.91,109799.99759114065,114127.97610910863,23.548999987955703,23.81627293243454,3853.6262823362936,train,
2023-08-03 11:00:00,31.99929,1017.9189,49560.277,122948.9273649321,127540.31311960383,23.61474463682466,23.41164753254101,4195.806819453037,train,
2023-08-03 12:00:00,32.959965,1111.2756,49899.992,131137.1198851944,139818.5030784861,23.655685599425972,24.02167458785909,4413.303727436563,train,
2023-08-03 13:00:00,33.776394,1022.597,49972.953,132824.12195251466,140728.35659950325,23.664120609762573,23.520671132407728,4458.477614075328,train,
2023-08-03 14:00:00,34.593525,924.7187,49972.953,133549.99668607875,135957.883296039,23.667749983430394,23.65309690771019,4477.950586302452,train,
2023-08-03 15:00:00,34.83224,723.4828,49899.992,129082.56209621597,126659.75431791057,23.64541281048108,24.219548622501605,4358.448927496009,train,
2023-08-03 16:00:00,34.34745,469.25015,49560.277,119992.89498977675,121678.79304815258,23.599964474948884,23.516763012310783,4118.065730804309,train,
2023-08-03 17:00:00,34.20103,222.2534,48102.91,110151.18283209091,113990.26780651903,23.550755914160455,23.92241087956249,3862.6357285379436,train,
2023-08-03 18:00:00,33.37552,65.596436,42702.97,97122.79050300836,99408.6169691087,23.485613952515042,23.49732747818441,3534.0561387140024,train,
2023-08-03 19:00:00,31.897472,19.327091,29999.998,78577.02136597809,79790.50461235893,23.39288510682989,23.517510755917936,3091.4257969542855,train,
2023-08-03 20:00:00,31.07255,40.990746,17297.02,63570.06069416045,67268.91268933381,23.317850303470802,23.338837880294214,2763.5190165789195,train,
2023-08-03 21:00:00,28.581303,0.0,11897.035,49198.26361086592,50945.60446665108,23.24599131805433,23.500346805944368,2485.643222204633,train,
2023-08-03 22:00:00,27.489563,28.448437,10439.478,44309.177207221495,45800.90650289786,23.221545886036107,23.015886402180193,2401.452241103883,train,
2023-08-03 23:00:00,25.670746,0.0,10098.905,37295.27706917537,41009.03047389439,23.186476385345877,22.891261828440122,2291.6901890307736,train,
2023-08-04 00:00:00,24.662756,0.0,10000.246,33384.556620385556,35485.39745263515,23.166922783101928,22.975349925988823,2236.755632308938,train,
2023-08-04 01:00:00,23.283413,17.857752,10001.102,29313.267232924998,32846.585933952745,23.146566336164625,23.17647944906185,2184.797673076843,train,
2023-08-04 02:00:00,23.46204,0.0,10004.936,28325.995764058833,31919.680479128685,23.141629978820294,23.075384343155196,2173.0452900073046,train,
2023-08-04 03:00:00,22.881954,32.583477,10022.111,27063.09134116367,27603.621286279038,23.13531545670582,23.348397919647173,2158.511019579504,train,
2023-08-04 04:00:00,23.492887,0.0,10098.905,27030.731993322377,28992.14335698433,23.135153659966612,23.526573169913068,2158.1460619905547,train,
2023-08-04 05:00:00,23.108955,23.115118,10439.478,26390.209641985508,32482.867120674502,23.131951048209928,22.839199547039424,2150.9994998728266,train,
2023-08-04 06:00:00,24.371498,0.0,11897.035,29762.93212109056,30217.673181962276,23.148814660605453,22.928630023121272,2190.2622937904443,train,
2023-08-04 07:00:00,25.45452,117.24434,17297.02,40946.06524248548,38978.045825204084,23.204730326212427,22.77385850071857,2347.109335535456,train,
2023-08-04 08:00:00,27.045855,314.39865,29999.998,63518.30367876303,61375.05377808173,23.317591518393815,23.926703415621546,2762.447721135154,train,
2023-08-04 09:00:00,28.534502,614.3896,42702.97,90087.38678039094,93185.25926740385,23.450436933901955,23.541837783638503,3362.1664936804927,train,
2023-08-04 10:00:00,30.316244,817.1101,48102.91,108461.82288614089,111579.9073420382,23.542309114430704,23.686249810446178,3819.367790800741,train,
2023-08-04 11:00:00,31.804647,1011.3799,49560.277,122123.01825920165,124632.10558347174,23.610615091296008,23.208552575786694,4174.042217067716,train,
2023-08-04 12:00:00,33.037792,1065.8698,49899.992,129827.1741330069,138143.27182430497,23.649135870665035,23.64878487396297,4378.308535156686,train,
2023-08-04 13:00:00,33.78549,1015.8563,49972.953,132419.9042027786,,23.662099521013893,23.81487391633782,4447.642962982275,train,
2023-08-04 14:00:00,34.68207,894.59564,49972.953,132660.70215595816,137424.22984364975,23.66330351077979,23.587476203619463,4454.096508480778,train,
2023-08-04 15:00:00,35.161793,696.85474,49899.992,128872.7104706311,138669.42658175662,23.644363552353155,23.967075239801073,4352.856298299129,train,
2023-08-04 16:00:00,34.24619,452.72842,49560.277,118922.95119647827,117310.28630179557,23.59461475598239,24.288164093675242,4090.036856698477,train,
2023-08-04 17:00:00,34.008053,247.53925,48102.91,110104.1288637333,111637.53331168828,23.550520644318667,23.266401796190483,3861.4281391160744,train,
2023-08-04 18:00:00,33.02456,25.155067,42702.97,94694.2040392571,95078.4822995083,23.473471020196286,23.166844846403276,3474.2327283539325,train,
2023-08-04 19:00:00,31.998888,0.0,29999.998,77805.62398305761,78056.56897032348,23.389028119915288,23.125701300256715,3073.8158062990133,train,
2023-08-04 20:00:00,30.338917,0.061456505,17297.02,59963.4314185586,62085.789548265704,23.299817157092793,23.78167690509774,2689.9910402712053,train,
2023-08-04 21:00:00,28.805279,0.0,11897.035,49179.79549233991,55727.545048301356,23.2458989774617,23.558605572570606,2485.3142771491775,train,
2023-08-04 22:00:00,26.862192,1.4178755,10439.478,41388.001911074214,48713.34831068551,23.20694000955537,23.166281664217276,2354.075196753913,train,
2023-08-04 23:00:00,25.820227,14.021467,10098.905,37550.29907620795,39779.17237541276,23.18775149538104,23.198719394701303,2295.43513623047,train,
2023-08-05 00:00:00,24.176031,9.726638,10000.037,32022.386009325033,39249.25481152338,23.160111930046625,22.91514884218761,2218.7586360749547,train,
2023-08-05 01:00:00,23.797556,0.0,10000.165,29695.975771736015,32773.86848271859,23.14847987885868,23.415488026181634,2189.4441941579553,train,
2023-08-05 02:00:00,22.950583,0.0,10000.74,26593.59767490912,33369.737736713294,23.132967988374546,23.01899744114198,2153.2527704766662,train,
2023-08-05 03:00:00,22.80337,0.0,10003.316,25344.94683233035,28145.31977541351,23.12672473416165,23.048701772325153,2139.6564436704057,train,
2023-08-05 04:00:00,22.635395,0.0,10014.836,24170.575025645747,27449.38634412507,23.12085287512823,23.303489806587006,2127.391601789227,train,
2023-08-05 05:00:00,23.912777,8.625935,10065.922,27171.63273281642,30960.96180846131,23.135858163664082,23.079459682239115,2159.7379153106413,train,
2023-08-05 06:00:00,24.82171,0.0,10284.556,29076.010479669632,39012.086331862876,23.145380052398348,23.074890254348993,2181.9424710272433,train,
2023-08-05 07:00:00,26.132036,140.30469,11094.553,37292.20456175213,42243.049053197574,23.18646102280876,23.189633584467483,2291.645188280247,train,
2023-08-05 08:00:00,28.125465,382.65784,13000.0,52263.59502759834,53466.20567971659,23.26131797513799,23.499924599275914,2541.325447219998,train,
2023-08-05 09:00:00,28.766418,628.88257,14905.445,64662.959786604544,70362.82653254281,23.323314798933023,23.81726272157817,2786.2463156597682,train,
2023-08-05 10:00:00,30.821701,779.0594,15715.437,77152.56102898352,79045.72801926771,23.385762805144918,23.561408674818743,3058.96484222979,train,
2023-08-05 11:00:00,31.737894,970.1792,15934.041,87703.86378263666,89085.25825139742,23.438519318913183,23.679513586000464,3304.961565610553,train,
2023-08-05 12:00:00,33.187702,1055.0975,15984.999,96425.48839954585,102620.88415568757,23.48212744199773,23.422171223367393,3516.8291587425533,train,
2023-08-05 13:00:00,34.129715,1053.9796,15995.943,101082.07197932515,104194.9936736741,23.505410359896626,23.29307100094601,3632.6060546211343,train,
2023-08-05 14:00:00,34.688816,905.2371,15995.943,99746.48993608994,103749.14754207809,23.49873244968045,23.694928319350986,3599.2257541189942,train,
2023-08-05 15:00:00,35.050728,752.13495,15984.999,97032.17564977251,100081.56886931433,23.485160878248863,23.536533125629035,3531.8152273576648,train,
2023-08-05 16:00:00,34.461407,490.27512,15934.041,87858.63862720902,91972.27751824808,23.439293193136045,23.01250459851112,3308.659296948517,train,
2023-08-05 17:00:00,33.99995,219.19481,15715.437,77611.53956190156,81915.92847568159,23.388057697809508,23.28963681078183,3069.3966778264016,train,
2023-08-05 18:00:00,33.24419,29.544178,14905.445,67962.04328285356,65429.991325819756,23.339810216414268,23.3149411093698,2856.0384091364062,train,
2023-08-05 19:00:00,32.48657,0.0,13000.0,61976.21281850516,66796.45006711605,23.309881064092526,23.15674370398398,2730.740899424949,train,
2023-08-05 20:00:00,30.003397,0.0,11094.553,52480.64252428506,52981.06143238859,23.262403212621425,23.706923890984065,2545.347924309291,train,
2023-08-05 21:00:00,28.064974,0.0,10284.556,45300.98983167719,44813.439626944884,23.226504949158386,23.370456660229053,2418.0491541233705,train,
2023-08-05 22:00:00,27.040878,27.956171,10065.922,42110.02506625406,44971.8490891892,23.21055012533127,23.622502600697864,2365.5715567220727,train,
2023-08-05 23:00:00,25.823397,8.423131,10014.836,37323.61641491053,40516.109725067196,23.186618082074553,23.2656456605702,2292.1053876422525,train,
2023-08-06 00:00:00,24.589237,24.204454,10000.037,33545.11802218667,34992.4155725184,23.167725590110933,23.192141941038457,2238.9165792432264,train,
2023-08-06 01:00:00,23.602623,0.0,10000.165,29264.32579605489,34079.4714860208,23.146321628980274,22.8653422836972,2184.2071073659386,train,
2023-08-06 02:00:00,23.43945,0.0,10000.74,27880.202219066774,27970.56732473139,23.139401011095334,23.142979871054305,2167.850342666313,train,
2023-08-06 03:00:00,23.152308,0.0,10003.316,26344.205675955833,28469.076436352614,23.13172102837978,23.13563720608241,2150.491910105071,train,
2023-08-06 04:00:00,22.946627,0.0,10014.836,25055.391958868255,26805.758663855187,23.12527695979434,22.71514279458407,2136.5849853425602,train,
2023-08-06 05:00:00,23.377916,39.291054,10065.922,26780.923316925964,29680.51184966211,23.13390461658463,22.972046375653512,2155.3412881342856,train,
2023-08-06 06:00:00,24.380844,0.0,10284.556,27985.32134570806,31590.197224792,23.13992660672854,23.04294182717363,2169.0690145175854,train,
2023-08-06 07:00:00,25.619366,151.5517,11094.553,36294.830382309585,36999.66908282082,23.181474151911548,23.305518015128264,2277.187572694125,train,
2023-08-06 08:00:00,27.118734,360.2389,13000.0,48912.28749536509,53708.91307788859,23.244561437476825,23.38296647107254,2480.5585421889004,train,
2023-08-06 09:00:00,28.132828,588.0218,14905.445,61533.92608072039,64705.40114007239,23.307669630403602,23.13327408581404,2721.7240221993125,train,
2023-08-06 10:00:00,30.130386,841.20953,15715.437,77071.00049525053,74287.10536559913,23.385355002476253,,3057.113868603035,train,
2023-08-06 11:00:00,31.591936,992.8222,15934.041,88094.90314829844,84603.5269096137,23.440474515741492,23.38585083693694,3314.3084896607425,train,
2023-08-06 12:00:00,32.928978,1062.537,15984.999,96088.96899571703,99045.74639004623,23.480444844978585,22.6195588375221,3508.529744265236,train,
2023-08-06 13:00:00,33.85632,1029.7737,15995.943,99670.4503134481,101875.558085135,23.49835225156724,23.35294164198178,3597.3293981948573,train,
2023-08-06 14:00:00,34.826244,916.1896,15995.943,100424.29551523355,103050.31295169138,23.502121477576168,23.825818069618883,3616.149224901796,train,
2023-08-06 15:00:00,34.54911,726.9091,15984.999,95005.14000481032,97907.70888854822,23.47502570002405,22.970483973035748,3481.864294397507,train,
2023-08-06 16:00:00,34.38201,511.47668,15934.041,88218.97215469505,91967.21667847109,23.441094860773475,23.474902220898137,3317.27724847167,train,
2023-08-06 17:00:00,34.174816,230.80128,15715.437,78524.52188234124,84452.97238759109,23.392622609411706,23.868200973667292,3090.2249890849794,train,
2023-08-06 18:00:00,32.910404,37.945705,14905.445,67457.10414904167,67295.73932480754,23.33728552074521,23.109101634842062,2845.2442443764276,train,
2023-08-06 19:00:00,31.84847,0.0,13000.0,60337.529138931954,60176.125029204966,23.30168764569466,23.302332369822967,2697.5091622332475,train,
2023-08-06 20:00:00,30.582537,0.0,11094.553,54023.47202621343,54209.00030427808,23.270117360131067,22.87891248296269,2574.234250566634,train,
2023-08-06 21:00:00,28.930676,7.1509833,10284.556,47991.85164019164,51703.83610845959,23.239959258200958,23.72812860070003,2464.3246623504683,train,
2023-08-06 22:00:00,27.309038,36.04103,10065.922,43305.71595426989,49274.81667205326,23.21652857977135,23.191528791672365,2384.920655049286,train,
2023-08-06 23:00:00,25.683311,0.0,10014.836,36853.347232520406,38867.63022337522,23.184266736162602,23.198254789000806,2285.2466567127162,train,
2023-08-07 00:00:00,24.765057,0.0,10000.246,33302.41643815981,30709.482831534733,23.1665120821908,23.572802221842487,2235.6533377423602,train,
2023-08-07 01:00:00,23.609007,0.0,10001.102,29297.155477389937,28574.607277127536,23.14648577738695,23.344929295780595,2184.6031646868323,train,
2023-08-07 02:00:00,22.737442,0.0,10004.936,26057.064254761288,27268.250312898523,23.130285321273806,22.867596701524786,2147.3410390105905,train,
2023-08-07 03:00:00,22.674616,0.0,10022.111,25028.337577624883,26836.861587139043,23.125141687888124,22.93095831066193,2136.299584260034,train,
2023-08-07 04:00:00,22.452131,45.55783,10098.905,25217.533267372262,27344.27541730526,23.12608766633686,23.27456705769385,2138.3010979939013,train,
2023-08-07 05:00:00,23.154163,0.0,10439.478,25414.33535555058,28496.914277957283,23.127071676777753,22.939835360258872,2140.3970653614597,train,
2023-08-07 06:00:00,23.739136,0.0,11897.035,27700.294915546663,30025.12291226266,23.138501474577733,22.503328480941576,2165.7736965268173,train,
2023-08-07 07:00:00,25.462967,120.091194,17297.02,40641.064558852944,46098.96794655527,23.203205322794265,23.187233083202543,2342.3335619909403,train,
2023-08-07 08:00:00,27.716242,361.83383,29999.998,66493.67933002282,67584.09275812074,23.332468396650114,22.888404598312672,2824.7598927624827,train,
2023-08-07 09:00:00,28.512342,613.36914,42702.97,90003.50519346583,90105.99265638107,23.45001752596733,23.934902052036445,3360.1440225679626,train,
2023-08-07 10:00:00,30.602869,819.7346,48102.91,109133.56401941385,113970.79430458053,23.54566782009707,23.598704111426017,3836.550705519419,train,
2023-08-07 11:00:00,31.733559,990.5145,49560.277,121161.98783181745,117790.97835792984,23.605809939159087,23.334257422136016,4148.759400811492,train,
2023-08-07 12:00:00,32.69736,1045.6571,49899.992,128037.06499409131,132724.66590212597,23.640185324970457,23.43059560057172,4330.605155295395,train,
2023-08-07 13:00:00,34.466404,993.71136,49972.953,133203.93114906395,136662.20687616678,23.66601965574532,23.099200379383145,4468.664067280972,train,
2023-08-07 14:00:00,34.763374,908.35156,49972.953,133107.3472312063,135448.85828718232,23.66553673615603,23.33569817012188,4466.073140717249,train,
2023-08-07 15:00:00,34.034218,691.70294,49899.992,125498.41491864697,135269.55225740137,23.627492074593235,23.932389035355445,4263.199142942255,train,
2023-08-07 16:00:00,34.947056,429.82623,49560.277,119656.09905415917,120099.30156814415,23.598280495270796,24.267816338918514,4109.236405559173,train,
2023-08-07 17:00:00,33.501175,218.4587,48102.91,107608.4418598363,118432.59040419628,23.53804220929918,23.75596116325887,3797.5806882213305,train,
2023-08-07 18:00:00,32.906414,38.49912,42702.97,94343.40031055584,96562.13772630504,23.47171700155278,23.44410423996647,3465.6326210292414,train,
2023-08-07 19:00:00,32.002186,0.0,29999.998,77521.68427502681,76604.62489394385,23.387608421375134,23.258020608678958,3067.352340301525,train,
2023-08-07 20:00:00,30.167912,0.05158985,17297.02,59210.26020845659,62397.29044048978,23.296051301042283,23.009102556969374,2674.9335361010044,train,
2023-08-07 21:00:00,29.182516,2.2240732,11897.035,49963.31964721037,50273.41706652151,23.249816598236052,23.867746368037974,2499.3399086863687,train,
2023-08-07 22:00:00,27.48653,31.393026,10439.478,43806.89115539695,45007.8309802028,23.219034455776985,23.162409845217674,2393.1442374898165,train,
2023-08-07 23:00:00,25.104189,5.4826884,10098.905,35331.065846131794,39229.75278546668,23.17665532923066,23.81134427824941,2263.5052004449494,train,
2023-08-08 00:00:00,24.274973,5.2126737,10000.246,31847.118703528566,36078.559237050176,23.159235593517643,23.57729144640066,2216.4871018674967,train,
2023-08-08 01:00:00,23.623264,28.934402,10001.102,29974.88894314344,31610.560919387535,23.149874444715717,22.627635515311834,2192.8621868321784,train,
2023-08-08 02:00:00,22.681032,23.196405,10004.936,26531.029948832696,31656.47680491663,23.132655149744163,22.932869431016375,2152.558012024594,train,
2023-08-08 03:00:00,22.620075,0.0,10022.111,24814.654630447563,30284.83974945057,23.124073273152238,22.923359735900092,2134.054914004219,train,
2023-08-08 04:00:00,23.230946,7.8744297,10098.905,26005.114743861668,32088.530274104185,23.13002557371931,23.106071664487587,2146.7741831774647,train,
2023-08-08 05:00:00,23.637146,0.0,10439.478,26575.220214471075,30715.07298768662,23.132876101072355,23.11478182513823,2153.048558788879,train,
2023-08-08 06:00:00,24.095697,0.88482976,11897.035,28609.124459734405,34576.464661037484,23.143045622298672,24.041917350918116,2176.3808954586316,train,
2023-08-08 07:00:00,25.776428,161.06235,17297.02,42688.93623737284,41222.24359700204,23.213444681186864,22.890276318844435,2374.8917342419286,train,
2023-08-08 08:00:00,26.908764,354.4681,29999.998,64184.47539468559,66301.8805755292,23.320922376973428,23.389613357672744,2776.27127520383,train,
2023-08-08 09:00:00,28.22051,589.05853,42702.97,88264.8081192677,88387.76006437337,23.44132404059634,23.62627636333668,3318.374408817973,train,
2023-08-08 10:00:00,29.807478,790.0383,48102.91,105882.33785220709,109329.87118421494,23.529411689261035,23.528940087920276,3753.6598836527573,train,
2023-08-08 11:00:00,31.82137,983.9593,49560.277,120859.57871312018,121493.314240881,23.6042978935656,23.637352066900007,4140.813203954219,train,
2023-08-08 12:00:00,32.93798,1047.5474,49899.992,128540.64208537679,130818.85067955774,23.642703210426884,23.329260542134907,4344.010474313896,train,
2023-08-08 13:00:00,33.90491,1041.2328,49972.953,133093.6033450783,144498.84014471126,23.66546801672539,23.697413875106196,4465.704482636455,train,
2023-08-08 14:00:00,34.04366,920.6336,49972.953,131509.30796528683,133758.5931930425,23.657546539826434,23.810966238678745,4423.259914741365,train,
2023-08-08 15:00:00,34.633015,727.31165,49899.992,128103.40759286802,132896.1092488763,23.64051703796434,23.73879721324568,4332.370567393102,train,
2023-08-08 16:00:00,34.087273,497.84814,49560.277,119726.73912141545,121771.85951411322,23.598633695607077,23.769693966780704,4111.087794560307,train,
2023-08-08 17:00:00,33.53218,232.21631,48102.91,108315.56316954902,111604.45709030906,23.541577815847745,23.965360186038616,3815.630367614623,train,
2023-08-08 18:00:00,32.883175,74.14353,42702.97,95657.21610949183,98678.26182871244,23.47828608054746,23.75937604312176,3497.8954664821276,train,
2023-08-08 19:00:00,31.15323,0.0,29999.998,75610.24892634194,79966.02854792509,23.37805124463171,23.39943962868094,3024.1062759818897,train,
2023-08-08 20:00:00,30.527208,23.097893,17297.02,61059.15637663557,67219.56806182822,23.305295781883178,22.953768276318193,2712.083796582213,train,
2023-08-08 21:00:00,29.70134,0.0,11897.035,51671.08858346765,58839.65015443944,23.25835544291734,23.078353860504002,2530.397450176653,train,
2023-08-08 22:00:00,27.337202,0.0,10439.478,42784.00464351435,46519.7953816012,23.21392002321757,23.148030677642346,2376.4309264109975,train,
2023-08-08 23:00:00,25.289425,0.0,10098.905,35815.25091969055,40153.724778628166,23.179076254598453,23.25478000400089,2270.343361387514,train,
2023-08-09 00:00:00,24.325726,0.0,10000.246,32037.309382906897,32483.59568338206,23.160186546914534,23.016686718464715,2218.952517122997,train,
2023-08-09 01:00:00,22.858513,18.239431,10001.102,27773.92963275247,30583.533925829415,23.138869648163762,22.858149688408457,2166.6222676139414,train,
2023-08-09 02:00:00,22.730238,0.0,10004.936,25940.273397211655,30958.198560280358,23.12970136698606,22.773241760249956,2146.068033760784,train,
2023-08-09 03:00:00,22.879765,0.0,10022.111,25550.522295577593,30405.30224692023,23.127752611477888,22.632399283761227,2141.8558006129,train,
2023-08-09 04:00:00,23.117039,2.579069,10098.905,25631.939920591405,29085.36268316413,23.128159699602957,23.057674488470585,2142.7311333164334,train,
2023-08-09 05:00:00,23.06799,9.6105995,10439.478,25406.970090709536,30304.135363630776,23.127034850453548,22.686135217832454,2140.3183679703325,train,
2023-08-09 06:00:00,24.553858,0.0,11897.035,29793.731219420748,,23.148968656097104,22.848810950849884,2190.63912545576,train,
2023-08-09 07:00:00,26.139402,132.67986,17297.02,42874.50150018017,48728.70777827355,23.2143725075009,23.09620194564761,2377.89835590171,train,
2023-08-09 08:00:00,27.825962,327.04404,29999.998,65765.3594544449,69578.27713373788,23.328826797272225,22.928051604454794,2809.3725729698276,train,
2023-08-09 09:00:00,28.396523,596.99023,42702.97,89022.15694528763,90835.3579092997,23.445110784726438,23.559036441276046,3336.532629013581,train,
2023-08-09 10:00:00,29.884073,813.6922,48102.91,106838.75463980854,111107.55328763915,23.534193773199043,23.756260692280748,3777.9713529468017,train,
2023-08-09 11:00:00,31.698606,923.57465,49560.277,118684.34682474671,109716.40190185657,23.593421734123734,23.428593628191113,4083.7944075449104,train,
2023-08-09 12:00:00,31.748245,1055.9972,49899.992,125429.94851183593,130061.57216540018,23.62714974255918,23.49604155027618,4261.385312936819,train,
2023-08-09 13:00:00,33.66058,1018.0136,49972.953,131446.37736000604,118314.64245000047,23.65723188680003,23.818460817841753,4421.576088790307,train,
2023-08-09 14:00:00,34.364006,883.69226,49972.953,130960.18423146773,126362.17057892468,23.65480092115734,23.440602391986936,4408.572656602812,train,
2023-08-09 15:00:00,34.493103,747.47577,49899.992,128123.50793792006,133080.97858770876,23.6406175396896,23.40579736621041,4332.9054868167195,train,
2023-08-09 16:00:00,33.838844,482.34995,49560.277,118401.09015853173,123347.68485514446,23.59200545079266,23.950954994248544,4076.387657676326,train,
2023-08-09 17:00:00,33.774773,225.52277,48102.91,108488.11317513522,107047.5890377848,23.542440565875676,23.807696887489513,3820.0397419753176,train,
2023-08-09 18:00:00,32.608837,34.257946,42702.97,93468.10443400315,94015.46766908866,23.467340522170016,23.647805522873192,3444.2209412053035,train,
2023-08-09 19:00:00,31.979834,5.201101,29999.998,77569.77845783766,84775.21005777158,23.38784889228919,23.665542278707417,3068.4464272654677,train,
2023-08-09 20:00:00,29.862364,17.161919,17297.02,58943.29192248762,60651.1145367005,23.294716459612438,22.70153284200223,2669.62178901687,train,
2023-08-09 21:00:00,28.563902,2.5575309,11897.035,48344.12238969392,56885.28811753722,23.24172061194847,23.6478712759864,2470.51386409118,train,
2023-08-09 22:00:00,27.030746,11.266826,10439.478,41909.45767738228,44904.92228587736,23.20954728838691,23.327165923362035,2362.363726975816,train,
2023-08-09 23:00:00,25.903868,0.0,10098.905,37182.3660866994,41116.78456823445,23.185911830433497,23.48914624563522,2290.0383213004975,train,
2023-08-10 00:00:00,23.384705,0.0,10000.246,29404.818970122902,35939.15219998833,23.147024094850615,23.263172628585522,2185.904627562495,train,
2023-08-10 01:00:00,23.313305,20.65814,10001.102,28712.968478669154,31998.294611381847,23.143564842393346,23.158242289797393,2177.6113296388185,train,
2023-08-10 02:00:00,23.153997,2.3385687,10004.936,27000.131290384386,27837.27216195713,23.135000656451922,23.052407892743304,2157.8012838832483,train,
2023-08-10 03:00:00,22.501032,12.102026,10022.111,24809.047356760773,27574.88938754016,23.124045236783804,23.234188549849666,2133.9962389083535,train,
2023-08-10 04:00:00,22.239378,0.0,10098.905,23042.23248217241,25966.876848848526,23.115211162410862,23.021686789739498,2116.0931052262877,train,
2023-08-10 05:00:00,23.580194,26.060614,10439.478,27005.764159737566,27060.8362907676,23.135028820798688,23.395391650818222,2157.8647242276866,train,
2023-08-10 06:00:00,24.53774,0.0,11897.035,29726.546069548476,32166.320516601936,23.148632730347742,22.67269573698208,2189.8175236997463,train,
2023-08-10 07:00:00,25.537512,113.72359,17297.02,40567.30942243832,41829.702211209114,23.20283654711219,23.04036378857391,2341.182593134988,train,
2023-08-10 08:00:00,26.628874,323.6428,29999.998,62215.56627519149,67744.27173615525,23.311077831375957,23.924524805918953,2735.6350301618218,train,
2023-08-10 09:00:00,28.349438,598.7522,42702.97,88639.20492521657,91754.37053550569,23.443196024626083,23.255371885554364,3327.343953485585,train,
2023-08-10 10:00:00,30.073118,809.3316,48102.91,107059.31041403644,,23.535296552070182,23.463691435151137,3783.58644036265,train,
2023-08-10 11:00:00,31.295494,987.6171,49560.277,119498.05899159287,122062.17204633873,23.597490294957964,23.33271601495294,4105.095308574746,train,
2023-08-10 12:00:00,32.120277,1034.107,49899.992,125752.99125643368,129705.71008237536,23.62876495628217,23.729518658147917,4269.945354327923,train,
2023-08-10 13:00:00,33.534145,987.4603,49972.953,130101.7142660271,135806.83734060475,23.650508571330136,23.42962910428748,4385.636835108792,train,
2023-08-10 14:00:00,34.416565,901.71674,49972.953,131472.7591608701,130051.74980372647,23.65736379580435,23.601680515362236,4422.281963108519,train,
2023-08-10 15:00:00,34.442883,690.01324,49899.992,126122.23113942918,124664.51163028703,23.630611155697146,23.885271116507667,4279.735443789586,train,
2023-08-10 16:00:00,34.411034,458.58432,49560.277,118862.88617915142,126379.32863393372,23.594314430895757,23.38468540525131,4088.4651325105015,train,
2023-08-10 17:00:00,33.875324,254.89915,48102.91,109469.75148973337,110884.24979093368,23.547348757448667,23.783932093228234,3845.16109442785,train,
2023-08-10 18:00:00,33.24698,55.489613,42702.97,95730.59475291288,93772.07005144638,23.478652973764564,23.72532176843267,3499.7017150854135,train,
2023-08-10 19:00:00,32.527237,0.0,29999.998,78884.27916559948,83259.41524909413,23.394421395827997,23.710908224243784,3098.460351453381,train,
2023-08-10 20:00:00,30.491333,0.0,17297.02,60055.727457853434,64303.046452461815,23.300278637289267,23.342440935764678,2691.843487360061,train,
2023-08-10 21:00:00,28.083975,0.0,11897.035,46919.382235974896,46175.76291069955,23.234596911179874,24.20697463427291,2445.666695701801,train,
2023-08-10 22:00:00,26.030014,0.0,10439.478,38691.26808210268,42221.927507810324,23.193456340410513,23.509816449373137,2312.425740044645,train,
2023-08-10 23:00:00,25.607922,11.005248,10098.905,36417.010352019475,41093.36190110226,23.182085051760097,23.279548339082144,2278.9424693662595,train,
2023-08-11 00:00:00,24.399113,22.988941,10000.246,32658.589467991562,36492.381391583214,23.163292947339958,22.90051562311544,2227.088933885427,train,
2023-08-11 01:00:00,22.952295,7.969114,10001.102,27458.453270482863,31825.429364546366,23.137292266352414,23.108174528590173,2163.00022894279,train,
2023-08-11 02:00:00,22.926456,0.0,10004.936,26162.434099522612,26145.37063123547,23.130812170497613,23.558710263567622,2148.493812467394,train,
2023-08-11 03:00:00,22.306421,0.0,10022.111,23772.329628744872,27475.24343533806,23.118861648143724,23.631722032831604,2123.3490740761235,train,
2023-08-11 04:00:00,22.97871,0.0,10098.905,24828.502949011978,27182.651896434967,23.12414251474506,23.56764124487713,2134.1998741496045,train,
2023-08-11 05:00:00,23.286839,0.0,10439.478,25386.793188935288,27353.572579295094,23.126933965944676,23.362491657963563,2140.1028810727753,train,
2023-08-11 06:00:00,24.529543,0.0,11897.035,29458.708474622596,34362.22842206787,23.147293542373113,22.77059548048444,2186.5575580106556,train,
2023-08-11 07:00:00,24.91592,138.69986,17297.02,39558.69317462159,45998.88946844143,23.197793465873108,23.343942011220808,2325.596952422209,train,
2023-08-11 08:00:00,26.884897,345.008,29999.998,63419.33515016578,71372.51512767347,23.31709667575083,22.94467596233493,2760.4004897478458,train,
2023-08-11 09:00:00,28.553759,568.6582,42702.97,88208.90077572585,95570.16608281345,23.44104450387863,22.994803145864402,3317.03620095646,train,
2023-08-11 10:00:00,29.596163,772.6957,48102.91,104484.45274150516,107076.43483486047,23.522422263707526,23.594169869080698,3718.2389350635663,train,
2023-08-11 11:00:00,32.366135,943.638,49560.277,120626.98355775936,125085.3772433173,23.603134917788797,23.76009475196972,4134.704614119315,train,
2023-08-11 12:00:00,32.63953,1024.9156,49899.992,126639.3274564912,132931.6479760532,23.633196637282456,23.904209766826696,4293.456338751934,train,
2023-08-11 13:00:00,34.365337,1020.63257,49972.953,133123.1973791411,136664.4384843425,23.665615986895705,23.814756859011535,4466.498305429118,train,
2023-08-11 14:00:00,34.143017,913.73975,49972.953,131113.24857006822,,23.65556624285034,23.815042038573164,4412.665357302414,train,
2023-08-11 15:00:00,34.52121,674.68463,49899.992,125674.14842621077,132189.80793979965,23.628370742131054,23.33297496663334,4267.855717381732,train,
2023-08-11 16:00:00,34.882313,483.65497,49560.277,120711.78318983158,123466.53495192864,23.603558915949158,23.572065910543756,4136.931367666379,train,
2023-08-11 17:00:00,33.93088,248.97499,48102.91,109441.17414777637,109637.48237586336,23.547205870738882,23.095070835048535,3844.4288963329163,train,
2023-08-11 18:00:00,32.93266,31.109577,42702.97,94010.73045947896,95577.69526192867,23.470053652297395,22.869042913477337,3457.4869048735854,train,
2023-08-11 19:00:00,31.719576,0.0,29999.998,76483.77428118778,81413.27824005678,23.38241887140594,23.60461168435886,3043.8119119725698,train,
2023-08-11 20:00:00,29.619648,37.213192,17297.02,58645.132716247164,61653.105962165755,23.293225663581236,23.06728834544395,2663.7053951545804,train,
2023-08-11 21:00:00,28.457376,0.0,11897.035,47762.68946726461,51599.71297982961,23.238813447336323,23.500562997979237,2460.3144219045894,train,
2023-08-11 22:00:00,26.677706,11.915582,10439.478,40764.86369594505,45335.70962760918,23.203824318479725,23.536328591843738,2344.2689054231982,train,
2023-08-11 23:00:00,25.692163,0.0,10098.905,36364.26309638381,38510.305163688194,23.18182131548192,22.99602611809496,2278.184291818535,train,
2023-08-12 00:00:00,24.119081,0.0,10000.037,31114.332273896394,35783.44778353783,23.155571661369482,23.33266498973607,2207.100248191139,train,
2023-08-12 01:00:00,23.365545,0.0,10000.165,28106.830495995895,31929.10175849689,23.14053415247998,22.94218713389589,2170.482556593713,train,
2023-08-12 02:00:00,22.75285,0.0,10000.74,25617.187659737796,25971.511282807318,23.12808593829869,22.574322275910642,2142.5723495916773,train,
2023-08-12 03:00:00,22.564774,0.0,10003.316,24300.765486494667,30371.03722923721,23.121503827432473,23.15849664876521,2128.7260234484497,train,
2023-08-12 04:00:00,22.769867,0.0,10014.836,24123.991759971374,26058.949916239017,23.120619958799857,22.97935779488513,2126.915673126617,train,
2023-08-12 05:00:00,23.122217,9.691935,10065.922,24771.518129193737,24240.2003675133,23.12385759064597,22.991830887469828,2133.603829060699,train,
2023-08-12 06:00:00,23.91508,0.0,10284.556,26221.493375961556,26975.54636216924,23.131107466879808,23.723710402233465,2149.1416992322856,train,
2023-08-12 07:00:00,25.31358,172.19559,11094.553,35658.70969029348,36342.852039602374,23.178293548451467,22.720536453631667,2268.1246039622615,train,
2023-08-12 08:00:00,27.455023,342.7014,13000.0,48882.58904995624,52011.980529156295,23.24441294524978,23.359274285861222,2480.031604839787,train,
2023-08-12 09:00:00,28.728987,605.6058,14905.445,63321.549767449884,65566.1661800242,23.31660774883725,23.018165577693825,2758.3793789934825,train,
2023-08-12 10:00:00,30.367018,814.78204,15715.437,76645.41486539633,78618.929866353,23.38322707432698,23.655705497107178,3047.469057742809,train,
2023-08-12 11:00:00,32.13131,935.9718,15934.041,87353.65054200272,92396.5621728198,23.436768252710014,23.526297623562535,3296.6034394074304,train,
2023-08-12 12:00:00,32.35019,992.6563,15984.999,91847.97600754705,96005.17278594039,23.459239880037735,23.57304318479192,3404.768072426468,train,
2023-08-12 13:00:00,33.979454,979.5385,15995.943,97600.32811333872,101720.99489712491,23.488001640566694,23.204534755286016,3545.8767100744262,train,
2023-08-12 14:00:00,33.944847,891.6953,15995.943,96546.6566717133,100989.1789786953,23.482733283358566,23.25305690937207,3519.8197713856193,train,
2023-08-12 15:00:00,34.445587,725.3441,15984.999,93790.07860421567,98917.03053690832,23.46895039302108,23.747125545224844,3452.0893615499667,train,
2023-08-12 16:00:00,34.568573,455.98627,15934.041,86218.19059848122,82326.04743722937,23.431090952992406,23.962330269510677,3269.5899973954583,train,
2023-08-12 17:00:00,34.42121,235.49352,15715.437,78444.11740909223,80318.59120551558,23.39222058704546,23.536312932212716,3088.3865691461456,train,
2023-08-12 18:00:00,32.509098,49.479904,14905.445,66048.53940974636,62910.49546691347,23.33024269704873,23.0610164808173,2815.3452012754556,train,
2023-08-12 19:00:00,31.541403,52.906498,13000.0,60461.01374364241,63558.37541754703,23.302305068718212,23.40398662545683,2699.996437889877,train,
2023-08-12 20:00:00,30.59473,0.0,11094.553,53552.78602671376,56540.90074998701,23.26776393013357,23.99600554343485,2565.367576410969,train,
2023-08-12 21:00:00,27.983398,0.0,10284.556,44727.03837428682,50245.11276221969,23.223635191871434,23.25436203508711,2408.413827721771,train,
2023-08-12 22:00:00,27.171253,0.0,10065.922,41122.96257404395,46913.774079705894,23.20561481287022,23.6441670706883,2349.8911136007127,train,
2023-08-12 23:00:00,25.45601,2.5642664,10014.836,35663.05768481755,39122.989236539564,23.178315288424088,22.956216478672474,2268.186128845594,train,
2023-08-13 00:00:00,23.948769,0.0,10000.037,30535.765408507134,32435.063191296602,23.152678827042536,23.14005301155162,2199.8158268762054,train,
2023-08-13 01:00:00,23.406588,0.0,10000.165,28105.633080302538,32158.660041714178,23.140528165401513,23.326397727239176,2170.468601422314,train,
2023-08-13 02:00:00,22.986504,0.0,10000.74,26149.890451175394,28015.735232068044,23.130749452255877,23.249947944734735,2148.3563702392644,train,
2023-08-13 03:00:00,22.179249,0.0,10003.316,23215.03172901558,26212.082382610115,23.116075158645078,22.88615855461173,2117.792229743343,train,
2023-08-13 04:00:00,22.90053,0.0,10014.836,24334.97364178976,29434.53448230136,23.12167486820895,22.878819631069767,2129.0776988949797,train,
2023-08-13 05:00:00,23.417284,16.059313,10065.922,25692.063278625454,27496.5478411662,23.128460316393127,23.424945637323926,2143.3790854539952,train,
2023-08-13 06:00:00,23.804722,21.16206,10284.556,26601.15069488995,31336.048105780206,23.13300575347445,23.490470997269494,2153.3367355021414,train,
2023-08-13 07:00:00,26.165453,139.63396,11094.553,36905.12307176519,41453.661607613954,23.184525615358826,23.638168682795403,2285.9985341307465,train,
2023-08-13 08:00:00,27.427135,364.42682,13000.0,49495.03484168716,50116.70560865926,23.247475174208436,23.788654319184296,2490.940108991351,train,
2023-08-13 09:00:00,28.200117,569.8904,14905.445,60790.60064690438,66426.58996419825,23.303953003234522,23.3443388341313,2706.6487423214467,train,
2023-08-13 10:00:00,29.86235,787.62665,15715.437,74219.19875631673,79309.96015756732,23.371095993781584,23.277736220512107,2992.9317596007236,train,
2023-08-13 11:00:00,31.8524,950.09534,15934.041,86779.64213825007,90114.25778910515,23.43389821069125,23.83919549232479,3282.930955819582,train,
2023-08-13 12:00:00,32.58855,1048.6152,15984.999,94107.63319482598,94470.10177510703,23.47053816597413,,3459.8586622835796,train,
2023-08-13 13:00:00,33.004353,1029.0527,15995.943,96710.17871367696,96682.45900455133,23.483550893568385,23.188814315968106,3523.8576588943265,train,
2023-08-13 14:00:00,34.759197,911.20935,15995.943,99371.22583098912,100441.08633811962,23.496856129154946,23.18676542949927,3589.8713724642134,train,
2023-08-13 15:00:00,34.5476,705.174,15984.999,93717.45368429601,98589.5748247423,23.46858726842148,23.616166328828374,3450.313755669381,train,
2023-08-13 16:00:00,35.102455,473.28394,15934.041,88262.99774214377,88091.91705741243,23.44131498871072,23.38813259026552,3318.3310704911146,train,
2023-08-13 17:00:00,33.88323,248.26402,15715.437,77675.83365269033,82019.37255072866,23.38837916826345,23.380450181841244,3070.8600782641297,train,
2023-08-13 18:00:00,32.863125,32.131855,14905.445,66514.12669828645,66005.92752575128,23.332570633491432,23.65433064290449,2825.19311647755,train,
2023-08-13 19:00:00,32.69389,0.0,13000.0,61983.15888230965,64425.87149806454,23.30991579441155,23.53762693790706,2730.8827852045715,train,
2023-08-13 20:00:00,30.028255,7.8918366,11094.553,52378.904080075015,55657.78888427325,23.261894520400375,23.660856494925905,2543.4611523211297,train,
2023-08-13 21:00:00,28.163363,31.364033,10284.556,46146.19227992449,55093.70382273236,23.230730961399622,22.651270129487614,2432.390584536576,train,
2023-08-13 22:00:00,27.082853,12.527923,10065.922,41453.84980343181,41210.10929061577,23.20726924901716,23.28328862418352,2355.117724695081,train,
2023-08-13 23:00:00,25.99839,0.0,10014.836,37150.39340079187,43520.67564724662,23.18575196700396,23.39415852372312,2289.571260487483,train,
2023-08-14 00:00:00,23.79882,0.0,10000.246,30324.46314055406,33653.694434679994,23.15162231570277,22.693646558696464,2197.183596854514,train,
2023-08-14 01:00:00,22.94805,2.8444023,10001.102,27064.40473960541,30951.929949474812,23.135322023698027,22.938853331305037,2158.525840363802,train,
2023-08-14 02:00:00,22.891865,0.0,10004.936,25966.442708406845,29220.459088924625,23.129832213542034,22.87768666484336,2146.352844300321,train,
2023-08-14 03:00:00,21.22857,14.312669,10022.111,21268.287404286213,25201.90723893238,23.10634143702143,23.112850888339405,2099.3108498267206,train,
2023-08-14 04:00:00,22.274881,9.730675,10098.905,23065.608563940998,25740.361350724797,23.115328042819705,23.603684233427924,2116.322297898516,train,
2023-08-14 05:00:00,23.629549,0.0,10439.478,26149.78718626233,32273.603511351615,23.13074893593131,23.737525757330783,2148.3552389905467,train,
2023-08-14 06:00:00,24.030172,6.735323,11897.035,28330.13397633124,30338.179344199896,23.141650669881656,22.89736440395967,2173.093841049021,train,
2023-08-14 07:00:00,24.856915,129.54839,17297.02,38999.961114766535,44623.44837010546,23.194999805573833,23.352966980721906,2317.0881015313103,train,
2023-08-14 08:00:00,27.724821,325.3282,29999.998,64937.27534810105,66138.21380071221,23.324686376740505,23.4923257323832,2791.9822271410653,train,
2023-08-14 09:00:00,27.943295,613.37524,42702.97,88003.51491974184,90803.95341160879,23.44001757459871,23.556305306053133,3312.122699177418,train,
2023-08-14 10:00:00,29.851076,806.1543,48102.91,106203.09202321536,105170.57647780627,23.531015460116077,23.65070935053785,3761.8063586211338,train,
2023-08-14 11:00:00,31.358416,938.7368,49560.277,117967.89442126751,122817.59700202402,23.589839472106338,23.680962222841735,4065.0684745485637,train,
2023-08-14 12:00:00,32.783405,1074.9379,49899.992,128516.9137752618,137793.64288941558,23.64258456887631,24.148855605118236,4343.3785713067045,train,
2023-08-14 13:00:00,33.55586,1006.3203,49972.953,130806.19602127826,133465.4841118744,23.65403098010639,23.984770934416808,4404.456246326142,train,
2023-08-14 14:00:00,34.270676,877.0224,49972.953,130283.38608213658,132418.96179039075,23.651416930410683,23.333370761131203,4390.487970616063,train,
2023-08-14 15:00:00,34.530506,714.695,49899.992,126960.61874627275,125165.55019411558,23.634803093731364,23.873519417995528,4301.987777899048,train,
2023-08-14 16:00:00,34.268394,484.05127,49560.277,119282.04167552537,121342.07085409014,23.596410208377627,23.864122220731062,4099.437146688993,train,
2023-08-14 17:00:00,33.74097,237.37079,48102.91,108589.25378546615,105500.59830687237,23.54294626892733,23.637436455072866,3822.6252018627115,train,
2023-08-14 18:00:00,31.798578,0.0,42702.97,90041.19893425013,89972.96784393842,23.45020599467125,23.78963330582207,3361.0527747962374,train,
2023-08-14 19:00:00,31.683935,0.0,29999.998,76177.87460706111,79866.60115466005,23.380889373035306,23.437311583325016,3036.9000183878647,train,
2023-08-14 20:00:00,29.49864,0.0,17297.02,57107.99180101844,63581.58005167967,23.285539959005092,23.345680275327968,2633.474977058007,train,
2023-08-14 21:00:00,27.64085,0.0,11897.035,45426.839661492835,55225.61630799744,23.227134198307464,23.263506361710576,2420.173131300296,train,
2023-08-14 22:00:00,27.507133,12.460249,10439.478,42767.5629277175,44373.74023977669,23.213837814638588,22.608364588898688,2376.1645555177042,train,
2023-08-14 23:00:00,24.993301,4.989181,10098.905,34685.529405214766,40921.41587006166,23.173427647026074,23.14930812885431,2254.501575760819,train,
2023-08-15 00:00:00,24.2989,0.0,10000.246,31430.08126135811,34969.04798183018,23.15715040630679,22.95667523397042,2211.1230194826376,train,
2023-08-15 01:00:00,22.964417,0.0,10001.102,26987.487832341372,29661.146997001026,23.134937439161707,22.77900304570394,2157.6589279936475,train,
2023-08-15 02:00:00,22.40265,13.526233,10004.936,24976.284478007925,28900.198609486797,23.12488142239004,23.555086907811898,2135.7512279508915,train,
2023-08-15 03:00:00,22.663055,0.0,10022.111,24492.19628218913,27624.12171102162,23.122460981410946,23.273723236971282,2130.699629429909,train,
2023-08-15 04:00:00,22.254747,3.2238994,10098.905,22890.45715918405,26123.901071672128,23.11445228579592,23.105502961512556,2114.6100647780895,train,
2023-08-15 05:00:00,23.42251,23.202253,10439.478,26231.21969052704,28353.610244931788,23.131156098452635,22.961715093121907,2149.2485193219104,train,
2023-08-15 06:00:00,24.379229,17.010141,11897.035,29570.93640443702,29511.983574572885,23.147854682022185,23.236705557410808,2187.9205314297255,train,
2023-08-15 07:00:00,25.935371,131.73209,17297.02,41996.62472875687,41347.870606909986,23.209983123643784,23.507413951639037,2363.756510249571,train,
2023-08-15 08:00:00,26.782194,326.96988,29999.998,62651.73120794927,67444.61358613,23.313258656039746,23.065168902975664,2744.5792903499455,train,
2023-08-15 09:00:00,28.888226,567.2247,42702.97,88918.20678147723,90995.67844197738,23.444591033907386,23.443142522224402,3334.037004520224,train,
2023-08-15 10:00:00,30.710785,774.2579,48102.91,107452.20072199899,108190.87968428881,23.537261003609995,23.797680953265345,3793.5969601422717,train,
2023-08-15 11:00:00,32.104267,945.579,49560.277,120086.38841002721,123121.43599600274,23.600431942050136,23.019631603324896,4120.517760333952,train,
2023-08-15 12:00:00,32.946663,1063.9774,49899.992,128601.96683356051,135056.45918123267,23.643009834167803,23.62573890544618,4345.643713664775,train,
2023-08-15 13:00:00,33.845413,1002.2688,49972.953,131313.19924779065,135110.0495295313,23.656565996238953,23.527778585074692,4418.013203581557,train,
2023-08-15 14:00:00,35.40493,887.15137,49972.953,133525.32046036955,133587.97340045602,23.667626602301848,23.627477644975336,4477.288251122541,train,
2023-08-15 15:00:00,35.362465,698.9965,49899.992,128759.25534409803,137093.42549172998,23.64379627672049,23.49330770980892,4349.83347417921,train,
2023-08-15 16:00:00,33.9585,476.35083,49560.277,118198.6860201306,127627.70448070743,23.590993430100653,23.63228081166284,4071.0976946269507,train,
2023-08-15 17:00:00,34.03519,254.19308,48102.91,109720.88583435208,114625.71915332298,23.54860442917176,24.125692595298577,3851.597786561758,train,
2023-08-15 18:00:00,32.95302,41.587585,42702.97,94423.58142788266,100799.85445013708,23.472117907139413,23.37494116496085,3467.5973608106788,train,
2023-08-15 19:00:00,31.4985,16.117111,29999.998,76458.3593717802,83237.93823307329,23.3822917968589,23.469805099587134,3043.2371984519805,train,
2023-08-15 20:00:00,30.083832,62.08216,17297.02,60711.846035449926,66768.82953038611,23.30355923017725,23.901983155699984,2705.0573790825506,train,
2023-08-15 21:00:00,28.664707,0.0,11897.035,48542.641289385814,53061.93174103831,23.24271320644693,23.077708532935162,2474.0147980590145,train,
2023-08-15 22:00:00,27.291622,0.0,10439.478,42157.68623842635,46573.57606683611,23.21078843119213,23.755191035870823,2366.3354491871696,train,
2023-08-15 23:00:00,25.5571,0.0,10098.905,36165.818107732404,40348.2223276336,23.180829090538662,23.182425992526795,2275.3394822446667,train,
2023-08-16 00:00:00,24.32363,0.68550867,10000.246,31759.119512225454,32328.132028691572,23.158795597561127,23.693364465320606,2215.350424870214,train,
2023-08-16 01:00:00,23.791058,3.926553,10001.102,29490.134274090706,34022.57291828261,23.147450671370454,23.37251100885435,2186.9387777332745,train,
2023-08-16 02:00:00,22.761887,0.0,10004.936,25800.05208627085,25892.446381857288,23.129000260431354,23.22113276920608,2144.5462034866164,train,
2023-08-16 03:00:00,22.648361,62.900684,10022.111,26634.962197009314,27923.623130706193,23.133174810985047,23.113485606419072,2153.712861574751,train,
2023-08-16 04:00:00,23.03089,0.0,10098.905,25233.511788044183,31021.147543117648,23.12616755894022,22.938955126976456,2138.4707399077565,train,
2023-08-16 05:00:00,23.887506,4.504436,10439.478,27255.494338101016,32070.948571729026,23.136277471690505,23.15901493667981,2160.6887268768796,train,
2023-08-16 06:00:00,24.67853,0.0,11897.035,30067.989254635562,36331.35451860462,23.150339946273178,23.419548383979183,2194.0090200441728,train,
2023-08-16 07:00:00,25.58124,138.2024,17297.02,41459.066666910614,43819.21905763352,23.207295333334553,23.203361904035553,2355.200371094189,train,
2023-08-16 08:00:00,26.960566,354.4627,29999.998,64146.46270389355,63948.41855450888,23.320732313519468,23.22574547200091,2775.4804646546886,train,
2023-08-16 09:00:00,27.940912,588.60223,42702.97,87397.89008061436,89605.01029615718,23.436989450403072,23.36175469014974,3297.6585741232875,train,
2023-08-16 10:00:00,30.100092,826.0833,48102.91,107670.55660995553,111058.19033242486,23.538352783049778,23.836095767124693,3799.1648930558245,train,
2023-08-16 11:00:00,31.015486,950.9425,49560.277,117731.50547586013,121052.1124597298,23.5886575273793,23.95620596390926,4058.8959882523764,train,
2023-08-16 12:00:00,32.26338,1045.4604,49899.992,126432.01831309412,134293.18808619777,23.63216009156547,23.43201493743496,4287.954026018739,train,
2023-08-16 13:00:00,33.886707,971.6592,49972.953,130621.55522860905,132032.13813647916,23.653107776143045,23.452531418908798,4399.521749157118,train,
2023-08-16 14:00:00,34.185677,905.43866,49972.953,131013.92222422134,135566.3975590584,23.655069611121107,23.76887728702124,4410.0094143796205,train,
2023-08-16 15:00:00,34.619236,706.29895,49899.992,127095.09185135915,125838.49843117922,23.635475459256796,24.093735078683974,4305.5599096325295,train,
2023-08-16 16:00:00,33.975124,474.93762,49560.277,118326.84178931672,123161.63561570326,23.591634208946584,23.935431301440353,4074.446875227433,train,
2023-08-16 17:00:00,34.106987,232.4839,48102.91,109411.56284682734,112423.51108873103,23.547057814234137,23.171502150580164,3843.6702611080887,train,
2023-08-16 18:00:00,32.730503,39.098316,42702.97,93867.24700450983,94277.40931217936,23.46933623502255,23.39011344402499,3453.9765566930378,train,
2023-08-16 19:00:00,31.905445,0.0,29999.998,77119.22065559875,79398.00539027974,23.385596103277994,23.10641503687114,3058.208098719614,train,
2023-08-16 20:00:00,30.252644,0.0,17297.02,59298.46236295831,61805.48072534963,23.29649231181479,23.216238555240214,2676.691404467475,train,
2023-08-16 21:00:00,28.496452,0.0,11897.035,47960.30687593458,50294.7062619992,23.239801534379673,23.72112453319028,2463.7718912412397,train,
2023-08-16 22:00:00,26.686028,0.0,10439.478,40470.934735902374,47615.308079262,23.202354673679512,22.775574479044607,2339.6809403330835,train,
2023-08-16 23:00:00,25.442957,8.321578,10098.905,35974.946017556416,38751.21619655354,23.179874730087782,22.694215142103726,2272.614588281411,train,
2023-08-17 00:00:00,24.478363,0.0,10000.246,32090.0844279862,34548.723171618614,23.16045042213993,22.91188417610985,2219.6387468990883,train,
2023-08-17 01:00:00,23.472712,10.76836,10001.102,28831.807475543057,27261.41139540865,23.144159037377715,23.230352218150514,2179.024049907688,train,
2023-08-17 02:00:00,22.11601,0.0,10004.936,24024.309306599178,25123.31392144473,23.120121546532996,23.30634799272522,2125.899972692326,train,
2023-08-17 03:00:00,22.800074,9.194911,10022.111,25198.463144955953,27635.986183390876,23.12599231572478,23.25722684618324,2138.0987559934956,train,
2023-08-17 04:00:00,22.508682,1.7174773,10098.905,23684.834761137095,25229.133781700293,23.118424173805685,23.471129794774992,2122.4689062259854,train,
2023-08-17 05:00:00,23.519754,0.0,10439.478,25917.451923452718,31882.34752164586,23.129587259617264,22.600661581347083,2145.819862612898,train,
2023-08-17 06:00:00,23.868164,0.0,11897.035,27672.761123101707,30315.595481142533,23.13836380561551,23.49486476712319,2165.4568888247636,train,
2023-08-17 07:00:00,25.644943,153.14395,17297.02,41826.57894679167,47868.64914553646,23.20913289473396,23.115504298720072,2361.041387979672,train,
2023-08-17 08:00:00,26.51825,335.29413,29999.998,62266.11883704933,65434.98405690839,23.311330594185247,23.530778887126708,2736.6699836711396,train,
2023-08-17 09:00:00,28.441544,555.99133,42702.97,87434.68374636905,90557.48111508825,23.437173418731845,23.040145790702883,3298.5362707790273,train,
2023-08-17 10:00:00,29.823503,822.0717,48102.91,106575.14306370288,109240.26818357095,23.532875715318514,23.534362724421236,3771.2643777841754,train,
2023-08-17 11:00:00,31.275572,933.86084,49560.277,117603.48115901636,120618.87706370774,23.58801740579508,23.658898636971784,4055.5543274190277,train,
2023-08-17 12:00:00,32.405807,1004.26587,49899.992,125229.38218588564,135544.6993857693,23.626146910929428,23.972872222178953,4256.073113374904,train,
2023-08-17 13:00:00,33.52452,1001.2196,49972.953,130203.87729110965,123024.57947191541,23.65101938645555,23.17544299967322,4388.364694903387,train,
2023-08-17 14:00:00,33.4891,853.64685,49972.953,127255.91692602905,121629.58877821498,23.636279584630145,23.645505349190618,4309.833123615806,train,
2023-08-17 15:00:00,34.74044,680.0449,49899.992,126022.93560071445,126699.73850528554,23.630114678003572,23.30454409066093,4277.102087591508,train,
2023-08-17 16:00:00,34.57003,425.94107,49560.277,117899.80107941886,120958.8320788925,23.589499005397094,23.741147818659577,4063.2901428657397,train,
2023-08-17 17:00:00,33.408844,190.97815,48102.91,105739.03794049854,111326.94515085107,23.528695189702493,23.76186015063933,3750.02263061491,train,
2023-08-17 18:00:00,32.08054,45.23754,42702.97,91575.70691142496,96183.33344034186,23.457878534557125,23.84402960730955,3398.161133126928,train,
2023-08-17 19:00:00,31.131117,0.0,29999.998,74406.34843136778,76254.72078738121,23.37203174215684,23.211522905864328,2997.110978626099,train,
2023-08-17 20:00:00,30.32176,25.082247,17297.02,59633.500377429984,65367.98387588847,23.29816750188715,23.576335447593788,2683.3819948971945,train,
2023-08-17 21:00:00,28.640009,36.08748,11897.035,49067.12166992975,54625.41531008532,23.24533560834965,23.653606084592763,2483.309120120675,train,
2023-08-17 22:00:00,26.716745,5.466781,10439.478,40433.963182389474,43864.493879663176,23.202169815911947,22.709195724955308,2339.105564264115,train,
2023-08-17 23:00:00,25.74871,8.234222,10098.905,36463.43863041892,41657.92295943419,23.182317193152095,23.36602066918163,2279.610519601735,train,
2023-08-18 00:00:00,23.688713,0.0,10000.246,29724.871880093673,33321.90967908672,23.14862435940047,23.4361777355345,2189.7970699266143,train,
2023-08-18 01:00:00,22.90674,0.0,10001.102,26574.645304020094,28365.74866832215,23.1328732265201,23.05525531060387,2153.042172306671,train,
2023-08-18 02:00:00,22.742235,1.9694576,10004.936,25339.01755472314,29832.06174570362,23.126695087773616,22.763463014516084,2139.593239280474,train,
2023-08-18 03:00:00,22.309582,19.64912,10022.111,24015.244951003468,27250.38718946465,23.120076224755017,23.402962951587917,2125.807797297542,train,
2023-08-18 04:00:00,22.316702,12.213954,10098.905,23186.92559015929,26189.762735883403,23.115934627950796,22.75608197968347,2117.515092388063,train,
2023-08-18 05:00:00,22.146944,0.0,10439.478,22005.933273398172,28108.18295836131,23.11002966636699,23.056524236013722,2106.1422053864094,train,
2023-08-18 06:00:00,24.373793,0.0,11897.035,28626.617232121986,26292.07860914036,23.14313308616061,23.13109586881961,2176.587901450107,train,
2023-08-18 07:00:00,25.477436,110.346146,17297.02,39859.41821578365,39555.911136924544,23.19929709107892,23.413958506590117,2330.213702313732,train,
2023-08-18 08:00:00,26.097864,313.46515,29999.998,60053.7753776976,59858.41410974406,23.300268876888488,23.112279409034727,2691.804291437894,train,
2023-08-18 09:00:00,28.588078,560.62164,42702.97,87527.4555905797,89328.42304270447,23.4376372779529,23.23226217130454,3300.7499047860033,train,
2023-08-18 10:00:00,29.895115,791.47864,48102.91,105484.62091051505,107531.47779961296,23.527423104552575,23.55709774818151,3743.568447854475,train,
2023-08-18 11:00:00,31.45948,952.2016,49560.277,118249.7291216542,115111.24862267551,23.59124864560827,23.893165788894194,4072.431533323812,train,
2023-08-18 12:00:00,32.968666,1014.4542,49899.992,126778.64785729795,125545.27087479581,23.63389323928649,24.320128239482433,4297.155221454338,train,
2023-08-18 13:00:00,33.248146,1000.61536,49972.953,129260.79275876035,128504.76804613411,23.6463039637938,23.19405960386017,4363.200349532539,train,
2023-08-18 14:00:00,34.42893,915.67377,49972.953,131405.8630328404,145268.88691530307,23.657029315164202,23.751631920500177,4420.492139509474,train,
2023-08-18 15:00:00,34.62149,695.45044,49899.992,126316.7943428499,137037.07237441003,23.63158397171425,23.30562346384396,4284.896647499033,train,
2023-08-18 16:00:00,34.44811,454.3596,49560.277,118416.21143812091,119737.59843259273,23.592081057190605,23.89772443015263,4076.7829496089166,train,
2023-08-18 17:00:00,34.198483,226.0113,48102.91,108987.75671087648,110594.20793300905,23.544938783554382,23.263375419361612,3832.8185453504425,train,
2023-08-18 18:00:00,32.85408,5.03088,42702.97,92617.47701648134,91683.20313169429,23.463087385082407,23.260692919627708,3423.477376003616,train,
2023-08-18 19:00:00,31.123323,11.135958,29999.998,74799.4211121835,72063.76452394834,23.373997105560917,23.19721584784172,3005.903867199679,train,
2023-08-18 20:00:00,30.620214,4.589637,17297.02,59824.538333782584,62510.45715727122,23.299122691668913,23.276263010052972,2687.2063277994116,train,
2023-08-18 21:00:00,27.905022,4.882722,11897.035,46119.80497663595,46693.08870010435,23.23059902488318,23.32755830394079,2431.9401246689113,train,
2023-08-18 22:00:00,26.609943,0.0,10439.478,39742.687100249444,42545.11954623358,23.198713435501247,,2328.418574945987,train,
2023-08-18 23:00:00,24.962158,0.0,10098.905,33988.56200367675,33396.215662209834,23.169942810018384,23.16821254616355,2244.927640787115,train,
2023-08-19 00:00:00,24.02106,0.0,10000.037,30363.469257411423,31688.902096088223,23.151817346287057,22.752850039554882,2197.668364155791,train,
2023-08-19 01:00:00,23.54154,0.83807343,10000.165,28211.567903788648,31534.342133753624,23.141057839518943,23.359393684612,2171.7051612111322,train,
2023-08-19 02:00:00,23.028364,56.84106,10000.74,27811.846775135506,31605.4449372659,23.139059233875678,23.12317163477677,2167.059975851904,train,
2023-08-19 03:00:00,22.490211,8.91315,10003.316,24304.057043317327,28192.754584736376,23.121520285216587,23.470040722220997,2128.7598431688675,train,
2023-08-19 04:00:00,22.265493,40.824974,10014.836,23899.323888312552,24093.77111646431,23.119496619441563,22.90717498559758,2124.6317125767046,train,
2023-08-19 05:00:00,22.887205,0.0,10065.922,23752.32447136355,28566.94840684603,23.118761622356818,22.63807920415152,2123.1475751849284,train,
2023-08-19 06:00:00,23.820887,3.0004654,10284.556,25916.90421298125,27199.79882435643,23.129584521064906,23.119376720259982,2145.8139088901353,train,
2023-08-19 07:00:00,25.685942,146.81769,11094.553,35741.706981021794,40177.85146980453,23.17870853490511,23.56749434139039,2269.300036602807,train,
2023-08-19 08:00:00,26.389275,364.73584,13000.0,46617.59291846721,49591.62957752518,23.233087964592336,23.281370605577152,2440.4671627704256,train,
2023-08-19 09:00:00,28.650616,541.63605,14905.445,60866.232891417836,60138.73044629208,23.30433116445709,23.244430224705233,2708.178073124639,train,
2023-08-19 10:00:00,29.84468,780.6172,15715.437,73814.7625755154,75871.2550499285,23.369073812877577,23.10796970758035,2983.9164292372093,train,
2023-08-19 11:00:00,31.373625,964.3245,15934.041,85797.32695355773,89988.2705875093,23.42898663476779,23.956316574772035,3259.610894131095,train,
2023-08-19 12:00:00,33.152134,1048.4948,15984.999,95466.29139506066,100607.500770072,23.477331456975303,23.16845067850987,3493.1978921117493,train,
2023-08-19 13:00:00,33.310825,977.87067,15995.943,95867.21786408106,98373.32795987642,23.479336089320405,23.261717812031932,3503.0659592561574,train,
2023-08-19 14:00:00,34.765053,860.6111,15995.943,97535.50197056668,105964.5414296073,23.487677509852833,23.65868776867804,3544.270973019046,train,
2023-08-19 15:00:00,33.741024,660.213,15984.999,89736.83772540327,96115.74557696354,23.448684188627016,22.89187798166098,3353.7188374191155,train,
2023-08-19 16:00:00,33.770454,455.78934,15934.041,83588.53248439643,85765.30311427652,23.417942662421982,23.800319862036385,3207.5439960514177,train,
2023-08-19 17:00:00,32.869602,212.56906,15715.437,73177.25662268799,78404.93147236346,23.36588628311344,23.553144217378648,2969.7507973128754,train,
2023-08-19 18:00:00,32.248734,79.22952,14905.445,65661.37050829752,74089.88188699054,23.328306852541488,23.59807617408482,2807.1825767707255,train,
2023-08-19 19:00:00,31.537958,28.175894,13000.0,59384.87093081335,67635.86218071946,23.296924354654067,23.464359458238963,2678.414942820179,train,
2023-08-19 20:00:00,30.152811,3.785482,11094.553,52106.486229254755,51989.306476669866,23.260532431146274,23.212195375909364,2538.4202403155323,train,
2023-08-19 21:00:00,28.427515,26.859095,10284.556,46372.512949566415,47115.23621817615,23.231862564747832,22.912917951701207,2436.2612670918393,train,
2023-08-19 22:00:00,26.858728,14.998743,10065.922,40624.71049544527,47102.506445577696,23.203123552477226,23.16110092010974,2342.0782208446553,train,
2023-08-19 23:00:00,24.835474,1.0343577,10014.836,33749.0908157001,34376.77000726295,23.1687454540785,22.87617456055271,2241.6737090392385,train,
2023-08-20 00:00:00,23.487015,14.584726,10000.037,29489.238714739942,29596.936599297653,23.1474461935737,23.293292786596616,2186.927909186177,train,
2023-08-20 01:00:00,23.185791,14.779702,10000.165,27778.743730608112,29725.317695083268,23.13889371865304,23.38092766781747,2166.67781244137,train,
2023-08-20 02:00:00,23.003956,0.5001117,10000.74,26090.041548205532,29992.563034359377,23.130450207741028,23.57349279710049,2147.701385478992,train,
2023-08-20 03:00:00,22.114735,0.0,10003.316,22936.046364261387,25719.47173796112,23.114680231821307,23.226210523987167,2115.0546093520124,train,
2023-08-20 04:00:00,21.957409,0.0,10014.836,21701.608680404406,23333.279308314246,23.108508043402022,23.385880650380578,2103.2983234400353,train,
2023-08-20 05:00:00,22.450924,4.281519,10065.922,22488.44375200605,24065.36712224146,23.11244221876003,23.02329879759099,2110.724305102025,train,
2023-08-20 06:00:00,23.745485,26.878757,10284.556,26314.53303275464,27782.890865529305,23.131572665163773,22.988089523761314,2150.164920153508,train,
2023-08-20 07:00:00,25.892204,113.357346,11094.553,35208.218465242426,36218.959619116285,23.176041092326212,23.31814265957125,2261.7817716894383,train,
2023-08-20 08:00:00,26.624378,336.3157,13000.0,46189.47466011889,54740.9836949975,23.230947373300594,23.11500551148552,2433.129838796111,train,
2023-08-20 09:00:00,27.845211,598.9693,14905.445,60349.20863492275,64151.81743009875,23.301746043174614,23.38250177982291,2697.744295624641,train,
2023-08-20 10:00:00,29.569513,777.6689,15715.437,72918.18086431263,78546.54352583889,23.364590904321563,23.046233247520938,2964.0099511480303,train,
2023-08-20 11:00:00,31.066969,960.56665,15934.041,84764.33813609675,86182.07662527479,23.423821690680484,23.159333385937593,3235.1960864351777,train,
2023-08-20 12:00:00,32.609272,991.71423,15984.999,92097.39306637914,94463.12711991275,23.460486965331896,23.651109755637382,3410.8264143255406,train,
2023-08-20 13:00:00,33.19253,981.49536,15995.943,95296.18689267068,95806.5862213124,23.476480934463353,23.74248795708518,3489.015178048748,train,
2023-08-20 14:00:00,33.699966,869.0293,15995.943,94769.89133051035,88552.3155022197,23.47384945665255,23.17815260596255,3476.0896237751217,train,
2023-08-20 15:00:00,34.18518,715.50525,15984.999,92364.60835310894,90655.50509293664,23.461823041765545,23.66300733491747,3417.323336853111,train,
2023-08-20 16:00:00,34.243412,459.30692,15934.041,85054.00163334045,82183.91978010625,23.425270008166702,23.26544930625612,3242.03097987355,train,
2023-08-20 17:00:00,33.74336,201.72577,15715.437,75196.2091076983,71413.55954197563,23.37598104553849,23.380932598398584,3014.8006364852417,train,
2023-08-20 18:00:00,32.72324,19.996988,14905.445,65116.22873981011,64774.326792409935,23.32558114369905,23.750664468436245,2795.730838397313,train,
2023-08-20 19:00:00,31.077389,39.353065,13000.0,58326.25003197904,64847.18265199946,23.291631250159895,23.533877420366778,2657.3965263982795,train,
2023-08-20 20:00:00,29.135271,10.792581,11094.553,49435.58093613163,52324.94033062295,23.247177904680658,23.485939501087316,2489.877305459757,train,
2023-08-20 21:00:00,27.94098,0.0,10284.556,43977.93511971457,50070.081968340724,23.219889675598573,23.792526783135663,2395.9659637929835,train,
2023-08-20 22:00:00,26.821106,16.792322,10065.922,40295.503251053335,44255.9507006958,23.201477516255267,22.990313713940328,2336.9541767073833,train,
2023-08-20 23:00:00,24.726934,0.0,10014.836,33242.799627918626,37991.70486682943,23.166213998139593,22.870451505641828,2234.854660686406,train,
2023-08-21 00:00:00,24.073114,7.649203,10000.246,30634.632992130406,31651.71129439218,23.153173164960652,22.936536483892073,2201.0526265190188,train,
2023-08-21 01:00:00,22.782564,0.0,10001.102,26129.573737474486,30255.09053301554,23.130647868687372,23.05429755266539,2148.133878819452,train,
2023-08-21 02:00:00,22.186287,2.5896618,10004.936,23696.9880557929,28243.750324662018,23.118484940278965,22.412119755991398,2122.590991836334,train,
2023-08-21 03:00:00,22.66251,0.0,10022.111,24096.515033044598,25870.19652758291,23.120482575165223,23.05825410415618,2126.6353314717526,train,
2023-08-21 04:00:00,22.506645,7.7240973,10098.905,23373.795774914895,27559.665114289368,23.116868978874574,22.9534977593061,2119.3633232729794,train,
2023-08-21 05:00:00,23.566658,21.031115,10439.478,26274.561481577053,30491.709427604208,23.131372807407885,23.366500737627224,2149.724941229518,train,
2023-08-21 06:00:00,23.596365,0.0,11897.035,26656.540058665712,,23.13328270029333,23.23900851399634,2153.9531134890854,train,
2023-08-21 07:00:00,25.667004,137.31046,17297.02,40992.84848281144,41356.76316066956,23.204964242414057,23.024755254083257,2347.844173717937,train,
2023-08-21 08:00:00,27.025425,323.16043,29999.998,62839.35628315902,62584.85410156164,23.314196781415795,23.491185035024667,2748.4370519030663,train,
2023-08-21 09:00:00,27.016706,567.9964,42702.97,83708.97036676582,86986.68512311362,23.41854485183383,23.63552376978096,3210.3695344738226,train,
2023-08-21 10:00:00,29.732313,789.0592,48102.91,104746.0568425798,108964.1219779774,23.5237302842129,23.293166547275476,3724.8574176285006,train,
2023-08-21 11:00:00,31.831598,955.2623,49560.277,119279.08132009009,119030.23293073657,23.59639540660045,23.448488129985726,4099.359622734775,train,
2023-08-21 12:00:00,32.76857,1010.3199,49899.992,126152.9914684786,129266.79138616001,23.630764957342393,22.963156001212997,4280.551311548716,train,
2023-08-21 13:00:00,33.234333,975.22534,49972.953,128352.65743120345,133828.22047137696,23.641763287156017,23.31456529484523,4339.004978412295,train,
2023-08-21 14:00:00,33.917145,848.0295,49972.953,127781.05478453483,133453.98434561642,23.638905273922674,23.4161644057956,4323.794417599368,train,
2023-08-21 15:00:00,33.69349,681.67,49899.992,122995.28287007107,132508.5693341715,23.614976414350355,23.637226267332164,4197.029383678403,train,
2023-08-21 16:00:00,34.09278,432.81015,49560.277,116364.52733000767,124502.15511689124,23.58182263665004,23.298207832842095,4023.2614753036487,train,
2023-08-21 17:00:00,32.693592,242.08734,48102.91,105089.52993188245,104351.15390904255,23.525447649659412,23.37141205354468,3733.554388404382,train,
2023-08-21 18:00:00,32.051228,9.20951,42702.97,90145.31108428372,98808.1602030095,23.45072655542142,23.08312735094664,3363.563497161018,train,
2023-08-21 19:00:00,31.662373,4.6018257,29999.998,75640.2679962882,77034.17991234391,23.37820133998144,23.429535509540823,3024.781831520295,train,
2023-08-21 20:00:00,29.759396,0.0,17297.02,57156.21814110392,,23.28578109070552,23.413495469080992,2634.4164334770826,train,
2023-08-21 21:00:00,28.069338,0.0,11897.035,45996.91093284051,49162.10786137997,23.229984554664203,23.350694159190148,2429.8444875809023,train,
2023-08-21 22:00:00,26.619429,0.0,10439.478,39500.898559015244,41542.7696867157,23.197504492795076,23.201212832366654,2324.7126463872155,train,
2023-08-21 23:00:00,26.311466,12.703453,10098.905,37718.53933988609,36564.60323394383,23.18859269669943,22.726270797749013,2297.9163146078845,train,
2023-08-22 00:00:00,24.339212,6.1927404,10000.246,31391.76074783947,34012.494575352284,23.156958803739197,22.97097270457134,2210.6330266610594,train,
2023-08-22 01:00:00,22.66137,0.0,10001.102,25718.892542076333,25376.09158385575,23.12859446271038,23.006402461014837,2143.6686521549414,train,
2023-08-22 02:00:00,23.038923,21.055035,10004.936,26417.002820847556,31497.94929291706,23.132085014104238,23.01109642022805,2151.295478132421,train,
2023-08-22 03:00:00,22.132261,0.0,10022.111,22768.416304581508,28974.042201240896,23.113842081522908,23.13633644691986,2113.423928821868,train,
2023-08-22 04:00:00,22.66811,0.0,10098.905,23418.377508450307,24729.080645149585,23.11709188754225,23.544754299253558,2119.8062092124037,train,
2023-08-22 05:00:00,22.736975,11.545099,10439.478,23689.518626147787,27330.456343966704,23.11844759313074,23.36207645693612,2122.5159512862897,train,
2023-08-22 06:00:00,23.549995,0.0,11897.035,26288.532847041068,,23.131442664235205,22.835187330280597,2149.8786624656195,train,
2023-08-22 07:00:00,25.488544,106.77163,17297.02,39441.29725376015,40980.82337008919,23.1972064862688,23.400727348857792,2323.8016989738003,train,
2023-08-22 08:00:00,26.30731,322.43695,29999.998,60659.54261606308,65753.77716881986,23.303297713080315,23.495388423380035,2704.0011278383326,train,
2023-08-22 09:00:00,27.855251,561.58923,42702.97,85468.06356425876,88342.74420643625,23.427340317821294,23.185520075935823,3251.8165539405445,train,
2023-08-22 10:00:00,30.079826,811.6262,48102.91,106339.35516219282,115889.59846009251,23.531696775810964,23.786356552601596,3765.2692613782465,train,
2023-08-22 11:00:00,30.702951,908.67975,49560.277,114768.51937826496,115848.37211998315,23.573842596891325,23.525729606107745,3981.7875051603723,train,
2023-08-22 12:00:00,31.842718,1026.5635,49899.992,123753.4150940057,130967.65526903122,23.61876707547003,23.195781028465696,4217.038886788495,train,
2023-08-22 13:00:00,33.58195,955.23724,49972.953,128356.83349601012,131779.52161020352,23.64178416748005,23.778344984871193,4339.116158229717,train,
2023-08-22 14:00:00,33.179382,857.4934,49972.953,125906.04931075049,132307.20675195474,23.629530246553752,23.69461879363811,4274.002799219605,train,
2023-08-22 15:00:00,33.86709,691.914,49899.992,123497.11372544334,124614.45872895804,23.617485568627217,23.54918227987147,4210.271177568445,train,
2023-08-22 16:00:00,33.817074,438.79163,49560.277,115691.52996812803,118493.00938221806,23.57845764984064,23.56722172434565,4005.755496249071,train,
2023-08-22 17:00:00,32.82581,223.34642,48102.91,104665.23945885271,107235.25881509601,23.523326197294264,23.307600553627726,3722.81225901617,train,
2023-08-22 18:00:00,31.963463,38.740616,42702.97,90647.04295938171,90824.78387042621,23.45323521479691,23.636274365936043,3375.6773775869037,train,
2023-08-22 19:00:00,31.434128,0.0,29999.998,74812.2965638494,79802.64093112836,23.374061482819247,23.36102629246657,3006.1922336140815,train,
2023-08-22 20:00:00,29.837675,32.870216,17297.02,58270.83467571228,62998.09251269122,23.29135417337856,23.34128882656303,2656.302158344147,train,
2023-08-22 21:00:00,27.789494,0.0,11897.035,45278.87433047155,49713.89746419582,23.226394371652358,23.33353694898102,2417.6763254354732,train,
2023-08-22 22:00:00,26.826658,30.76583,10439.478,40951.909604858374,47559.477080496334,23.204759548024292,22.858383863696396,2347.2011013664855,train,
2023-08-22 23:00:00,25.77549,0.0,10098.905,35991.60354186708,42285.749695225524,23.179958017709335,22.91167311114472,2272.851946995986,train,
2023-08-23 00:00:00,23.364008,21.63999,10000.246,29181.029013125226,31362.44830912627,23.145905145065626,22.482921807180762,2183.203886227388,train,
2023-08-23 01:00:00,22.947966,0.0,10001.102,26395.9269804495,30198.385883997158,23.131979634902248,23.30140231244937,2151.0626362431894,train,
2023-08-23 02:00:00,23.114721,0.0,10004.936,26003.118563786385,27664.40227431597,23.130015592818932,22.766352585694904,2146.7524211091736,train,
2023-08-23 03:00:00,22.364079,22.32176,10022.111,24035.945705774255,27085.599536364505,23.12017972852887,23.159950641497566,2126.018348315422,train,
2023-08-23 04:00:00,22.649414,18.206305,10098.905,24038.082466225318,25762.99109294945,23.120190412331127,23.23148687981299,2126.0400908232527,train,
2023-08-23 05:00:00,22.843401,24.890131,10439.478,24508.11728975424,30960.267414405713,23.12254058644877,23.303246438116528,2130.8643860601537,train,
2023-08-23 06:00:00,23.557789,16.529808,11897.035,26982.308356280526,30767.02371368292,23.134911541781403,22.773706467630586,2157.600627505022,train,
2023-08-23 07:00:00,25.576963,119.64298,17297.02,40244.92675266984,42735.57371691192,23.20122463376335,23.18167614832114,2336.1696677242826,train,
2023-08-23 08:00:00,26.82819,327.1729,29999.998,62384.706193260085,68654.14630053737,23.3119235309663,23.813007657202625,2739.0995619249484,train,
2023-08-23 09:00:00,28.099007,558.9333,42702.97,86270.2419585851,82170.53781466428,23.431351209792926,23.94564561378822,3270.825458937474,train,
2023-08-23 10:00:00,29.486395,756.5359,48102.91,103187.75004976786,98764.76664764427,23.51593875024884,23.812135678456926,3685.5041153551883,train,
2023-08-23 11:00:00,30.420525,952.4672,49560.277,115276.89384505848,,23.576384469225292,23.677632410870945,3994.982606859308,train,
2023-08-23 12:00:00,32.424618,1018.18713,49899.992,125192.69332382166,128449.99271265745,23.62596346661911,23.324431549965496,4255.101575227695,train,
2023-08-23 13:00:00,33.03908,985.1032,49972.953,128026.80236814651,132111.31801616703,23.640134011840733,23.855720499458048,4330.332078738442,train,
2023-08-23 14:00:00,33.862427,856.9773,49972.953,127838.72908448402,125101.63022331453,23.63919364542242,23.591787276798367,4325.328494870937,train,
2023-08-23 15:00:00,34.388004,663.99054,49899.992,124237.20628044492,127138.93181659355,23.621186031402225,23.789344513984076,4229.822109963118,train,
2023-08-23 16:00:00,34.24317,444.81784,49560.277,117134.820936392,128235.6686981833,23.58567410468196,23.395821068226326,4043.3290304179495,train,
2023-08-23 17:00:00,33.603367,220.04764,48102.91,106806.38077683398,112919.50424919534,23.53403190388417,23.48215197003219,3777.1474259262695,train,
2023-08-23 18:00:00,33.264282,54.88783,42702.97,94844.23028906832,98434.45504430337,23.47422115144534,23.52346535946827,3477.913917452995,train,
2023-08-23 19:00:00,31.585663,12.874894,29999.998,75987.84649082547,77656.36619031627,23.379939232454127,23.453822659902286,3032.6123281556993,train,
2023-08-23 20:00:00,29.374098,0.0,17297.02,56216.829727620876,58184.56359283046,23.281084148638104,23.42920096297618,2616.161071142579,train,
2023-08-23 21:00:00,27.792294,1.7177709,11897.035,45318.83407368511,43169.688214335154,23.226594170368426,23.052835675010957,2418.350067632555,train,
2023-08-23 22:00:00,27.497961,3.0823312,10439.478,41950.87093256618,,23.20975435466283,22.80676901902977,2363.025182853696,train,
2023-08-23 23:00:00,24.854284,6.1110063,10098.905,33818.76123980163,38714.85730297335,23.169093806199008,23.656529318168946,2242.6185031376244,train,
2023-08-24 00:00:00,23.809937,0.0,10000.246,29623.094442808906,29174.764179289938,23.148115472214045,23.894891722921052,2188.555448676322,train,
2023-08-24 01:00:00,23.572021,4.8020678,10001.102,28222.284213840965,29785.79885326878,23.141111421069205,23.275337634429917,2171.8304707371003,train,
2023-08-24 02:00:00,22.960802,0.0,10004.936,25688.722290926336,26207.878521839324,23.12844361145463,22.7312459830356,2143.3430447892147,train,
2023-08-24 03:00:00,22.048378,10.161791,10022.111,22797.917697167235,23757.445090264082,23.113989588485836,22.882031053432975,2113.710137694885,train,
2023-08-24 04:00:00,22.371452,7.18422,10098.905,22863.838928812896,25976.91785321562,23.114319194644064,23.267054465359355,2114.3508737923394,train,
2023-08-24 05:00:00,22.220034,13.851405,10439.478,22385.101561778243,20987.564529420837,23.11192550780889,23.514260191313276,2109.735408703664,train,
2023-08-24 06:00:00,23.46425,29.70305,11897.035,26963.08593303911,31288.303359019825,23.134815429665196,22.770948239302637,2157.384342839543,train,
2023-08-24 07:00:00,24.924128,133.82715,17297.02,38903.196664374205,43648.84128504109,23.19451598332187,23.157216137067202,2315.6236394622247,train,
2023-08-24 08:00:00,26.515053,346.4406,29999.998,62069.745721536405,64383.56968400775,23.310348728607682,23.369128347940872,2732.652191652382,train,
2023-08-24 09:00:00,27.940903,586.09717,42702.97,86716.09564791965,81575.85067750604,23.433580478239598,23.69295401362536,3281.4193758154765,train,
2023-08-24 10:00:00,29.684063,760.6167,48102.91,103941.20977100059,103249.9665710911,23.519706048855003,23.41662572053489,3704.5104372633687,train,
2023-08-24 11:00:00,31.947311,919.016,49560.277,118367.97477180738,126392.69374834442,23.591839873859037,23.12269546646246,4075.5220164319203,train,
2023-08-24 12:00:00,32.498608,998.1699,49899.992,124916.51072992553,116116.17397793935,23.624582553649628,23.8109418214855,4247.790153438095,train,
2023-08-24 13:00:00,33.389866,968.76025,49972.953,128395.26697597421,129886.96691779798,23.64197633487987,23.97941512443124,4340.139412927714,train,
2023-08-24 14:00:00,33.866516,894.36743,49972.953,128996.90259154185,126856.62351397582,23.64498451295771,23.620207074434163,4356.165835960628,train,
2023-08-24 15:00:00,34.00147,678.4992,49899.992,123768.05250619825,130161.26780224858,23.61884026253099,23.740412289922922,4217.425487078502,train,
2023-08-24 16:00:00,34.358963,426.97305,49560.277,116907.3301902671,117181.6257296332,23.584536650951335,23.442189282123213,4037.399096818956,train,
2023-08-24 17:00:00,32.869877,190.65768,48102.91,103927.24574791572,108423.55519342043,23.51963622873958,23.26590439032181,3704.15782167457,train,
2023-08-24 18:00:00,32.262638,97.6297,42702.97,93317.48662606288,98262.97766457239,23.466587433130314,23.77451513729448,3440.543268029757,train,
2023-08-24 19:00:00,30.63192,0.0,29999.998,72994.63507203043,81440.3357982105,23.364973175360152,23.48122192970449,2965.7031332163046,train,
2023-08-24 20:00:00,29.657997,20.041508,17297.02,57446.60359139786,59910.81760256625,23.28723301795699,23.434343597777556,2640.094891811369,train,
2023-08-24 21:00:00,28.117851,13.325272,11897.035,46643.97448632513,50561.86900742729,23.233219872431626,23.68385441683001,2440.920793531174,train,
2023-08-24 22:00:00,26.885519,35.47169,10439.478,41479.17523372513,40981.09882999741,23.207395876168626,22.890943175873055,2355.5190044368287,train,
2023-08-24 23:00:00,25.549295,0.0,10098.905,35567.74038141413,41266.21592841172,23.17783870190707,23.012230821459244,2266.8387106840464,train,
2023-08-25 00:00:00,24.042225,0.0,10000.246,30445.957629844856,31773.830455297437,23.152229788149224,23.199609792799635,2198.6952272651333,train,
2023-08-25 01:00:00,23.472391,0.0,10001.102,27945.67989709478,29729.623379435045,23.139728399485474,22.970434428157102,2168.608983293161,train,
2023-08-25 02:00:00,22.859486,0.0,10004.936,25500.364485677095,28452.7248875458,23.127501822428385,23.36244278301012,2141.3177554982685,train,
2023-08-25 03:00:00,22.145782,0.0,10022.111,22815.25861721221,22511.510960788455,23.11407629308606,23.057856526814867,2113.8785261204694,train,
2023-08-25 04:00:00,22.373425,12.392482,10098.905,23105.094496615664,26589.334284470424,23.11552547248308,22.81776563023392,2116.709912228831,train,
2023-08-25 05:00:00,22.048975,0.0,10439.478,21577.243602996532,26610.999394144772,23.107886218014983,23.12761772057128,2102.1464500250095,train,
2023-08-25 06:00:00,23.905096,37.7243,11897.035,28390.536979819815,32027.31746128942,23.1419526848991,23.193054316141136,2173.8031950943177,train,
2023-08-25 07:00:00,25.017603,111.27163,17297.02,38581.954971414234,37910.360086588356,23.19290977485707,23.47331439372597,2310.781366653845,train,
2023-08-25 08:00:00,25.791327,341.94846,29999.998,59990.01066383585,62656.89874352402,23.29995005331918,23.417892324263406,2690.524343227993,train,
2023-08-25 09:00:00,27.847086,535.219,42702.97,84733.41498610836,90133.48294908955,23.423667074930542,23.562010992338493,3234.4669504707026,train,
2023-08-25 10:00:00,29.955524,794.5073,48102.91,105510.12741897878,101478.53312905657,23.527550637094894,23.62363814229706,3744.215310204826,train,
2023-08-25 11:00:00,30.52413,894.166,49560.277,113847.9914275905,112594.14023249407,23.569239957137953,23.512773200750374,3957.9323689127186,train,
2023-08-25 12:00:00,32.77946,997.4569,49899.992,125318.56319949242,132051.26710089474,23.626592815997462,23.411727081464083,4258.434930129455,train,
2023-08-25 13:00:00,33.405712,968.5129,49972.953,128349.01283005919,132520.93205633422,23.641745064150296,23.72839656964811,4338.907948436522,train,
2023-08-25 14:00:00,33.72384,833.45746,49972.953,126573.44675127362,131341.5082999775,23.632867233756368,23.532929803991276,4291.707548313112,train,
2023-08-25 15:00:00,33.962708,657.6378,49899.992,122632.6269608208,133419.2012589073,23.613163134804104,24.120109920936407,4187.467620863551,train,
2023-08-25 16:00:00,34.147167,458.16006,49560.277,117017.67118691678,121910.75325002774,23.585088355934584,23.98774304436655,4040.274969975241,train,
2023-08-25 17:00:00,32.643234,209.52208,48102.91,103738.20896023673,109171.99044410425,23.518691044801184,,3699.3856785214984,train,
2023-08-25 18:00:00,33.078587,55.693916,42702.97,93999.86991595241,106371.51664955233,23.469999349579762,23.583539431367658,3457.2211369529687,train,
2023-08-25 19:00:00,30.694271,0.0,29999.998,72967.39269130725,75333.4408557258,23.364836963456536,23.338449248162185,2965.0997211815143,train,
2023-08-25 20:00:00,29.266441,5.57633,17297.02,55727.607440569926,56647.74735332404,23.27863803720285,22.90030091779871,2606.7239224638342,train,
2023-08-25 21:00:00,28.507948,0.0,11897.035,46937.77715908709,50984.16045346253,23.234688885795435,23.169837218798847,2445.9843483089803,train,
2023-08-25 22:00:00,26.782747,15.894718,10439.478,40346.79605880882,44373.04757197479,23.201733980294044,23.23215399031562,2337.7505335236265,train,
2023-08-25 23:00:00,25.549797,0.0,10098.905,35220.11009390838,37028.70705872054,23.176100550469542,23.24493749280294,2261.9483945316533,train,
2023-08-26 00:00:00,24.14361,0.0,10000.037,30418.40441224295,31148.832388067334,23.152092022061215,23.292952932165964,2198.3519723392988,train,
2023-08-26 01:00:00,22.922264,5.6632166,10000.165,26403.515944046063,34372.32959385179,23.13201757972023,23.408416639083537,2151.1464591670056,train,
2023-08-26 02:00:00,21.661749,20.08957,10000.74,22629.238171075627,26319.557128495875,23.113146190855378,22.905499969347517,2112.0781657369926,train,
2023-08-26 03:00:00,21.778723,0.0,10003.316,21477.59425827047,22938.89584302566,23.107387971291352,22.90246528912865,2101.2278195404238,train,
2023-08-26 04:00:00,22.251678,0.0,10014.836,22039.003561982183,26968.368057867196,23.11019501780991,23.54545202173286,2106.453396162506,train,
2023-08-26 05:00:00,22.764833,0.0,10065.922,22859.460146546695,25628.693650853365,23.114297300732733,23.34559177749068,2114.3082619079937,train,
2023-08-26 06:00:00,22.904104,19.327925,10284.556,23490.4875935392,25954.246377394054,23.117452437967696,23.0002211553277,2120.5241584674286,train,
2023-08-26 07:00:00,25.38562,109.97772,11094.553,33254.06640463342,37510.749372676924,23.166270332023167,23.134106981337496,2235.0055121183464,train,
2023-08-26 08:00:00,27.1074,316.12778,13000.0,46382.771879507345,46235.18208985302,23.231913859397537,23.201099675395067,2436.437024530652,train,
2023-08-26 09:00:00,28.553495,549.29486,14905.445,60293.38020138013,64244.281974832236,23.3014669010069,23.310939137691317,2696.620575182456,train,
2023-08-26 10:00:00,29.113628,787.8761,15715.437,71559.00873874259,80171.705041428,23.357795043693713,23.499599971365296,2934.0454254329966,train,
2023-08-26 11:00:00,31.142244,918.92773,15934.041,83127.34076845559,87617.58901437765,23.415636703842278,24.17613452767223,3196.7388546628963,train,
2023-08-26 12:00:00,31.3599,1009.3225,15984.999,88734.65665811082,90482.00845352084,23.443673283290554,23.50060025163935,3329.6329171561133,train,
2023-08-26 13:00:00,33.84002,964.1122,15995.943,95857.94963197713,97081.6421447483,23.479289748159886,23.67806919328746,3502.8376863454573,train,
2023-08-26 14:00:00,32.98746,856.4111,15995.943,92036.46125650308,93637.47036794115,23.460182306282515,22.954239294425474,3409.345858160743,train,
2023-08-26 15:00:00,34.13206,654.68427,15984.999,89687.07636663779,91835.6612520392,23.44843538183319,23.30296538399954,3352.5206189486153,train,
2023-08-26 16:00:00,34.228443,445.8767,15934.041,83863.20802431299,85648.94147831475,23.419316040121565,23.787960540936545,3213.990338211407,train,
2023-08-26 17:00:00,33.68054,191.1706,15715.437,74044.67117523125,79783.56147965745,23.370223355876156,23.490917973283143,2989.038640851488,train,
2023-08-26 18:00:00,32.348087,46.6094,14905.445,64308.13028236671,62491.8100447225,23.321540651411834,22.004806275952383,2778.845454208,train,
2023-08-26 19:00:00,30.397598,0.0,13000.0,54717.830763767946,59948.16938489557,23.27358915381884,23.4757961145137,2587.3996411731828,train,
2023-08-26 20:00:00,29.480303,0.6454508,11094.553,49269.0047346521,51324.76080877552,23.24634502367326,23.821794342061892,2486.9039677456094,train,
2023-08-26 21:00:00,27.86053,2.750302,10284.556,43254.74859342435,47153.42531411416,23.21627374296712,22.617501467131184,2384.0880747766664,train,
2023-08-26 22:00:00,26.562288,11.220357,10065.922,38840.31800247811,39231.70898583293,23.19420159001239,23.650017892706042,2314.6734699046133,train,
2023-08-26 23:00:00,25.362957,0.0,10014.836,34321.58869720112,40310.32185433318,23.171607943486006,22.34002125429823,2249.483119658794,train,
2023-08-27 00:00:00,23.937077,0.0,10000.037,29575.410365611533,35300.8284628943,23.147877051828058,23.429276735344082,2187.974956087224,train,
2023-08-27 01:00:00,23.567394,44.35444,10000.165,29064.962722861055,34158.60692260814,23.145324813614305,23.142730225810634,2181.809994539665,train,
2023-08-27 02:00:00,22.383766,26.404425,10000.74,24743.51869621998,24512.075059009392,23.1237175934811,22.418726228907715,2133.3114038328226,train,
2023-08-27 03:00:00,21.759373,7.650891,10003.316,21668.44925187661,26412.083082417143,23.108342246259383,23.242183594431317,2102.9906142641335,train,
2023-08-27 04:00:00,22.771338,0.0,10014.836,23337.437488723368,27195.326507476628,23.116687187443617,23.461939112189235,2119.0026875127046,train,
2023-08-27 05:00:00,22.592937,9.756189,10065.922,22708.750339148763,22317.059258314643,23.113543751695744,23.222709852842215,2112.8460918318706,train,
2023-08-27 06:00:00,23.785006,0.0,10284.556,25171.74238444966,28119.7990617176,23.12585871192225,23.301307003040133,2137.815462850381,train,
2023-08-27 07:00:00,24.987211,141.50609,11094.553,33196.84223624932,37011.299685199985,23.165984211181247,23.04248137747953,2234.2397590707637,train,
2023-08-27 08:00:00,25.444695,325.56497,13000.0,42244.487394488315,46561.12252684516,23.21122243697244,22.652805510406136,2367.7282453230932,train,
2023-08-27 09:00:00,28.025629,558.8371,14905.445,58970.63726112037,62443.95440300856,23.294853186305602,23.502412393006722,2670.165248272918,train,
2023-08-27 10:00:00,29.583591,803.57007,15715.437,73250.60163087187,77115.96017525808,23.36625300815436,23.89117918398825,2971.377723440125,train,
2023-08-27 11:00:00,30.831018,945.21606,15934.041,83279.31435733262,90995.30821994685,23.416396571786663,23.7552708280549,3200.296826834143,train,
2023-08-27 12:00:00,32.101025,997.8623,15984.999,90456.60695877587,97589.66127878371,23.45228303479388,22.855920285913477,3371.0766778946177,train,
2023-08-27 13:00:00,32.59729,960.2788,15995.943,92591.04650704017,85777.59370310849,23.4629552325352,23.00848691037192,3422.833870339311,train,
2023-08-27 14:00:00,33.743443,829.23645,15995.943,93068.42403680732,94978.19203492219,23.465342120184037,23.211551797644834,3434.4662463657255,train,
2023-08-27 15:00:00,34.51607,689.64984,15984.999,91861.07590314663,94300.42497328666,23.459305379515733,22.98141274413169,3405.0861280553977,train,
2023-08-27 16:00:00,33.63955,445.75082,15934.041,82476.43529882254,79902.08305401387,23.412382176494113,23.425639152360926,3181.5289000165903,train,
2023-08-27 17:00:00,32.902203,220.49551,15715.437,72895.29101328328,76174.4028059975,23.364476455066416,23.48250119662057,2963.5031814931685,train,
2023-08-27 18:00:00,31.91445,3.1366236,14905.445,61833.44966025999,68239.84432594418,23.3091672483013,22.88009126332859,2727.8265977145825,train,
2023-08-27 19:00:00,31.721735,0.0,13000.0,58125.716330047086,58242.5746965191,23.290628581650235,23.523767119432893,2653.43909087678,train,
2023-08-27 20:00:00,28.925718,0.0,11094.553,47981.06327826375,51810.00080271196,23.23990531639132,23.420236499597323,2464.1355867690145,train,
2023-08-27 21:00:00,28.25288,1.345808,10284.556,44211.744829891584,45013.91911525539,23.221058724149458,23.05661098669635,2399.83552411683,train,
2023-08-27 22:00:00,26.406551,0.0,10065.922,38138.87202179273,39590.68462300521,23.190694360108964,23.13893776431377,2304.151948805724,train,
2023-08-27 23:00:00,25.68326,0.0,10014.836,35125.06191128253,41464.884303769424,23.175625309556413,22.590684956860503,2260.6178307808436,train,
2023-08-28 00:00:00,24.142649,0.0,10000.246,30163.71845922876,31972.700243310737,23.150818592296144,23.05113994541002,2195.191317438837,train,
2023-08-28 01:00:00,22.629303,0.0,10001.102,25190.73726059702,29178.955336165174,23.125953686302985,23.128169178542084,2138.0168192414176,train,
2023-08-28 02:00:00,21.44864,0.0,10004.936,21125.68937604209,20199.846442233586,23.10562844688021,23.156252725448667,2098.014603488669,train,
2023-08-28 03:00:00,22.432638,10.3616085,10022.111,23203.548559169463,30147.33928524401,23.116017742795847,23.2296808164019,2117.6789650851147,train,
2023-08-28 04:00:00,22.648445,38.163086,10098.905,24238.32535990087,28520.821133742153,23.121191626799504,23.194464149768677,2128.085236692171,train,
2023-08-28 05:00:00,22.22267,0.0,10439.478,21717.984082376064,,23.10858992041188,23.02928681123218,2103.4504390030456,train,
2023-08-28 06:00:00,23.916235,12.465542,11897.035,27275.48188854385,31519.189385876125,23.13637740944272,23.222235892209014,2160.9157135406867,train,
2023-08-28 07:00:00,24.540476,121.81816,17297.02,37182.89836652531,36954.34688226201,23.185914491832627,23.4865240898257,2290.0460995014523,train,
2023-08-28 08:00:00,25.997393,322.0775,29999.998,59494.76077986091,65664.6631731123,23.297473803899305,23.268824381906413,2680.608868191626,train,
2023-08-28 09:00:00,27.217058,602.03253,42702.97,84784.06076865639,86735.75580804095,23.423920303843282,23.519198771092785,3235.661178859878,train,
2023-08-28 10:00:00,29.78686,742.6758,48102.91,103208.97768688368,105456.76948855857,23.51604488843442,23.460193569635184,3686.0390350150237,train,
2023-08-28 11:00:00,30.969234,929.3079,49560.277,115714.67072395195,116744.9228027662,23.57857335361976,23.384545678675888,4006.357013382277,train,
2023-08-28 12:00:00,32.301224,958.77435,49899.992,122677.99901298844,123245.84564964744,23.613389995064942,23.770253895140222,4188.6635455294945,train,
2023-08-28 13:00:00,33.637924,939.48926,49972.953,127602.53605639988,133602.85103725267,23.638012680282,23.47144489703094,4319.046942002639,train,
2023-08-28 14:00:00,33.923786,864.39496,49972.953,127717.66907507,131823.72627105773,23.63858834537535,23.75443241567301,4322.1085935654355,train,
2023-08-28 15:00:00,34.09461,648.1066,49899.992,122483.99650721638,128210.61790047464,23.612419982536082,23.620896593989094,4183.550700104137,train,
2023-08-28 16:00:00,33.956047,444.7409,49560.277,115781.33203313214,118746.08212646512,23.57890666016566,23.48772625720962,4008.0899643882435,train,
2023-08-28 17:00:00,32.631107,209.74403,48102.91,103359.84586280915,108253.4719395092,23.516799229314046,23.418356379670048,3689.8417260236647,train,
2023-08-28 18:00:00,32.089638,48.17618,42702.97,90819.69278171015,92404.04630217282,23.45409846390855,23.301662166183846,3379.851318810902,train,
2023-08-28 19:00:00,30.378279,0.0,29999.998,71655.31052147571,81202.15982359945,23.35827655260738,22.864536200980673,2936.1599366070295,train,
2023-08-28 20:00:00,29.053732,9.624716,17297.02,54934.707907579395,53871.36551130291,23.274673539537897,23.389542068086406,2591.5323497116447,train,
2023-08-28 21:00:00,27.824057,0.0,11897.035,44809.56707290531,50848.166386995515,23.224047835364527,23.29351188294802,2409.794093099051,train,
2023-08-28 22:00:00,26.732624,0.0,10439.478,39333.97877152487,45510.48422497378,23.196669893857624,23.451570969592172,2322.164011735367,train,
2023-08-28 23:00:00,25.684069,0.0,10098.905,35243.12510028409,36315.31094564312,23.17621562550142,23.01677855480938,2262.2710005989215,train,
2023-08-29 00:00:00,23.128803,0.0,10000.246,27443.429164863177,35264.965923546326,23.137217145824316,23.705832233467316,2162.8286163943217,train,
2023-08-29 01:00:00,22.678701,0.0,10001.102,25143.31182818381,30271.186574697633,23.12571655914092,23.01179577478603,2137.5143313485314,train,
2023-08-29 02:00:00,21.981602,0.0,10004.936,22506.227038491033,27556.199403938703,23.112531135192455,22.849998242534046,2110.8948884199076,train,
2023-08-29 03:00:00,22.016415,0.0,10022.111,21810.48056161927,24869.447975142815,23.109052402808096,22.810946926855298,2104.311610977779,train,
2023-08-29 04:00:00,22.24293,46.20457,10098.905,23294.05576381234,25833.846281185495,23.11647027881906,22.596293557850164,2118.5730411139566,train,
2023-08-29 05:00:00,22.754337,18.278532,10439.478,23645.350983782977,26200.970237825055,23.118226754918915,23.578015122636852,2122.072656822018,train,
2023-08-29 06:00:00,23.17601,8.546322,11897.035,25295.94684111274,29131.34431527278,23.126479734205564,23.537799951436163,2139.1345058059255,train,
2023-08-29 07:00:00,24.963392,156.24945,17297.02,39305.32859347622,45558.50111556757,23.19652664296738,,2321.7273677710364,train,
2023-08-29 08:00:00,26.609537,284.73657,29999.998,60123.2044192642,63611.51965196433,23.30061602209632,23.031789379763588,2693.1987930111222,train,
2023-08-29 09:00:00,27.600164,571.3782,42702.97,84844.7863269854,84894.35814643299,23.424223931634927,23.967604236102662,3237.0934478610016,train,
2023-08-29 10:00:00,30.149702,731.945,48102.91,103768.6529259581,109819.16006014243,23.51884326462979,23.413327516173293,3700.154050449948,train,
2023-08-29 11:00:00,30.711555,919.3731,49560.277,114646.10123704304,121311.00290854284,23.573230506185215,23.49252275681722,3978.6122801762035,train,
2023-08-29 12:00:00,31.794619,979.9181,49899.992,121833.79757049053,127561.3897160355,23.609168987852453,24.040346711983275,4166.428543417316,train,
2023-08-29 13:00:00,33.120224,925.4899,49972.953,125682.77154914966,131864.623689848,23.62841385774575,23.82608703309001,4268.0842491506855,train,
2023-08-29 14:00:00,33.49804,860.2689,49972.953,126245.11278566289,128084.72897522071,23.631225563928314,24.29155650555469,4282.994939529846,train,
2023-08-29 15:00:00,33.25865,688.2066,49899.992,121353.52844489802,120494.69810241008,23.60676764222449,23.681384320320195,4153.79476857295,train,
2023-08-29 16:00:00,33.590614,448.89755,49560.277,114872.89722893693,114413.58442487704,23.574364486144685,23.45525524627107,3984.4954844989993,train,
2023-08-29 17:00:00,33.639954,223.35898,48102.91,106404.66812549577,103243.99332507257,23.53202334062748,23.348481875589542,3766.9295266844592,train,
2023-08-29 18:00:00,32.849174,46.945904,42702.97,93012.94388785379,96826.41531849977,23.46506471943927,22.91096586628208,3433.1133039293263,train,
2023-08-29 19:00:00,30.578705,0.0,29999.998,72344.2693336473,75097.9847867726,23.361721346668237,23.278142614826375,2951.325799514071,train,
2023-08-29 20:00:00,29.720545,0.0,17297.02,56481.41928147297,58328.08606101402,23.282407096407365,23.62578509805558,2621.2851145277177,train,
2023-08-29 21:00:00,27.858534,14.1691,11897.035,45440.66722767255,41286.86748771963,23.227203336138363,23.406853587935185,2420.406745629021,train,
2023-08-29 22:00:00,26.366161,6.033669,10439.478,38627.758080507134,38744.62123251015,23.193138790402536,23.199231192370657,2311.4699489488426,train,
2023-08-29 23:00:00,25.31247,31.211264,10098.905,35260.356723370736,40796.2728731353,23.176301783616854,22.877821450471956,2262.5126476184437,train,
2023-08-30 00:00:00,23.84732,3.8825066,10000.246,29603.387069200693,31148.975730156995,23.148016935346003,23.216078840749823,2188.3154419260554,train,
2023-08-30 01:00:00,22.614708,0.0,10001.102,25213.84729349023,28984.88676734343,23.12606923646745,23.429913348026062,2138.261977823461,train,
2023-08-30 02:00:00,21.582079,8.249019,10004.936,21834.27621404519,21907.531873258515,23.109171381070226,23.23838715801122,2104.533690871234,train,
2023-08-30 03:00:00,21.29954,13.0349245,10022.111,20420.99358577545,26430.370431782823,23.102104967928877,,2091.7254315820837,train,
2023-08-30 04:00:00,21.927969,0.0,10098.905,21059.639099726013,23757.553054663153,23.10529819549863,22.866210899514268,2097.416877759316,train,
2023-08-30 05:00:00,22.682425,12.015084,10439.478,23179.25215013119,26793.39513683428,23.115896260750656,23.37605080498426,2117.4394813584227,train,
2023-08-30 06:00:00,23.70776,16.378094,11897.035,26962.424547335217,34980.00815295078,23.134812122736676,22.19524067711342,2157.3769034926813,train,
2023-08-30 07:00:00,25.06192,109.888084,17297.02,38221.67801604266,44717.65858125282,23.191108390080213,23.305962102739755,2305.3865192903845,train,
2023-08-30 08:00:00,26.58805,343.9864,29999.998,61821.50622439195,63985.323061615316,23.30910753112196,24.080204125405338,2727.582953581298,train,
2023-08-30 09:00:00,26.7879,575.6171,42702.97,82978.67580559384,84084.36903996856,23.41489337902797,22.962381362828417,3193.26080591687,train,
2023-08-30 10:00:00,29.663422,736.9582,48102.91,102596.10931660958,104401.16108686861,23.512980546583048,23.44056971017264,3670.608325906638,train,
2023-08-30 11:00:00,30.330153,908.8308,49560.277,113313.13745133187,118324.22426291827,23.56656568725666,23.56419239021924,3944.0943709751655,train,
2023-08-30 12:00:00,32.4374,993.06476,49899.992,123933.24100006993,126489.00689457236,23.61966620500035,23.480891360783378,4221.789123381611,train,
2023-08-30 13:00:00,33.07994,956.5435,49972.953,126740.79076313731,128042.76261042454,23.633703953815687,23.94461622658338,4296.150048466512,train,
2023-08-30 14:00:00,33.79691,859.5865,49972.953,127201.01757522713,136522.18354811968,23.636005087876136,23.777740392182725,4308.374285615853,train,
2023-08-30 15:00:00,33.53276,654.16895,49899.992,121178.15973207656,123704.28182292427,23.605890798660383,23.651580910424578,4149.184468838111,train,
2023-08-30 16:00:00,33.65775,416.9005,49560.277,114089.33091595373,126205.32030340465,23.57044665457977,23.80962842293055,3964.1818684269515,train,
2023-08-30 17:00:00,32.1984,221.54381,48102.91,102462.57704169181,105795.35269824573,23.51231288520846,23.517338097929983,3667.249885762104,train,
2023-08-30 18:00:00,32.42987,4.064177,42702.97,90271.06051052627,99281.5087416678,23.45135530255263,24.405314649199685,3366.597381500435,train,
2023-08-30 19:00:00,30.616796,5.5009418,29999.998,72343.53064163627,76398.09084952672,23.36171765320818,23.407121733305203,2951.3095031066514,train,
2023-08-30 20:00:00,28.266415,29.873886,17297.02,53449.800006519865,58918.28571842279,23.2672490000326,23.32583362957951,2563.4338315359873,train,
2023-08-30 21:00:00,28.173725,7.752463,11897.035,45862.853744134925,47103.814900516074,23.229314268720675,22.71617385384869,2427.5628144705793,train,
2023-08-30 22:00:00,26.866928,0.0,10439.478,39725.4307589499,40737.74821022658,23.19862715379475,23.035592055603722,2328.1535310382155,train,
2023-08-30 23:00:00,24.39868,0.0,10098.905,31815.855986388186,35834.6025341513,23.15907927993194,23.503292584471883,2216.082990984754,train,
2023-08-31 00:00:00,23.934074,0.0,10000.246,29377.118399290935,34537.670110568804,23.146885591996455,22.746248536888494,2185.5693942086036,train,
2023-08-31 01:00:00,22.195578,41.32787,10001.102,25249.71701941823,28335.811300987505,23.12624858509709,22.478981432806506,2138.642884776378,train,
2023-08-31 02:00:00,20.989468,15.774076,10004.936,20425.997714993115,20735.15949365586,23.102129988574966,23.111824629931238,2091.769405165783,train,
2023-08-31 03:00:00,21.548475,0.0,10022.111,20545.344171716097,20698.56679580227,23.10272672085858,23.513950073101075,2092.821074631284,train,
2023-08-31 04:00:00,22.026531,0.0,10098.905,21254.888616810065,21259.059986602762,23.10627444308405,23.118988811692887,2099.188714980552,train,
2023-08-31 05:00:00,22.5489,4.075238,10439.478,22509.167357014092,21777.85299858279,23.11254583678507,23.011708455997166,2110.9231046145337,train,
2023-08-31 06:00:00,23.49043,37.04579,11897.035,26889.1452194687,30125.256267762827,23.134445726097344,22.57689934477505,2156.5536203791244,train,
2023-08-31 07:00:00,24.810202,100.93472,17297.02,37236.53144027068,42813.816116204245,23.186182657201353,23.32185889401201,2290.830274448991,train,
2023-08-31 08:00:00,26.22534,312.8093,29999.998,59752.24847111136,62716.21690894907,23.298761242355557,23.49714377502047,2685.7583803495963,train,
2023-08-31 09:00:00,27.605217,542.6277,42702.97,83880.65529936597,79614.77791347384,23.41940327649683,22.8848835267665,3214.4000840134922,train,
2023-08-31 10:00:00,29.003994,756.62006,48102.91,101336.10780127498,103641.93611957935,23.506680539006375,23.84704027361554,3638.970468399058,train,
2023-08-31 11:00:00,30.585312,912.6365,49560.277,113906.40793735188,116261.81430351455,23.56953203968676,23.79924069745439,3959.4447580780034,train,
2023-08-31 12:00:00,31.793604,1012.87213,49899.992,122755.26532687238,134538.96807941754,23.613776326634362,23.953471109398567,4190.700376896892,train,
2023-08-31 13:00:00,32.766617,964.91547,49972.953,126017.18263031926,122785.07731781305,23.630085913151596,23.8051434407016,4276.949530480213,train,
2023-08-31 14:00:00,33.046005,807.8841,49972.953,123470.36989844895,124825.78706529623,23.617351849492245,23.81345666213564,4209.565181651643,train,
2023-08-31 15:00:00,33.474594,633.0068,49899.992,119969.12750191556,129992.8777565608,23.599845637509578,23.7560619071201,4117.44245839742,train,
2023-08-31 16:00:00,33.520077,435.31622,49560.277,114010.86415290536,118793.74565680957,23.570054320764527,23.830596017214887,3962.1495971761356,train,
2023-08-31 17:00:00,33.01155,219.2391,48102.91,104368.9255197215,109461.81253274817,23.521844627598608,22.97621729686143,3715.317665116545,train,
2023-08-31 18:00:00,31.90866,51.014267,42702.97,90311.85683789218,93697.72932226544,23.45155928418946,23.001241454103006,3367.581971824463,train,
2023-08-31 19:00:00,30.618168,0.0,29999.998,72107.93202849998,76079.98391026881,23.3605396601425,23.13973729008557,2946.1158285586966,train,
2023-08-31 20:00:00,29.458326,0.0,17297.02,55574.01421969317,60598.731443157434,23.277870071098466,23.2389240195967,2603.771101852387,train,
2023-08-31 21:00:00,28.01742,0.0,11897.035,45196.922628327484,46240.964195549976,23.225984613141637,23.342425690134093,2416.2958497592795,train,
2023-08-31 22:00:00,26.41075,0.0,10439.478,38338.387855393565,43364.183134676816,23.191691939276968,23.28909643524562,2307.1299887556247,train,
2023-08-31 23:00:00,23.991669,0.0,10098.905,30530.242980674415,30509.983932120147,23.152651214903372,23.48778295834018,2199.746840618965,train,
2023-09-01 00:00:00,23.208235,19.805845,10000.246,27877.371191692648,31589.213054538493,23.139386855958463,23.48393544553257,2167.8175758360003,train,
2023-09-01 01:00:00,22.719147,0.0,10001.102,25169.82087440951,28551.932430100525,23.125849104372048,22.864133571883908,2137.795101164954,train,
2023-09-01 02:00:00,22.043642,21.485512,10004.936,23236.58455503903,24931.272742523557,23.116182922775195,23.187755755790338,2118.0049517423536,train,
2023-09-01 03:00:00,21.904963,0.0,10022.111,21494.77212537718,24447.101607642555,23.107473860626886,22.853124396310335,2101.3859012208354,train,
2023-09-01 04:00:00,21.963223,0.0,10098.905,21000.24736305528,22694.854830962307,23.105001236815276,23.048527125309207,2096.8808622281235,train,
2023-09-01 05:00:00,22.09547,14.413287,10439.478,21499.923730108607,22247.814840015155,23.107499618650543,23.204037029365093,2101.4333318857484,train,
2023-09-01 06:00:00,23.879423,0.0,11897.035,26618.56428724647,28857.044192564375,23.133092821436232,22.110479198494726,2153.5303964055965,train,
2023-09-01 07:00:00,24.089203,124.3588,17297.02,35877.3735649514,36369.965921817835,23.179386867824757,23.90276007971666,2271.2259554098014,train,
2023-09-01 08:00:00,26.474426,321.5869,29999.998,60508.52008162408,64380.38120688733,23.30254260040812,23.47246520362736,2700.9540725864767,train,
2023-09-01 09:00:00,27.626488,547.6731,42702.97,84021.28834664424,83320.65362062388,23.42010644173322,23.2413954591092,3217.7040270800144,train,
2023-09-01 10:00:00,28.59689,751.26135,48102.91,99995.26848890596,105562.25406435119,23.49997634244453,24.078187269013597,3605.433170667784,train,
2023-09-01 11:00:00,30.474575,913.1922,49560.277,113463.53172994341,111799.07156294402,23.567317658649717,23.46308830750386,3947.9837549524805,train,
2023-09-01 12:00:00,32.357178,953.7599,49899.992,122258.98532805886,122893.21869010842,23.611294926640294,23.651050742388712,4177.622953798231,train,
2023-09-01 13:00:00,32.59383,972.98096,49972.953,125586.25737930668,125921.9949225031,23.627931286896533,23.481796543777246,4265.526607382412,train,
2023-09-01 14:00:00,32.94435,855.6082,49972.953,124511.63006246944,133126.3803394384,23.622558150312347,24.118155701545348,4237.078170004882,train,
2023-09-01 15:00:00,33.51752,672.5444,49899.992,121332.04523204171,125703.81531294413,23.60666022616021,23.575164814268444,4153.229909380311,train,
2023-09-01 16:00:00,33.101364,446.5441,49560.277,113347.06152410021,115511.77769178442,23.5667353076205,23.611580537842354,3944.9715741096716,train,
2023-09-01 17:00:00,32.32895,221.78943,48102.91,102637.60701186158,107468.73138953898,23.513188035059308,23.87432268096694,3671.652289611477,train,
2023-09-01 18:00:00,32.050694,68.14683,42702.97,91186.47535523934,87045.77411252812,23.455932376776197,23.63147421401452,3388.72777881914,train,
2023-09-01 19:00:00,30.952307,17.231358,29999.998,73672.44455733655,76543.87414173533,23.368362222786683,23.35205780324646,2980.7492645890975,train,
2023-09-01 20:00:00,28.96526,5.2759547,17297.02,54613.89079045418,62778.30883459302,23.27306945395227,23.60618674565951,2585.4224723523407,train,
2023-09-01 21:00:00,27.842487,7.9401393,11897.035,45038.11747897899,48357.55240275706,23.225190587394895,23.98673555622328,2413.6256593443154,train,
2023-09-01 22:00:00,25.925312,31.698877,10439.478,38173.988625205624,41330.50642620618,23.190869943126028,23.286093077765855,2304.6752627651463,train,
2023-09-01 23:00:00,24.593151,32.7411,10098.905,33346.85942431221,37572.61122744141,23.16673429712156,23.20176232348333,2236.249478506,train,
2023-09-02 00:00:00,23.380087,29.175268,10000.037,29033.920703557214,33987.62800373706,23.145169603517786,23.19635772860351,2181.4379881808245,train,
2023-09-02 01:00:00,22.974527,0.0,10000.165,26169.852654938808,24878.145404922216,23.130849263274694,23.523978113524148,2148.57512532913,train,
2023-09-02 02:00:00,21.980835,29.535057,10000.74,23626.372911037663,23056.673947247426,23.11813186455519,22.93837254404531,2121.8824065527933,train,
2023-09-02 03:00:00,21.173721,0.0,10003.316,19821.15104642759,23259.929266509564,23.099105755232138,23.01561048731864,2086.5258747316716,train,
2023-09-02 04:00:00,21.984144,17.97382,10014.836,21703.569845058013,23199.958151389015,23.10851784922529,22.647284964487298,2103.3165357637877,train,
2023-09-02 05:00:00,22.288738,12.262547,10065.922,21901.07040639546,27663.09119232862,23.109505352031977,22.754344993239986,2105.158235489984,train,
2023-09-02 06:00:00,23.144182,0.0,10284.556,23438.081805191756,25769.91140652763,23.11719040902596,22.961850408216566,2120.002195950791,train,
2023-09-02 07:00:00,24.237463,133.96439,11094.553,30872.34667698908,29608.56386636101,23.154361733384945,23.13758063516682,2204.0398386621277,train,
2023-09-02 08:00:00,26.009949,340.28342,13000.0,44076.845372336495,44036.65369587505,23.220384226861682,23.751109224592717,2397.6011903940935,train,
2023-09-02 09:00:00,27.549314,544.3185,14905.445,57350.88682053657,53096.63288916029,23.286754434102683,23.44755227558025,2638.221332108395,train,
2023-09-02 10:00:00,28.965408,755.1853,15715.437,69954.05993679,72275.32950141148,23.34977029968395,23.07614674662701,2899.0021475459457,train,
2023-09-02 11:00:00,30.016909,880.47534,15934.041,78758.74801816707,81175.58894388325,23.393793740090835,23.1753995944816,3095.584977100487,train,
2023-09-02 12:00:00,31.133139,1017.5983,15984.999,87993.05805578541,89587.29161698096,23.439965290278927,23.852389895248123,3311.872648428369,train,
2023-09-02 13:00:00,32.820713,928.5943,15995.943,91814.01728763134,98486.4607449936,23.459070086438157,23.797053191026915,3403.943653094763,train,
2023-09-02 14:00:00,33.440205,843.9714,15995.943,92391.2365744627,99487.7427552405,23.461956182872314,23.470401155939573,3417.971114006451,train,
2023-09-02 15:00:00,34.446617,658.3579,15984.999,90399.77803934604,92825.61941593389,23.45199889019673,23.31924095053508,3369.7044206586916,train,
2023-09-02 16:00:00,33.297455,457.71323,15934.041,81551.38775076409,77805.7672592814,23.40775693875382,23.745236789465213,3159.994613866917,train,
2023-09-02 17:00:00,33.17809,206.67953,15715.437,72870.7724434841,77699.75334264147,23.36435386221742,23.066355724200015,2962.9604332253643,train,
2023-09-02 18:00:00,32.29409,63.14385,14905.445,64455.759082328965,69000.72795756334,23.322278795411645,23.4398879148289,2781.922067742249,train,
2023-09-02 19:00:00,30.54894,27.685305,13000.0,55866.31305598573,59673.637764001665,23.27933156527993,23.961129262547928,2609.394650301572,train,
2023-09-02 20:00:00,29.157001,6.8919744,11094.553,48605.78017400741,54035.07037645712,23.243028900870037,23.304635605545474,2475.1302348950326,train,
2023-09-02 21:00:00,27.40143,0.0,10284.556,41849.805185602665,42099.166401891445,23.209249025928013,22.976566182149533,2361.4117757531417,train,
2023-09-02 22:00:00,26.730516,12.515076,10065.922,39202.7678659268,46863.41426545862,23.196013839329634,23.319124450131095,2320.1662241129984,train,
2023-09-02 23:00:00,23.969994,0.0,10014.836,30581.467824342213,31470.35533653519,23.15290733912171,23.011904723417107,2200.387137951445,train,
2023-09-03 00:00:00,23.254139,3.3161478,10000.037,27606.318873035463,32228.156875087352,23.138031594365177,22.71979684123915,2164.6935019876933,train,
2023-09-03 01:00:00,22.870134,26.35954,10000.165,26485.595841820243,25854.331824340872,23.1324279792091,23.342738787270733,2152.05439252511,train,
2023-09-03 02:00:00,21.674011,4.274648,10000.74,21912.721915999355,22954.26603670961,23.109563609579997,23.444913929744914,2105.2673567960737,train,
2023-09-03 03:00:00,21.284262,0.0,10003.316,19854.99846448562,26019.380037144972,23.099274992322428,23.006002990700658,2086.815484805078,train,
2023-09-03 04:00:00,21.810236,0.0,10014.836,20516.45110215219,22970.501014051002,23.10258225551076,22.98941155328188,2092.5659581586197,train,
2023-09-03 05:00:00,22.52728,0.0,10065.922,21888.382969227394,26656.45320634304,23.109441914846137,22.820972297509588,2105.039471864318,train,
2023-09-03 06:00:00,23.496973,0.0,10284.556,24168.00726302384,27672.097945655496,23.12084003631512,23.07585935617485,2127.3653465164407,train,
2023-09-03 07:00:00,24.625296,81.70682,11094.553,30083.599243327088,32853.2998897939,23.150417996216635,22.98170748133968,2194.2015971851356,train,
2023-09-03 08:00:00,26.25976,298.27652,13000.0,43056.24938797834,49303.37524895846,23.21528124693989,22.911971440928916,2380.852063909853,train,
2023-09-03 09:00:00,27.890919,562.8941,14905.445,58422.26661477312,60792.92119855339,23.292111333073866,23.859761982193746,2659.2941004647964,train,
2023-09-03 10:00:00,28.622799,750.29865,15715.437,68634.31906966255,66522.762278247,23.343171595348313,23.483119440373166,2870.470828756255,train,
2023-09-03 11:00:00,30.36108,843.1094,15934.041,78100.03161163266,78625.62792832333,23.390500158058163,23.56221869046697,3080.528111211488,train,
2023-09-03 12:00:00,32.103153,982.6744,15984.999,89051.36450946785,93890.82030337294,23.44525682254734,23.71027669322707,3337.2340296866055,train,
2023-09-03 13:00:00,32.90424,935.65826,15995.943,91884.8735229453,96231.8446309221,23.459424367614726,23.69073523264267,3405.6639564253674,train,
2023-09-03 14:00:00,33.40203,829.0263,15995.943,91427.61180144986,89108.12243958314,23.45713805900725,23.333205073168234,3394.570279099396,train,
2023-09-03 15:00:00,33.781628,627.2424,15984.999,87173.57165316386,87788.81117016272,23.43586785826582,23.51763364515726,3292.31050104518,train,
2023-09-03 16:00:00,33.689053,444.59515,15934.041,81541.0767459241,82702.97972895359,23.40770538372962,23.32699623845142,3159.755129309266,train,
2023-09-03 17:00:00,32.36557,201.25136,15715.437,70062.17650917819,72001.82093088716,23.35031088254589,23.48184996997889,2901.3510162479333,train,
2023-09-03 18:00:00,31.2645,36.28556,14905.445,60250.91663734585,59541.77522599379,23.30125458318673,23.403761848974177,2695.7662472989678,train,
2023-09-03 19:00:00,30.051165,0.0,13000.0,52929.99713127458,54325.32061019882,23.264649985656373,23.149851907397114,2553.708310807063,train,
2023-09-03 20:00:00,29.809021,0.0,11094.553,49405.12387555884,50591.3696255123,23.247025619377794,22.848236002501256,2489.3331714825526,train,
2023-09-03 21:00:00,27.090864,26.244926,10284.556,41367.574001065324,46183.57196795808,23.206837870005327,23.250708987094978,2353.752017707102,train,
2023-09-03 22:00:00,25.865889,0.0,10065.922,35998.484670661666,40837.57697338393,23.17999242335331,23.11871157701112,2272.9500233673148,train,
2023-09-03 23:00:00,24.438446,0.0,10014.836,31174.26926700304,33852.33999820328,23.155871346335015,22.588759672022388,2207.86130857408,train,
2023-09-04 00:00:00,23.620651,0.0,10000.246,28051.606232290993,30200.942807103493,23.140258031161455,23.29255656182807,2169.8394758576856,train,
2023-09-04 01:00:00,21.559385,14.090788,10001.102,22163.567533033303,25458.476115757014,23.110817837665167,23.400420471338,2107.6293206378095,train,
2023-09-04 02:00:00,21.639605,0.0,10004.936,21001.879237195455,22289.606510464117,23.105009396185977,23.863516338748664,2096.8955716354517,train,
2023-09-04 03:00:00,21.936623,9.822725,10022.111,21425.816540418196,22016.606726263195,23.10712908270209,22.989769831705892,2100.752020820471,train,
2023-09-04 04:00:00,22.101273,36.47242,10098.905,22197.15953422394,23215.222623218033,23.11098579767112,22.949372228706398,2107.947461928074,train,
2023-09-04 05:00:00,22.41844,8.008952,10439.478,21986.619742495604,23649.728192501032,23.109933098712478,22.777106789580706,2105.960660347431,train,
2023-09-04 06:00:00,23.103851,0.0,11897.035,24350.35290227603,24873.042664414315,23.12175176451138,23.18434433645748,2129.2359469581675,train,
2023-09-04 07:00:00,25.15394,142.34268,17297.02,38921.71712672905,42297.0314630322,23.194608585633645,23.255304039801153,2315.9037237510115,train,
2023-09-04 08:00:00,25.229174,304.24338,29999.998,56649.66781289067,61564.84359533587,23.283248339064453,23.03985943862843,2624.55070002082,train,
2023-09-04 09:00:00,27.843262,536.325,42702.97,83835.6913045054,81735.79821563029,23.419178456522527,23.366699491921374,3213.3441805779053,train,
2023-09-04 10:00:00,29.207052,757.4623,48102.91,101597.06339814604,104688.67044820516,23.50798531699073,22.914385616923923,3645.5132645505782,train,
2023-09-04 11:00:00,30.687283,900.90784,49560.277,113525.92156513239,115657.2636710226,23.567629607825662,23.845542632175636,3949.59762260554,train,
2023-09-04 12:00:00,31.799831,928.11554,49899.992,119763.26811755414,124167.5672945998,23.59881634058777,23.36761256268612,4112.045275915313,train,
2023-09-04 13:00:00,32.72909,977.5518,49972.953,125699.02779973674,128643.79847290534,23.628495138998684,23.61809823357479,4268.515084993737,train,
2023-09-04 14:00:00,33.618736,840.4059,49972.953,125582.36907941804,122382.15244098936,23.62791184539709,23.199903819007755,4265.423575829164,train,
2023-09-04 15:00:00,32.98965,677.1365,49899.992,119865.50326767044,117671.11797509363,23.599327516338352,23.42462143649988,4114.7253840627955,train,
2023-09-04 16:00:00,32.747803,433.70984,49560.277,111684.70893382789,114799.521696824,23.55842354466914,23.474546198613883,3902.066989259727,train,
2023-09-04 17:00:00,32.712,244.68356,48102.91,104040.35952120836,110854.06534482252,23.520201797606042,23.516814543517793,3707.014535764874,train,
2023-09-04 18:00:00,31.714369,31.124283,42702.97,88995.56811982876,84609.27333863835,23.444977840599144,23.588897595255897,3335.8941875416212,train,
2023-09-04 19:00:00,30.51633,0.0,29999.998,71567.3837960395,75581.82484426921,23.357836918980198,23.789559444026064,2934.2292652532547,train,
2023-09-04 20:00:00,29.639954,0.0,17297.02,55851.35184228775,61955.20221751493,23.27925675921144,23.499070042042245,2609.106389618851,train,
2023-09-04 21:00:00,27.219143,15.145797,11897.035,43387.819540048156,46022.659505812946,23.21693909770024,23.505588460644113,2386.2633123768646,train,
2023-09-04 22:00:00,26.19848,0.0,10439.478,37535.38392976026,41798.2172688059,23.1876769196488,23.621508152631744,2295.2155763847227,train,
2023-09-04 23:00:00,24.604647,17.444466,10098.905,32532.92554770937,33968.292400730796,23.162664627738547,23.333576992195358,2225.4330185884096,train,
2023-09-05 00:00:00,24.092058,0.0,10000.246,29617.582128772567,32356.350597835975,23.148087910643863,23.137075751958164,2188.488303381841,train,
2023-09-05 01:00:00,21.631046,0.0,10001.102,22216.42677877185,21799.330148119156,23.11108213389386,23.413815705770375,2108.1301328274017,train,
2023-09-05 02:00:00,21.374117,5.7941427,10004.936,20676.541260521473,18767.52476082136,23.103382706302607,23.425285492091103,2093.98362521015,train,
2023-09-05 03:00:00,21.205359,0.0,10022.111,19338.946650219666,24302.208697493348,23.0966947332511,23.29126448464091,2082.4493683607384,train,
2023-09-05 04:00:00,22.12076,11.943684,10098.905,21518.896248385743,22448.822929777016,23.10759448124193,22.6712062021311,2101.6081000447994,train,
2023-09-05 05:00:00,21.863955,0.0,10439.478,20319.24749070413,22366.81462177358,23.10159623745352,22.849158191525127,2090.8334789575274,train,
2023-09-05 06:00:00,23.80861,8.221926,11897.035,26468.306921172767,26484.873207730427,23.132341534605864,23.049885303396717,2151.8629473426186,train,
2023-09-05 07:00:00,25.027317,129.21617,17297.02,38364.16256018893,38110.63552740344,23.191820812800945,23.425707119021716,2307.515562688612,train,
2023-09-05 08:00:00,26.181404,383.22888,29999.998,61709.68599044358,64235.92557310273,23.308548429952218,23.302144504231048,2725.3030676486665,train,
2023-09-05 09:00:00,27.563025,489.5271,42702.97,82100.80014173471,82786.01746409423,23.410504000708674,23.751564590743843,3172.772800804016,train,
2023-09-05 10:00:00,28.318518,725.408,48102.91,98233.67823872218,102579.85313503722,23.49116839119361,23.885739379816894,3561.5825115077596,train,
2023-09-05 11:00:00,30.460934,927.9395,49560.277,113660.95188742022,118449.87757208165,23.5683047594371,23.928055900040263,3953.091294867728,train,
2023-09-05 12:00:00,31.058447,936.0021,49899.992,118143.97993849823,122449.73157022025,23.59071989969249,23.952382069036577,4069.668290676458,train,
2023-09-05 13:00:00,32.439175,929.10785,49972.953,123407.89467603699,127411.9067776311,23.617039473380185,23.30594130198257,4207.91606636048,train,
2023-09-05 14:00:00,33.26487,819.63416,49972.953,123864.10362192706,133522.22647635563,23.619320518109635,23.764111167946368,4219.962624177747,train,
2023-09-05 15:00:00,33.264526,635.5682,49899.992,119115.23344141273,117743.36266240074,23.595576167207064,23.41331745492044,4095.0695908643634,train,
2023-09-05 16:00:00,33.56395,471.12595,49560.277,114842.16929512314,117623.3253667212,23.574210846475616,23.079490947067857,3983.6982144194544,train,
2023-09-05 17:00:00,32.532555,214.05371,48102.91,102690.97060812697,109851.33459839085,23.513454853040635,23.427213513423883,3672.994949628338,train,
2023-09-05 18:00:00,31.011282,33.768944,42702.97,87010.67305430073,94169.02362990589,23.435053365271504,23.83247445495968,3288.4299449473106,train,
2023-09-05 19:00:00,29.96405,27.50994,29999.998,70748.59542249286,69602.3008050097,23.353742977112464,23.491965580148005,2916.303718550251,train,
2023-09-05 20:00:00,28.431425,0.0,17297.02,52526.3449553492,54731.026708534184,23.262631724776746,23.867974536258515,2546.19622632104,train,
2023-09-05 21:00:00,27.261501,0.0,11897.035,42768.992834081844,48996.143502228035,23.21384496417041,23.26701400775084,2376.187718434209,train,
2023-09-05 22:00:00,26.334194,0.0,10439.478,37759.32653427958,41927.15606335224,23.188796632671398,23.92313745874927,2298.5191028769186,train,
2023-09-05 23:00:00,24.590372,36.684036,10098.905,33025.82345300138,36461.64225071038,23.165129117265007,23.218385484920123,2231.9575518530664,train,
2023-09-06 00:00:00,23.21744,0.0,10000.246,27257.420232321296,29787.06660952251,23.136287101161606,23.143031190007726,2160.7105919000865,train,
2023-09-06 01:00:00,21.613972,0.0,10001.102,22001.533650090012,24193.210199302266,23.11000766825045,22.726190641874002,2106.10083677407,train,
2023-09-06 02:00:00,22.476387,13.131032,10004.936,23776.361726348227,27388.363117695433,23.11888180863174,23.452050630719572,2123.3897049877446,train,
2023-09-06 03:00:00,21.312971,0.0,10022.111,19763.565723010146,22237.104667490068,23.09881782861505,22.948180289932907,2086.0341984442553,train,
2023-09-06 04:00:00,22.495487,0.0,10098.905,22133.041916998052,25043.31426032414,23.11066520958499,22.916550917762372,2107.3405965931643,train,
2023-09-06 05:00:00,21.781157,5.93158,10439.478,20269.533141647855,23433.835809539363,23.10134766570824,23.48571683483701,2090.3991428438553,train,
2023-09-06 06:00:00,22.854498,0.0,11897.035,23630.081299114638,25191.268051916537,23.118150406495573,23.46561720713436,2121.9195715159635,train,
2023-09-06 07:00:00,25.364141,93.34691,17297.02,37921.014744606655,42145.39841499139,23.189605073723033,23.529220483886238,2300.913519308061,train,
2023-09-06 08:00:00,25.341366,318.7026,29999.998,57276.33782239252,67960.51131698208,23.286381689111963,23.177724348895467,2636.763354362759,train,
2023-09-06 09:00:00,27.49176,517.9362,42702.97,82340.05086316785,79692.16905240303,23.41170025431584,23.396407494724265,3178.347932265151,train,
2023-09-06 10:00:00,28.741909,743.24585,48102.91,99745.90030376546,103912.08976036838,23.498729501518827,23.480773182210072,3599.211047530812,train,
2023-09-06 11:00:00,29.998913,861.9228,49560.277,110244.05719860227,110305.90756462171,23.55122028599301,23.78597574019473,3865.019654910932,train,
2023-09-06 12:00:00,32.43135,944.42285,49899.992,121570.3158708223,126972.0196210511,23.60785157935411,24.07392097990238,4159.4960669338725,train,
2023-09-06 13:00:00,32.11878,965.12854,49972.953,123619.98129844664,126816.1519169926,23.618099906492233,23.728543873051755,4213.515135680121,train,
2023-09-06 14:00:00,33.478806,804.3751,49972.953,123776.55159572072,129989.78835906937,23.618882757978604,24.21135008358581,4217.6499679839835,train,
2023-09-06 15:00:00,33.766003,646.04474,49899.992,120595.86064568393,128455.27252901199,23.60297930322842,23.872137628638338,4133.887449409563,train,
2023-09-06 16:00:00,32.71511,451.31604,49560.277,111886.07111653894,115637.90953989448,23.559430355582695,23.488990537348368,3907.2552538714035,train,
2023-09-06 17:00:00,31.76154,235.30537,48102.91,100967.49177776587,108076.54389661486,23.50483745888883,23.75345088072752,3629.737036798106,train,
2023-09-06 18:00:00,30.854662,55.405876,42702.97,87047.15734350188,82336.06100704866,23.43523578671751,23.947017870330143,3289.298837355149,train,
2023-09-06 19:00:00,30.004444,0.0,29999.998,69906.3677405796,77515.44532694218,23.349531838702898,23.9490185337053,2897.966567373239,train,
2023-09-06 20:00:00,28.966257,23.399872,17297.02,54502.288211705265,58471.18703732997,23.272511441058526,23.628578844438252,2583.3020493702643,train,
2023-09-06 21:00:00,27.458454,0.0,11897.035,43310.666479325024,48881.32456570259,23.216553332396625,23.224255668494024,2385.0015613820874,train,
2023-09-06 22:00:00,25.695744,41.185898,10439.478,37310.666673808155,37514.8143854612,23.18655333336904,23.121545357152264,2291.9156317106476,train,
2023-09-06 23:00:00,24.282154,4.211292,10098.905,31147.770113723538,32313.825094431886,23.155738850568618,23.328559701637033,2207.5246827049596,train,
2023-09-07 00:00:00,23.406473,0.0,10000.246,27590.081259346276,30905.96574463157,23.13795040629673,23.640142754878045,2164.50717843753,train,
2023-09-07 01:00:00,22.370604,49.288364,10001.102,25535.02716317837,28498.537294734382,23.127675135815892,23.257805872480226,2141.689485196636,train,
2023-09-07 02:00:00,21.615442,0.0,10004.936,21311.32681997272,24905.68696525534,23.106556634099864,23.242916195660506,2099.703642361207,train,
2023-09-07 03:00:00,21.012709,8.871606,10022.111,19119.913590714787,24376.386490719553,23.095599567953574,23.1110189242487,2080.6282671695008,train,
2023-09-07 04:00:00,21.77497,18.472256,10098.905,20810.007899800097,20111.56558289844,23.104050039499,23.005682720709636,2095.1732114340257,train,
2023-09-07 05:00:00,22.135826,20.715643,10439.478,21673.813887154127,26721.79470567233,23.10836906943577,23.059728717442596,2103.040367556813,train,
2023-09-07 06:00:00,22.71772,0.0,11897.035,23438.26825220674,26455.82593486862,23.117191341261034,23.157819136834693,2120.0040511272996,train,
2023-09-07 07:00:00,24.028736,107.341805,17297.02,34885.32739144432,37425.3358247175,23.17442663695722,23.68985663582917,2257.2743432040843,train,
2023-09-07 08:00:00,26.19804,319.67264,29999.998,59525.27231810194,58580.89104704851,23.29762636159051,23.22571222803127,2681.2184245394433,train,
2023-09-07 09:00:00,27.997648,598.2214,42702.97,86416.91821979194,91064.05469111317,23.43208459109896,23.447868213872376,3274.308381803032,train,
2023-09-07 10:00:00,28.60052,747.131,48102.91,99987.62770166536,94284.18359798746,23.499938138508327,23.240324840386375,3605.2424501087517,train,
2023-09-07 11:00:00,29.428268,881.1096,49560.277,109626.51309685895,115122.29738541938,23.548132565484295,23.76312188542624,3849.178501498496,train,
2023-09-07 12:00:00,31.737122,952.98004,49899.992,120289.8748127133,117133.66084482486,23.601449374063566,24.01145312767905,4125.856103187848,train,
2023-09-07 13:00:00,32.09434,944.8772,49972.953,123155.08710213834,126379.67687993386,23.61577543551069,24.10312478929772,4201.244807342433,train,
2023-09-07 14:00:00,33.34805,854.14624,49972.953,125231.0921431068,127723.8954624004,23.626155460715534,23.68716481812425,4256.118395371512,train,
2023-09-07 15:00:00,33.10911,640.7184,49899.992,119094.94120604904,126883.66003323215,23.595474706030245,23.767780991014014,4094.5383767630083,train,
2023-09-07 16:00:00,33.946888,416.20096,49560.277,114273.54564195866,116564.47142549772,23.571367728209793,23.52530263155878,3968.954385001965,train,
2023-09-07 17:00:00,32.500546,200.51259,48102.91,102181.08574932856,102640.41753709843,23.510905428746643,23.669311032655,3660.1744297807,train,
2023-09-07 18:00:00,31.863276,30.523952,42702.97,89139.21161006116,90447.4908768492,23.445696058050306,23.53988560380007,3339.344118508444,train,
2023-09-07 19:00:00,29.773474,17.81452,29999.998,70056.77747427014,76749.70783303778,23.35028388737135,23.367763203546797,2901.233679501095,train,
2023-09-07 20:00:00,27.684692,9.955096,17297.02,50775.41653499935,55123.6812622381,23.253877082674997,23.295203190358137,2514.0263785156308,train,
2023-09-07 21:00:00,27.313627,14.260796,11897.035,43271.356839842665,45351.87640550356,23.216356784199213,23.351933469217308,2384.359303981868,train,
2023-09-07 22:00:00,25.811365,35.03774,10439.478,37537.81218633918,39995.108229455276,23.187689060931696,23.099443330478028,2295.2513172555173,train,
2023-09-07 23:00:00,24.547615,0.0,10098.905,31827.71716450361,31354.482448665407,23.159138585822518,23.086389548199108,2216.236273936801,train,
2023-09-08 00:00:00,22.729582,21.97699,10000.246,26597.078654121022,30433.57683522327,23.132985393270605,23.645193997372072,2153.291465092487,train,
2023-09-08 01:00:00,21.48086,9.278889,10001.102,21970.891818558157,21265.049154222816,23.10985445909279,23.923018489746706,2105.8129258252043,train,
2023-09-08 02:00:00,20.757994,0.0,10004.936,18864.239015577055,23426.86810059173,23.094321195077885,22.733011110517673,2078.5267768958706,train,
2023-09-08 03:00:00,21.415003,0.0,10022.111,19799.21349341254,23067.561662441996,23.098996067467063,22.721154706154245,2086.33841201804,train,
2023-09-08 04:00:00,21.682308,0.0,10098.905,19990.673960145956,27974.583785224015,23.09995336980073,22.812807521458286,2087.98092444418,train,
2023-09-08 05:00:00,21.647291,1.9253819,10439.478,19695.022202096625,20400.743771172365,23.098475111010483,23.067488586498918,2085.450673016979,train,
2023-09-08 06:00:00,22.739893,18.98877,11897.035,23878.1559952443,26660.058852787963,23.11939077997622,23.388124933287397,2124.417496717606,train,
2023-09-08 07:00:00,23.902473,138.04216,17297.02,35509.060173590966,42583.9991576607,23.177545300867955,23.354921183482436,2266.010595511533,train,
2023-09-08 08:00:00,24.88275,323.06525,29999.998,56180.68213138727,62296.71661463943,23.280903410656936,23.332512751691077,2615.462127478274,train,
2023-09-08 09:00:00,27.273394,557.56726,42702.97,83046.99031710924,83822.69116226552,23.415234951585546,23.573915615672917,3194.8587356340236,train,
2023-09-08 10:00:00,29.085068,740.1533,48102.91,100787.9702761997,104599.90683349848,23.503939851381,23.29631400439249,3625.2439169187637,train,
2023-09-08 11:00:00,30.104406,885.4335,49560.277,111505.62684839401,114513.41924975836,23.55752813424197,23.484291302716183,3897.454853743396,train,
2023-09-08 12:00:00,30.8674,941.8349,49899.992,117629.20026400039,,23.588146001320002,23.58211763680726,4056.2255705610696,train,
2023-09-08 13:00:00,32.31057,962.0945,49972.953,124038.13710920062,124086.51916409023,23.620190685546003,23.144925783884446,4224.56074779009,train,
2023-09-08 14:00:00,33.535072,847.8373,49972.953,125514.06253788144,128133.23484395434,23.627570312689407,23.27917725127263,4263.613714360964,train,
2023-09-08 15:00:00,34.045708,630.74036,49899.992,121207.47025781355,117575.62495531914,23.606037351289068,23.26956753290577,4149.9549107995,train,
2023-09-08 16:00:00,33.09694,444.21658,49560.277,112926.51188661082,116458.10130878979,23.564632559433054,23.793865026538185,3934.101851527127,train,
2023-09-08 17:00:00,32.07432,216.34209,48102.91,101442.08616411987,106080.89359614815,23.5072104308206,23.580816915392326,3641.626993638399,train,
2023-09-08 18:00:00,30.642159,37.48737,42702.97,86092.60585858749,88349.71525401456,23.430463029292937,23.613781389315122,3266.6103387410444,train,
2023-09-08 19:00:00,29.575373,14.803281,29999.998,69281.8796127952,67623.36590487338,23.346409398063976,22.794512901123237,2884.4377196281534,train,
2023-09-08 20:00:00,28.711107,3.6109338,17297.02,53289.10394206901,58820.161690954585,23.266445519710345,22.821375513894864,2560.421008165214,train,
2023-09-08 21:00:00,27.284054,3.1969075,11897.035,42961.57450364717,46828.893423570014,23.214807872518236,23.413772504595183,2379.3123366740197,train,
2023-09-08 22:00:00,25.743488,0.0,10439.478,36192.99606923434,37540.78290573454,23.18096498034617,22.347364087846355,2275.7283818638925,train,
2023-09-08 23:00:00,24.088556,0.0,10098.905,30427.42122740094,32810.53116961604,23.152137106137005,23.519525913416945,2198.464274509531,train,
2023-09-09 00:00:00,22.267124,0.0,10000.037,24492.858623708715,24295.37260029621,23.122464293118544,22.575469150061707,2130.70648171091,train,
2023-09-09 01:00:00,21.300318,0.0,10000.165,20923.828072506723,21774.3703375606,23.104619140362534,23.357622607940026,2096.1931979393116,train,
2023-09-09 02:00:00,21.390429,0.0,10000.74,20315.8491081048,22191.39112430116,23.101579245540524,22.835003858113435,2090.8037575260273,train,
2023-09-09 03:00:00,20.797226,17.58842,10003.316,18619.883726433527,24170.75213810616,23.093099418632168,23.407770533183644,2076.5428151105657,train,
2023-09-09 04:00:00,21.853432,32.08187,10014.836,21198.564762480743,22856.45430141349,23.105992823812404,24.068441097987353,2098.6760667597514,train,
2023-09-09 05:00:00,21.347336,7.193824,10065.922,18722.258959741823,23052.220312745474,23.09361129479871,22.411658005762373,2077.3710988891876,train,
2023-09-09 06:00:00,23.559252,0.0,10284.556,23885.49937195279,25741.851017732803,23.119427496859764,23.32804064121796,2124.4917915169267,train,
2023-09-09 07:00:00,23.860455,102.38685,11094.553,28429.804222795952,31968.907931956535,23.14214902111398,22.59970020703586,2174.2650232508126,train,
2023-09-09 08:00:00,25.663414,323.9912,13000.0,41989.86561119398,44655.65635358558,23.20994932805597,23.33798000472122,2363.6484367692074,train,
2023-09-09 09:00:00,27.216318,524.3856,14905.445,55198.81386105396,60465.77356222522,23.27599406930527,23.213962420239703,2596.578161061314,train,
2023-09-09 10:00:00,28.542364,709.8384,15715.437,66730.46734484061,68217.06845347637,23.333652336724203,23.372587033462757,2829.7808651651376,train,
2023-09-09 11:00:00,29.32166,868.75287,15934.041,75731.01015154649,73971.24292139595,23.378655050757732,23.10514916785926,3026.8246247042916,train,
2023-09-09 12:00:00,31.176735,940.219,15984.999,84861.45404013072,83387.4125140482,23.424307270200654,23.658469603049603,3237.4866399144717,train,
2023-09-09 13:00:00,32.93219,926.56287,15995.943,91106.60366050496,92305.24428806096,23.455533018302525,23.02102566691141,3386.7937503628855,train,
2023-09-09 14:00:00,32.41029,793.3909,15995.943,87256.58654963269,86141.82189686102,23.436282932748163,23.808774111617787,3294.2891049002037,train,
2023-09-09 15:00:00,32.39021,635.1721,15984.999,83063.60369046146,87374.33257246876,23.415318018452307,23.292542926469253,3195.247413306431,train,
2023-09-09 16:00:00,32.83506,437.78296,15934.041,78428.43556644965,79990.13038464363,23.39214217783225,22.97133497461132,3088.028101371597,train,
2023-09-09 17:00:00,32.15825,224.49284,15715.437,69673.35020229015,79542.87729492474,23.34836675101145,23.82684779801366,2892.91170891368,train,
2023-09-09 18:00:00,30.852556,64.568794,14905.445,59671.20267958919,58006.940014572756,23.298356013397946,23.2781532175552,2684.1362085977958,train,
2023-09-09 19:00:00,29.826023,10.53323,13000.0,52340.75377345917,55858.542899224405,23.261703768867296,23.833994559999905,2542.754226231173,train,
2023-09-09 20:00:00,28.487535,2.2440035,11094.553,45676.36905442995,45941.76387078491,23.22838184527215,23.594788684066152,2424.3963415656353,train,
2023-09-09 21:00:00,26.961903,42.83843,10284.556,41104.08167302424,42944.78894777185,23.20552040836512,22.96607669692919,2349.5937898207812,train,
2023-09-09 22:00:00,25.639248,0.0,10065.922,35175.25066864522,38495.04536120657,23.175876253343226,23.150379313062203,2261.3200643964187,train,
2023-09-09 23:00:00,24.409718,32.930965,10014.836,31891.7942738139,29736.294433336716,23.15945897136907,23.19577035326814,2217.0651519075714,train,
2023-09-10 00:00:00,22.97162,0.0,10000.037,26240.982920327126,29750.006503143028,23.131204914601636,23.589095874597568,2149.3557793353825,train,
2023-09-10 01:00:00,21.999979,23.180115,10000.165,23414.2630530215,30447.980267753323,23.117071315265108,23.24832662927524,2119.7653037269192,train,
2023-09-10 02:00:00,21.935934,0.0,10000.74,21759.636181297283,23805.675538298816,23.108798180906486,23.161685967235424,2103.8378240891525,train,
2023-09-10 03:00:00,21.497553,15.046984,10003.316,20346.464649257003,23889.741500271415,23.101732323246285,,2091.0716777172224,train,
2023-09-10 04:00:00,20.098742,0.0,10014.836,15501.318613806347,20605.845457832576,23.07750659306903,23.06233948231264,2053.353790969804,train,
2023-09-10 05:00:00,21.718016,0.0,10065.922,19000.084755630553,21659.12048428697,23.095000423778153,23.48637804948165,2079.6400887290642,train,
2023-09-10 06:00:00,22.18617,0.0,10284.556,20065.842453842462,21852.431720863377,23.100329212269212,23.101440817508454,2088.6297493917355,train,
2023-09-10 07:00:00,23.783777,104.38292,11094.553,27893.521245145083,25959.714395676503,23.139467606225725,23.020968424836273,2168.004537520165,train,
2023-09-10 08:00:00,25.814947,258.93683,13000.0,40111.13602310985,44607.27110184643,23.20055568011555,23.031203530431444,2334.0978792154324,train,
2023-09-10 09:00:00,26.978958,571.3075,14905.445,55657.57520621446,58362.72883876898,23.278287876031072,23.112158329880224,2605.3769612192164,train,
2023-09-10 10:00:00,28.44099,721.20013,15715.437,66633.90359233148,66770.30485694004,23.333169517961657,22.91254071914883,2827.73220039609,train,
2023-09-10 11:00:00,30.58622,843.7316,15934.041,78109.01651169431,81499.02719111572,23.39054508255847,23.165432490060528,3080.7331293673783,train,
2023-09-10 12:00:00,30.700562,960.93945,15984.999,84150.77231477851,85270.88501340948,23.420753861573893,23.87027994426899,3220.7479306919263,train,
2023-09-10 13:00:00,32.21806,947.9655,15995.943,89668.16217238786,90896.84330609826,23.44834081086194,23.386361032691692,3352.0652405101373,train,
2023-09-10 14:00:00,33.07449,807.28894,15995.943,89284.58149866358,94311.31433776076,23.446422907493318,23.65774640806015,3342.8375437721093,train,
2023-09-10 15:00:00,33.069084,631.24945,15984.999,84782.68063894846,83452.1721886192,23.423913403194742,22.680286447824493,3235.6286317643644,train,
2023-09-10 16:00:00,32.389675,398.81482,15934.041,76026.44142703952,82203.45431946224,23.380132207135198,23.55062559982496,3033.4827865760444,train,
2023-09-10 17:00:00,32.24656,217.75731,15715.437,69401.3237117126,68366.17462397822,23.347006618558563,23.29860080724783,2887.020845031107,train,
2023-09-10 18:00:00,31.625078,21.515661,14905.445,60192.30227669539,61406.59532916928,23.300961511383477,23.156529504516325,2694.5875246560763,train,
2023-09-10 19:00:00,30.202332,38.379547,13000.0,54019.5907125991,61969.563701682884,23.270097953562995,23.324385940789334,2574.1609434301213,train,
2023-09-10 20:00:00,28.739424,0.0,11094.553,46199.81336249666,51943.01302168729,23.230999066812483,23.082251490668874,2433.306491023392,train,
2023-09-10 21:00:00,27.182411,10.668545,10284.556,40530.563031501995,43759.01588555485,23.20265281515751,22.565490339191005,2340.6097251967276,train,
2023-09-10 22:00:00,25.560595,0.0,10065.922,34718.27223801895,35597.418814882556,23.173591361190095,23.450265743541674,2254.955118061971,train,
2023-09-10 23:00:00,23.562927,0.0,10014.836,28373.66856015322,30223.239644411784,23.141868342800766,23.214773611205224,2173.6049688950575,train,
2023-09-11 00:00:00,22.624622,7.693409,10000.246,25095.749611895,28252.339781816314,23.125478748059475,23.03129601163512,2137.011226859755,test,
2023-09-11 01:00:00,21.967087,0.0,10001.102,22289.726037551816,25368.856019747185,23.11144863018776,22.821593018566027,2108.826379327185,test,
2023-09-11 02:00:00,19.949547,16.945269,10004.936,16666.100054649745,19478.765208705103,23.08333050027325,22.642373245441107,2061.548690166797,test,
2023-09-11 03:00:00,21.293776,0.0,10022.111,18822.017508583856,21757.94192476061,23.09411008754292,23.161277899663336,2078.1822607230806,test,
2023-09-11 04:00:00,21.330318,6.1606135,10098.905,18689.08731192036,21243.808287704003,23.093445436559602,23.577477724627208,2077.1022570151245,test,
2023-09-11 05:00:00,21.36108,0.0,10439.478,18301.17005707237,18310.518833042763,23.091505850285362,23.152455793307674,2073.9912109052184,test,
2023-09-11 06:00:00,22.449724,18.131685,11897.035,22561.171545743975,24470.59904028327,23.11280585772872,22.697977375900873,2111.4226993581456,test,
2023-09-11 07:00:00,23.909369,87.10004,17297.02,33369.78090451126,38415.38990568118,23.166848904522556,23.234383922634077,2236.5571868060015,test,
2023-09-11 08:00:00,25.603365,311.44943,29999.998,57059.91461065878,56457.724096419326,23.285299573053294,23.269296684379274,2632.536888599684,test,
2023-09-11 09:00:00,26.841293,527.64935,42702.97,80446.26680050229,82852.12466135972,23.40223133400251,23.66144442182478,3134.3965380793534,test,
2023-09-11 10:00:00,29.01062,687.80774,48102.91,98192.6515604286,98273.86510151922,23.490963257802143,23.67298321102566,3560.5641601326283,test,
2023-09-11 11:00:00,30.156155,851.9508,49560.277,109765.62690312548,113194.63170643734,23.548828134515627,22.65308137428265,3852.744938935424,test,
2023-09-11 12:00:00,30.918917,935.3987,49899.992,116747.3528111536,118179.90553085659,23.583736764055768,23.747309425384305,4033.23070869629,test,
2023-09-11 13:00:00,31.998585,889.0257,49972.953,120129.63521339728,129218.9379684713,23.600648176066986,23.299604353215763,4121.6521360800825,test,
2023-09-11 14:00:00,32.87749,799.6229,49972.953,121189.86641653109,126291.92925323936,23.605949332082655,23.179430709648045,4149.492179755372,test,
2023-09-11 15:00:00,33.282253,578.43677,49899.992,116385.60911930326,114107.16208165343,23.581928045596516,23.525386022484447,4023.8102600724255,test,
2023-09-11 16:00:00,33.058464,422.86044,49560.277,110896.9487158923,116502.51717355411,23.55448474357946,23.677776076288463,3881.7933885055913,test,
2023-09-11 17:00:00,32.148018,189.8962,48102.91,99705.37716388392,99918.02455630744,23.49852688581942,23.006306502733374,3598.2003851721643,test,
2023-09-11 18:00:00,31.293343,17.926437,42702.97,86084.52012883846,87199.80847796038,23.430422600644192,23.64179552576146,3266.418550221504,test,
2023-09-11 19:00:00,29.980864,0.0,29999.998,68880.56715326129,72783.03990545293,23.344402835766306,23.573404490025787,2875.7745527456505,test,
2023-09-11 20:00:00,28.872614,0.0,17297.02,52589.0852243748,54336.42677146611,23.262945426121874,23.277038285011724,2547.361516601619,test,
2023-09-11 21:00:00,26.596407,0.0,11897.035,40029.42170252197,45112.30700164139,23.20014710851261,22.939860019444495,2332.835000949382,test,
2023-09-11 22:00:00,25.679127,6.17885,10439.478,35136.26448110614,36385.27187827624,23.17568132240553,22.881867921148743,2260.774507445981,test,
2023-09-11 23:00:00,23.249943,17.735052,10098.905,27843.174242776313,29501.655869202346,23.13921587121388,23.446995510687948,2167.421997840347,test,
2023-09-12 00:00:00,22.859262,8.827946,10000.246,25419.34729402797,27014.41780207832,23.12709673647014,22.673729930521368,2140.4506289959054,test,
2023-09-12 01:00:00,21.827824,0.0,10001.102,21635.73325459751,23446.37176449716,23.108178666272988,23.42751980451874,2102.68743709513,test,
2023-09-12 02:00:00,21.125786,24.342415,10004.936,19717.669517262948,25010.19098552318,23.098588347586315,23.049028599847183,2085.643268172388,test,
2023-09-12 03:00:00,20.068447,0.0,10022.111,15476.481166405876,19767.51638834367,23.07738240583203,23.048632055939173,2053.185165143345,test,
2023-09-12 04:00:00,21.752626,0.0,10098.905,19198.08928563498,25756.954672745385,23.095990446428175,22.583564134804178,2081.2760434400075,test,
2023-09-12 05:00:00,22.084703,0.0,10439.478,20025.618921965815,27761.10012538612,23.10012809460983,23.056113105571253,2088.2822778271657,test,
2023-09-12 06:00:00,22.68903,0.0,11897.035,22487.38468075828,23311.83565686344,23.11243692340379,23.296512578207203,2110.7141499507607,test,
2023-09-12 07:00:00,24.104975,105.1921,17297.02,34227.03705270465,37385.352360926205,23.171135185263523,22.770212158907928,2248.186170864525,test,
2023-09-12 08:00:00,24.992825,334.24078,29999.998,56005.72265677499,55933.389968444775,23.280028613283875,23.429619373459428,2612.0828611046854,test,
2023-09-12 09:00:00,27.1264,518.17505,42702.97,80724.67640841907,81282.34677876874,23.403623382042095,23.430327058145803,3140.832062228029,test,
2023-09-12 10:00:00,29.09844,710.6914,48102.91,99020.64721005033,99764.23212022899,23.49510323605025,23.30197655190056,3581.1422362854455,test,
2023-09-12 11:00:00,29.450256,910.1667,49560.277,109687.69262586733,108616.85687655483,23.548438463129337,23.804840389076727,3850.746800586618,test,
2023-09-12 12:00:00,32.241234,937.45056,49899.992,120363.35243782119,119021.38870283625,23.601816762189106,22.94113973149554,4127.784266293969,test,
2023-09-12 13:00:00,31.942871,891.42346,49972.953,120282.81654565732,122687.54668412643,23.601414082728287,23.705418307351398,4125.670898234689,test,
2023-09-12 14:00:00,33.048008,770.516,49972.953,120761.55285355625,118726.48192444103,23.60380776426778,24.089638311689768,4138.238439582963,test,
2023-09-12 15:00:00,32.591045,603.38684,49899.992,115311.4380893946,121676.47615259042,23.576557190446973,24.00854013217717,3995.879750295278,test,
2023-09-12 16:00:00,32.873207,442.32663,49560.277,111006.40218936562,110441.28946998245,23.555032010946828,23.671974027108384,3884.6079846394377,test,
2023-09-12 17:00:00,31.608068,208.36432,48102.91,98939.98548539144,111995.8126341024,23.494699927426957,23.404195694587703,3579.1351825635925,test,
2023-09-12 18:00:00,30.900534,51.659504,42702.97,86183.43536209565,87707.96556695057,23.43091717681048,23.24017640984619,3268.765222179664,test,
2023-09-12 19:00:00,29.83006,6.5525208,29999.998,68865.42804494056,72072.51104514858,23.344327140224703,23.25344940205301,2875.4482192923588,test,
2023-09-12 20:00:00,28.212076,0.0,17297.02,51006.427043171956,50744.45803007115,23.25503213521586,23.418174309591233,2518.231530209123,test,
2023-09-12 21:00:00,26.824919,0.0,11897.035,40711.59683641028,47709.713106266674,23.20355798418205,22.961384842544227,2343.435662712627,test,
2023-09-12 22:00:00,25.758957,15.567027,10439.478,35848.81881234807,41391.00348558255,23.17924409406174,23.406471239476854,2270.8201226025158,test,
2023-09-12 23:00:00,23.410656,0.0,10098.905,27912.31145976596,31556.091036021633,23.13956155729883,23.779509712699827,2168.2221790961103,test,
2023-09-13 00:00:00,22.13027,0.0,10000.246,23330.27792577198,23476.49526956607,23.11665138962886,23.09808641909064,2118.931731152372,test,
2023-09-13 01:00:00,21.673883,0.0,10001.102,21217.054807071632,24659.211766401408,23.106085274035358,22.702766833050365,2098.844223189909,test,
2023-09-13 02:00:00,20.82998,1.3128053,10004.936,18262.556670387654,18937.062094154015,23.09131278335194,22.687889359457014,2073.684855161268,test,
2023-09-13 03:00:00,20.449713,26.70719,10022.111,17289.602182295737,23311.069269029496,23.08644801091148,23.31941767642495,2066.1648794953035,test,
2023-09-13 04:00:00,21.108469,7.3493385,10098.905,17905.345349795,22581.09000438026,23.089526726748975,23.071602873060844,2070.879342908679,test,
2023-09-13 05:00:00,21.429312,18.100527,10439.478,18872.313335678115,22070.692228439137,23.09436156667839,23.357410835497607,2078.592742596782,test,
2023-09-13 06:00:00,22.743027,0.0,11897.035,22696.023578888,20548.636642217,23.11348011789444,22.953389843146635,2112.7230148943086,test,
2023-09-13 07:00:00,23.835308,95.46194,17297.02,33321.38755448213,34122.560164975424,23.16660693777241,23.41579400203436,2235.9077310346233,test,
2023-09-13 08:00:00,25.217812,335.23474,29999.998,56679.23626958497,61484.69533803698,23.283396181347925,23.235906429313008,2625.1251859088725,test,
2023-09-13 09:00:00,26.823915,534.70197,42702.97,80551.65457786089,87356.26640402093,23.402758272889304,23.18300705629212,3136.831546275304,test,
2023-09-13 10:00:00,28.813421,726.01117,48102.91,98856.21497598436,105823.77230956184,23.494281074879922,23.373981531239206,3577.0513157404143,test,
2023-09-13 11:00:00,30.376854,856.7305,49560.277,110588.16095457118,107420.93041588587,23.552940804772856,23.193824498145887,3873.8568906172472,test,
2023-09-13 12:00:00,31.03001,956.63916,49899.992,117820.40619800185,122045.07554479699,23.58910203099001,24.185909898564493,4061.216973395528,test,
2023-09-13 13:00:00,31.635376,910.8236,49972.953,120015.6014764353,127198.16460367297,23.600078007382177,23.57116346331463,4118.661206991354,test,
2023-09-13 14:00:00,32.04225,790.9401,49972.953,118828.98519612013,115050.40900977509,23.5941449259806,23.78749915258526,4087.5781277506812,test,
2023-09-13 15:00:00,31.95778,619.74603,49899.992,114166.37073489894,117135.0200236534,23.570831853674495,23.409771113813257,3966.177528313697,test,
2023-09-13 16:00:00,32.176384,412.6183,49560.277,108302.66634009931,112347.45748255048,23.541513331700497,23.225934985106548,3815.3008770917913,test,
2023-09-13 17:00:00,31.706436,225.00923,48102.91,99646.1931432627,101564.42577974203,23.498230965716314,23.42806681244093,3596.7245414612967,test,
2023-09-13 18:00:00,31.072838,54.013344,42702.97,86855.34266523263,83771.48701616636,23.434276713326163,23.76463447333992,3284.732180033173,test,
2023-09-13 19:00:00,29.098995,11.120775,29999.998,67171.3214700688,69246.61481687942,23.335856607350344,23.17963706993086,2839.1526526820976,test,
2023-09-13 20:00:00,28.976002,38.172432,17297.02,54255.56509898897,56411.56758963023,23.271277825494945,23.01011823367612,2578.6236076227888,test,
2023-09-13 21:00:00,27.276634,9.322429,11897.035,42576.232195646924,45224.845990617614,23.212881160978235,23.259520434288977,2373.070161874671,test,
2023-09-13 22:00:00,25.796366,1.824598,10439.478,35799.058898754054,37519.914802411215,23.17899529449377,23.328702074709092,2270.1135117506383,test,
2023-09-13 23:00:00,23.646055,14.060547,10098.905,29132.08061125303,31165.155430283954,23.145660403056265,23.63851485371222,2182.6154743029037,test,
2023-09-14 00:00:00,22.635048,12.17764,10000.246,25311.491470792902,28226.54782142805,23.126557457353965,23.23268260086571,2139.299988414065,test,
2023-09-14 01:00:00,21.204988,0.0,10001.102,20280.439541382122,24205.38839085458,23.10140219770691,23.294600001266282,2090.4943446927787,test,
2023-09-14 02:00:00,21.604456,0.0,10004.936,20421.04804594018,22784.27069834637,23.1021052402297,23.3178878113058,2091.7259100955694,test,
2023-09-14 03:00:00,20.294878,15.464686,10022.111,16832.473132743788,18987.463711524415,23.08416236566372,22.73825775108393,2062.764876709919,test,
2023-09-14 04:00:00,20.779081,17.494009,10098.905,17487.33080152789,20678.28773515219,23.08743665400764,22.798437032866776,2067.6619802825267,test,
2023-09-14 05:00:00,22.153301,0.0,10439.478,20383.28205442639,19365.88932118653,23.101916410272132,22.776747523390437,2091.394359889897,test,
2023-09-14 06:00:00,23.533371,0.0,11897.035,25003.15803543032,29022.121383685735,23.12501579017715,22.725372063469656,2136.034203979476,test,
2023-09-14 07:00:00,23.743397,88.47528,17297.02,33103.580091322016,36102.322698811244,23.16551790045661,23.40415586291773,2232.9940244828945,test,
2023-09-14 08:00:00,25.06148,312.05386,29999.998,55633.23839701795,58736.63642622549,23.27816619198509,23.365181219484217,2604.9091141699146,test,
2023-09-14 09:00:00,25.777235,530.0568,42702.97,77636.44388672546,83585.86311076967,23.388182219433627,23.41203103836106,3069.963465163552,test,
2023-09-14 10:00:00,29.017181,730.441,48102.91,99429.59940534877,95416.40268784606,23.497147997026744,22.719333042406063,3591.3257599551334,test,
2023-09-14 11:00:00,29.90336,849.34546,49560.277,109171.7557335528,104597.11199428093,23.545858778667764,24.162501836253348,3837.5285047738557,test,
2023-09-14 12:00:00,30.269152,910.10095,49899.992,114270.49318887299,118357.18650435649,23.571352465944365,23.3030708646983,3968.875288071602,test,
2023-09-14 13:00:00,32.324783,919.5489,49972.953,121832.00862691876,124802.35709363797,23.609160043134594,24.224703869916283,4166.3814627879,test,
2023-09-14 14:00:00,32.821194,793.1851,49972.953,121000.58438735672,124705.88574699945,23.605002921936784,23.170230477741388,4144.517737912778,test,
2023-09-14 15:00:00,32.63833,627.3458,49899.992,116269.75064435498,117411.63258403343,23.581348753221775,23.337628405654815,4020.79462586818,test,
2023-09-14 16:00:00,32.35251,383.9644,49560.277,107947.71531221627,113476.40269257528,23.53973857656108,22.878883761808193,3806.2367657588725,test,
2023-09-14 17:00:00,32.26829,196.91542,48102.91,100156.31570659878,106522.63279169991,23.500781578532994,23.609419071315802,3609.4540886854197,test,
2023-09-14 18:00:00,31.116306,67.307465,42702.97,87297.96412548936,91892.81915536668,23.436489820627447,23.106112774384076,3295.2755706328576,test,
2023-09-14 19:00:00,29.974821,26.760838,29999.998,69948.81881061659,72192.70623741033,23.349744094053083,23.027844047823578,2898.8883261865094,test,
2023-09-14 20:00:00,28.823599,0.0,17297.02,52726.46937420973,50352.03810629463,23.26363234687105,22.85187808171873,2549.9161781130238,test,
2023-09-14 21:00:00,27.257362,9.478536,11897.035,42316.18423020791,47138.41266896054,23.21158092115104,23.444787439972398,2368.880221333364,test,
2023-09-14 22:00:00,25.531378,1.3902245,10439.478,34945.031320518894,40703.82333655345,23.174725156602594,23.38816425207286,2258.105332484037,test,
2023-09-14 23:00:00,24.0142,41.618816,10098.905,30842.418854970078,35262.808189140924,23.15421209427485,23.697822261598485,2203.6627057566848,test,
2023-09-15 00:00:00,21.954224,0.0,10000.246,23151.7476775565,24289.396310047043,23.115758738387783,22.91004675206589,2117.1686466771416,test,
2023-09-15 01:00:00,21.065804,0.0,10001.102,19716.73737154873,24122.0267689157,23.098583686857744,23.164229498171785,2085.6353370905385,test,
2023-09-15 02:00:00,21.239994,0.0,10004.936,19358.00216957517,24150.148831331302,23.096790010847876,22.70998945162729,2082.6087062138076,test,
2023-09-15 03:00:00,20.96702,14.968847,10022.111,18464.62218761502,24699.625267456337,23.092323110938075,22.99181140411748,2075.29468877994,test,
2023-09-15 04:00:00,21.119858,31.449123,10098.905,18846.174340848876,20025.285621635383,23.094230871704244,22.93857727771989,2078.379286501168,test,
2023-09-15 05:00:00,21.848125,0.0,10439.478,19605.293023658276,22133.205504499878,23.09802646511829,23.23736145236692,2084.689608332414,test,
2023-09-15 06:00:00,22.243896,3.0629718,11897.035,21588.18472516444,26159.135561424704,23.107940923625822,23.41304746555128,2102.247546735408,test,
2023-09-15 07:00:00,23.934109,124.38493,17297.02,34534.22774335308,37663.538772418106,23.172671138716765,23.469991145966215,2252.4101751783132,test,
2023-09-15 08:00:00,24.759672,331.73563,29999.998,55572.59029307886,55663.355533172595,23.277862951465394,23.02501926980011,2603.7437494296864,test,
2023-09-15 09:00:00,26.733091,478.6092,42702.97,78617.43195626758,82899.57076096752,23.393087159781338,23.692627531168238,3092.350327284819,test,
2023-09-15 10:00:00,28.632784,707.0901,48102.91,97670.61923869491,102723.48978109342,23.488353096193475,23.475127555061135,3547.618197639524,test,
2023-09-15 11:00:00,29.437393,859.88995,49560.277,108091.50940441228,111426.6399237166,23.54045754702206,23.443078478252957,3809.9077370445248,test,
2023-09-15 12:00:00,31.731943,909.9177,49899.992,118035.32487558144,121928.33938768975,23.590176624377907,23.377623178332232,4066.8297390763296,test,
2023-09-15 13:00:00,32.35792,882.76733,49972.953,120918.9654863721,122847.3090655428,23.60459482743186,23.436614089123395,4142.373304383008,test,
2023-09-15 14:00:00,33.052536,774.11896,49972.953,120836.18619824534,129956.55476718883,23.604180930991227,24.126875084850095,4140.19872777181,test,
2023-09-15 15:00:00,32.623676,616.6645,49899.992,115719.47898639791,115110.87196269119,23.57859739493199,23.670820624880196,4006.4820023550647,test,
2023-09-15 16:00:00,31.948114,419.48242,49560.277,107798.61360992413,108565.36651167326,23.53899306804962,23.591376622299983,3802.4317201758595,test,
2023-09-15 17:00:00,31.624855,228.81078,48102.91,99354.30137901449,102393.73332776045,23.496771506895072,23.418097449333988,3589.449746445942,test,
2023-09-15 18:00:00,31.171446,42.851643,42702.97,86592.09807024269,92473.72338794643,23.432960490351213,24.166754073782624,3278.471031347673,test,
2023-09-15 19:00:00,29.596539,0.0,29999.998,67983.76133647891,66706.50953585807,23.339918806682395,23.731421953336323,2856.50356640943,test,
2023-09-15 20:00:00,28.549599,2.582136,17297.02,51858.66402205406,51538.57038458505,23.25929332011027,23.042974685670632,2533.8486400606203,test,
2023-09-15 21:00:00,26.768322,21.236008,11897.035,41221.3623736065,39429.76147114429,23.206106811868032,23.124022295456644,2351.442247715764,test,
2023-09-15 22:00:00,24.919323,0.0,10439.478,33122.24929611531,36195.26568462018,23.165611246480577,23.101337883469302,2233.2431705012805,test,
2023-09-15 23:00:00,24.081825,0.0,10098.905,29488.757853926727,30043.110177295668,23.147443789269634,23.191205382754415,2186.92207355241,test,
2023-09-16 00:00:00,22.933445,15.490483,10000.037,25982.69796357755,28157.249661315538,23.129913489817888,22.919545692028457,2146.529881953626,test,
2023-09-16 01:00:00,21.146376,0.0,10000.165,19931.273025307662,24311.880009470406,23.09965636512654,23.231301322135046,2087.469779414404,test,
2023-09-16 02:00:00,21.044596,0.0,10000.74,18703.421455437307,20370.797127589616,23.093517107277187,23.52914354688898,2077.218374828641,test,
2023-09-16 03:00:00,20.698027,0.5173115,10003.316,17113.468875130166,20591.030339604717,23.08556734437565,22.691478911674402,2064.8447242458797,test,
2023-09-16 04:00:00,20.952185,10.1966715,10014.836,17415.861432388625,19797.094352500437,23.087079307161943,22.74863528603432,2067.119011205921,test,
2023-09-16 05:00:00,21.397593,0.0,10065.922,17786.285091230526,22177.531972137458,23.088931425456153,22.94398385886696,2069.9557346986617,test,
2023-09-16 06:00:00,21.891676,4.8932614,10284.556,18935.246379939486,22923.088845722825,23.094676231899697,22.963637563867348,2079.1077893947945,test,
2023-09-16 07:00:00,24.199198,105.3234,11094.553,28559.23158964515,30053.72843918643,23.142796157948226,23.742335920372003,2175.79106030241,test,
2023-09-16 08:00:00,24.665037,304.6774,13000.0,38158.787690954196,40770.13837856686,23.19079393845477,23.491306704459223,2304.4486911708377,test,
2023-09-16 09:00:00,26.287138,539.0279,14905.445,52376.759200196684,58031.43849322765,23.261883796000983,23.545180501636462,2543.421399195157,test,
2023-09-16 10:00:00,28.450811,721.9808,15715.437,66169.10074450502,70277.59425088679,23.330845503722525,23.251535795668506,2817.8919255363235,test,
2023-09-16 11:00:00,29.707338,894.91534,15934.041,77064.35749049306,75793.89596361539,23.385321787452465,23.29942776541642,3056.9631459800526,test,
2023-09-16 12:00:00,30.559614,923.9714,15984.999,82331.16484812442,87414.81132558543,23.411655824240622,22.976144200111,3178.140751245,test,
2023-09-16 13:00:00,31.568521,853.12274,15995.943,84555.05338827365,84051.4754392527,23.42277526694137,23.657297335355715,3230.2633558495545,test,
2023-09-16 14:00:00,32.367466,776.6226,15995.943,85665.64728148123,93265.485371827,23.428328236407406,23.575644617850042,3256.4924092863534,test,
2023-09-16 15:00:00,32.460957,627.41943,15984.999,82305.72325142659,88559.84608173458,23.411528616257133,23.797327825660616,3177.547619146939,test,
2023-09-16 16:00:00,32.689552,414.94324,15934.041,76665.83567223312,80549.38669311524,23.383329178361166,23.320080264354317,3047.9313186798795,test,
2023-09-16 17:00:00,31.365854,229.87552,15715.437,67003.41638832512,70449.26264157606,23.335017081941626,23.292483338081507,2835.579663302822,test,
2023-09-16 18:00:00,31.023357,3.7148829,14905.445,57454.0144667445,59902.11913743344,23.287270072333722,23.338283730901914,2640.2400270639027,test,
2023-09-16 19:00:00,30.247602,8.555927,13000.0,52567.09454260431,57295.263143084216,23.26283547271302,23.53040474536515,2546.952980678283,test,
2023-09-16 20:00:00,28.268848,2.5848207,11094.553,44438.29002608624,46547.08819656413,23.22219145013043,22.781126763501188,2403.598439506545,test,
2023-09-16 21:00:00,26.280071,4.2940564,10284.556,37341.5247701935,40881.537576566945,23.186707623850968,23.40752446397248,2292.367886039821,test,
2023-09-16 22:00:00,24.793259,0.0,10065.922,32012.1711568909,36946.667386036606,23.160060855784455,23.153912187132605,2218.625969369391,test,
2023-09-16 23:00:00,23.652855,0.0,10014.836,27990.4734167971,29771.84263848599,23.139952367083986,22.822361186697876,2169.1288440032286,test,
2023-09-17 00:00:00,22.06953,0.0,10000.037,22890.44852127162,24587.44120329927,23.114452242606358,22.489070516810138,2114.6099806239654,test,
2023-09-17 01:00:00,21.859545,36.09646,10000.165,22567.98513381213,23046.096475473467,23.11283992566906,23.071897812105554,2111.4882329058737,test,
2023-09-17 02:00:00,20.03015,0.0,10000.74,15992.166020692623,16802.82363637215,23.079960830103463,23.514274725085684,2056.738786679061,test,
2023-09-17 03:00:00,21.217442,19.952232,10003.316,18800.576319658547,18001.15700306243,23.094002881598293,23.59640828162071,2078.00758010075,test,
2023-09-17 04:00:00,19.956306,0.0,10014.836,14419.974598936846,18913.387300270148,23.072099872994684,23.178712736195713,2046.2507423799718,test,
2023-09-17 05:00:00,21.3493,0.0,10065.922,17361.526681558815,24100.02413266365,23.086807633407794,23.67540933256047,2066.7076106317095,test,
2023-09-17 06:00:00,21.886028,37.44201,10284.556,19789.136433290365,25762.732311903525,23.098945682166452,23.08606335727943,2086.252364575734,test,
2023-09-17 07:00:00,23.88993,109.27001,11094.553,27847.817151582178,27323.31856709381,23.13923908575791,23.425230151250744,2167.4756810855247,test,
2023-09-17 08:00:00,24.69933,328.08496,13000.0,38891.98198665724,43570.34969957649,23.194459909933286,23.059090643261356,2315.4540886326,test,
2023-09-17 09:00:00,26.10863,514.5544,14905.445,51173.34260046533,57758.86724770104,23.255866713002327,23.10148706121708,2521.277432892727,test,
2023-09-17 10:00:00,27.978762,719.745,15715.437,64711.60264335083,66438.35330448877,23.323558013216754,23.120305278152564,2787.2625217233913,test,
2023-09-17 11:00:00,29.397453,838.5605,15934.041,74300.49058111124,77604.29991917539,23.371502452905556,22.75334376876826,2994.7465018819903,test,
2023-09-17 12:00:00,30.030485,889.508,15984.999,79501.37319177983,76251.55924050954,23.3975068659589,23.783634543942973,3112.622930173326,test,
2023-09-17 13:00:00,31.939816,874.0822,15995.943,85795.41177439367,89664.85579186703,23.42897705887197,23.236487327130565,3259.5655252478036,test,
2023-09-17 14:00:00,31.400362,801.517,15995.943,83749.42714273886,83333.99754743783,23.418747135713694,23.178315501787136,3211.31902682733,test,
2023-09-17 15:00:00,33.03239,626.4273,15984.999,83543.70510129811,87183.83333389813,23.41771852550649,23.06372702102269,3206.4927250576134,test,
2023-09-17 16:00:00,32.225388,418.17682,15934.041,75474.59184196797,73758.11212892244,23.37737295920984,23.316065128248955,3021.0548840331403,test,
2023-09-17 17:00:00,32.139214,199.87524,15715.437,67915.13093639309,72465.00956436615,23.339575654681965,23.868623347849887,2855.0338893079143,test,
2023-09-17 18:00:00,30.564274,45.027782,14905.445,57403.55832231714,63107.505554335716,23.287017791611586,23.915151446858403,2639.2521018760785,test,
2023-09-17 19:00:00,29.244614,17.89682,13000.0,50119.3443325306,51159.71096890231,23.250596721662653,22.75233665892203,2502.1498373779477,test,
2023-09-17 20:00:00,28.375471,3.7869291,11094.553,44564.09863518331,44829.01094987756,23.222820493175917,23.11648609438303,2405.693870476814,test,
2023-09-17 21:00:00,26.328201,4.177567,10284.556,37409.51372356705,35464.96522311367,23.187047568617835,22.876740237589726,2293.3653318497636,test,
2023-09-17 22:00:00,24.3899,0.0,10065.922,30891.527430770795,33304.27695253235,23.154457637153854,23.45095895951731,2204.281701667339,test,
2023-09-17 23:00:00,23.527027,0.0,10014.836,27528.49689756545,29270.043151362966,23.137642484487827,23.223620548676006,2163.8013604061125,test,
2023-09-18 00:00:00,21.694098,0.0,10000.246,21812.600259594463,21548.741431748258,23.109063001297972,22.918092203084022,2104.3313848052485,test,
2023-09-18 01:00:00,21.286251,0.0,10001.102,19775.053799264697,23720.110805500055,23.098875268996323,23.120647193173628,2086.132181211783,test,
2023-09-18 02:00:00,21.243587,5.0082817,10004.936,19084.230509918852,21148.142094045914,23.095421152549594,22.952195566127283,2080.3334032650023,test,
2023-09-18 03:00:00,20.872633,36.217415,10022.111,18464.89700691123,19232.425518073713,23.092324485034556,23.576598313347024,2075.296889442148,test,
2023-09-18 04:00:00,20.692753,26.963917,10098.905,17219.15548282453,19073.611119637095,23.086095777414123,23.250183631918933,2065.635346325076,test,
2023-09-18 05:00:00,21.225126,10.873744,10439.478,17860.28667832511,23078.45392759644,23.089301433391626,23.290248459666557,2070.529124694642,test,
2023-09-18 06:00:00,22.118212,0.0,11897.035,20755.332741843093,25018.295743272705,23.103776663709215,22.303701420299348,2094.6850487608303,test,
2023-09-18 07:00:00,23.232548,124.81181,17297.02,32329.76131811185,35040.743709192386,23.16164880659056,23.141612202941914,2222.7667714354275,test,
2023-09-18 08:00:00,25.076681,336.62537,29999.998,56156.62624579798,60775.58409394151,23.28078313122899,23.9057464189467,2614.9971327286808,test,
2023-09-18 09:00:00,26.424412,493.00543,42702.97,78000.4351602237,77426.85075849968,23.39000217580112,23.787840896812124,3078.2561778815348,test,
2023-09-18 10:00:00,27.8878,689.12445,48102.91,94859.573920764,97972.16653500516,23.47429786960382,22.92017099382773,3478.290512304284,test,
2023-09-18 11:00:00,29.595585,790.4121,49560.277,105886.84555165101,109439.86033277617,23.529434227758255,23.435406477953176,3753.774321238728,test,
2023-09-18 12:00:00,29.922857,875.19855,49899.992,111594.95428744251,112762.70693110289,23.557974771437213,23.197518931661595,3899.755176953387,test,
2023-09-18 13:00:00,32.466312,923.58405,49972.953,121681.32812875712,126493.8870879663,23.608406640643786,24.121737108752647,4162.416492094518,test,
2023-09-18 14:00:00,32.535175,821.1487,49972.953,120627.91366903554,120401.03280350906,23.603139568345178,23.67642305302795,4134.729035926038,test,
2023-09-18 15:00:00,31.930061,630.7196,49899.992,114052.95199571483,119073.49362306595,23.570264759978574,23.339926092059144,3963.239618423689,test,
2023-09-18 16:00:00,32.32914,417.7408,49560.277,108428.94599431787,113536.23392047113,23.54214472997159,23.552392113033825,3818.5275560737846,test,
2023-09-18 17:00:00,31.232084,192.01428,48102.91,96955.48949054712,89658.15053326378,23.484777447452736,22.70256778873219,3529.919297677559,test,
2023-09-18 18:00:00,30.5145,57.33175,42702.97,84883.41438608983,91737.62988467104,23.42441707193045,23.098928680893476,3238.0047303944107,test,
2023-09-18 19:00:00,29.129522,0.0,29999.998,66395.07035121496,60792.60453258573,23.331975351756075,23.342908469503968,2822.6715767599508,test,
2023-09-18 20:00:00,28.477224,39.901115,17297.02,52504.69351917033,53936.35942871209,23.26252346759585,23.516226078131847,2545.7942881128097,test,
2023-09-18 21:00:00,25.719273,19.827847,11897.035,38247.12619135582,43611.339171314816,23.19123563095678,22.608841394777578,2305.766335886563,test,
2023-09-18 22:00:00,24.792894,21.003746,10439.478,33122.95363596931,35414.37224063349,23.165614768179847,23.05126817586912,2233.25257232887,test,
2023-09-18 23:00:00,22.827942,3.5807474,10098.905,26137.79864201149,25988.102824326168,23.130688993210057,23.433594714765704,2148.2239329421186,test,
2023-09-19 00:00:00,22.161718,0.0,10000.246,23144.835276384867,23829.283858509312,23.115724176381924,22.680288179069944,2117.100625849865,test,
2023-09-19 01:00:00,21.089304,24.270748,10001.102,20248.993161572314,25395.452066880818,23.10124496580786,23.169999816243113,2090.2199768569008,test,
2023-09-19 02:00:00,20.054296,0.0,10004.936,15982.443906253962,15030.541701178796,23.07991221953127,23.09970457046307,2056.670771391206,test,
2023-09-19 03:00:00,20.988432,0.0,10022.111,17637.95813443636,22973.62975965001,23.088189790672182,23.60250388677916,2068.813140531768,test,
2023-09-19 04:00:00,21.242361,24.993616,10098.905,18663.285340162616,21548.844151645877,23.093316426700813,23.024275568767322,2076.893448812311,test,
2023-09-19 05:00:00,20.990713,16.725075,10439.478,17593.17111272054,18126.737269828245,23.087965855563603,23.036485676051083,2068.469894105621,test,
2023-09-19 06:00:00,22.37867,0.23094927,11897.035,21525.266870268923,23299.753273320275,23.107626334351345,23.364114260300752,2101.66681528083,test,
2023-09-19 07:00:00,23.353016,122.113815,17297.02,32692.513378476917,33426.60868085301,23.163462566892385,22.76555796647758,2227.536843219816,test,
2023-09-19 08:00:00,24.957,354.2552,29999.998,56495.86969684677,61766.735681799386,23.282479348484234,23.216214386518978,2621.5653651058906,test,
2023-09-19 09:00:00,27.02539,465.6273,42702.97,78867.10005318989,84136.21028985745,23.39433550026595,23.257617997013796,3098.066739713636,test,
2023-09-19 10:00:00,27.857996,700.5955,48102.91,95248.21423550378,92252.06211323549,23.47624107117752,23.43456752736599,3487.836017295994,test,
2023-09-19 11:00:00,30.129406,848.24286,49560.277,109243.26574144843,110693.73047404537,23.546216328707242,23.800738263396095,3839.359581866622,test,
2023-09-19 12:00:00,30.539902,896.7223,49899.992,114304.2616493652,113877.63006777281,23.571521308246826,23.737769753771477,3969.7503458134347,test,
2023-09-19 13:00:00,31.57127,864.51886,49972.953,117809.99906222647,126062.87221931548,23.589049995311132,23.36444530275253,4060.9452460157136,test,
2023-09-19 14:00:00,32.96382,809.42883,49972.953,121303.08956111691,118696.84534842795,23.606515447805585,23.64752520880375,4152.468613170377,test,
2023-09-19 15:00:00,32.522625,658.3283,49899.992,116621.3763355536,126086.33819668174,23.583106881677768,24.030239365907924,4029.9492399481833,test,
2023-09-19 16:00:00,31.395317,427.89597,49560.277,106554.55974890842,109429.01391352802,23.532772798744542,23.28336308910535,3770.740879847795,test,
2023-09-19 17:00:00,31.698612,228.57463,48102.91,99394.22874764574,98222.3677925982,23.49697114373823,23.540521177857332,3590.4444623897743,test,
2023-09-19 18:00:00,30.142439,26.43073,42702.97,83268.77258892366,84101.4613747857,23.41634386294462,23.358395659863028,3200.0499433007753,test,
2023-09-19 19:00:00,28.747498,0.0,29999.998,65438.293541591716,66191.76432241061,23.32719146770796,23.308289962956927,2802.490541549065,test,
2023-09-19 20:00:00,27.588396,7.5758677,17297.02,49209.596140281064,49041.092216938174,23.246047980701405,22.756850694026586,2485.8451112369426,test,
2023-09-19 21:00:00,26.54297,17.1718,11897.035,40238.55809914139,43460.080369786636,23.201192790495707,23.62442164678937,2336.0709325934818,test,
2023-09-19 22:00:00,24.414278,0.0,10439.478,31595.691433484775,31878.011950508007,23.157978457167424,22.92567288690097,2213.246246002461,test,
2023-09-19 23:00:00,22.852036,27.400467,10098.905,26880.92578794823,25179.050228823664,23.13440462893974,23.442226219985802,2156.461396384239,test,
2023-09-20 00:00:00,21.942251,7.7522106,10000.246,22885.475909873065,25082.62664693759,23.114427379549365,22.92801439713511,2114.5615400974366,test,
2023-09-20 01:00:00,21.302488,18.38554,10001.102,20676.009870007307,19900.867029771598,23.103380049350037,22.915728653781308,2093.9789028856467,test,
2023-09-20 02:00:00,20.26269,32.22852,10004.936,17631.624520096524,19075.580780057764,23.088158122600483,23.452095097740123,2068.764550376843,test,
2023-09-20 03:00:00,19.814222,12.753377,10022.111,15119.140243712081,,23.07559570121856,23.373761082261936,2050.7875466605824,test,
2023-09-20 04:00:00,19.672165,0.0,10098.905,13693.79841989513,14914.987662307209,23.068468992099476,23.131068761788672,2041.756132266596,test,
2023-09-20 05:00:00,20.830162,0.0,10439.478,16421.107336692843,23542.648122591403,23.082105536683464,23.31045070162536,2059.7785049725294,test,
2023-09-20 06:00:00,22.431879,0.0,11897.035,21624.053546486266,24742.663340029227,23.10812026773243,23.02155443365551,2102.579302333963,test,
2023-09-20 07:00:00,23.737633,110.098694,17297.02,33353.81328354003,36902.54697587395,23.1667690664177,23.164258778102035,2236.3428123831836,test,
2023-09-20 08:00:00,25.099806,300.3434,29999.998,55171.10204626761,53559.48672226563,23.275855510231338,23.07736819249219,2596.0480447980362,test,
2023-09-20 09:00:00,26.26668,501.81696,42702.97,77790.62423440734,78780.68547512445,23.388953121172037,23.660172605962114,3073.474108708399,test,
2023-09-20 10:00:00,27.94145,704.90656,48102.91,95487.25593688303,99239.46165468707,23.477436279684415,23.26941228033421,3493.713560342379,test,
2023-09-20 11:00:00,29.843878,837.7868,49560.277,108125.40678236503,107221.15934403811,23.540627033911825,23.986173937393183,3810.773311634624,test,
2023-09-20 12:00:00,30.231966,909.648,49899.992,113759.25504623297,120351.22056171208,23.568796275231165,23.474046024735216,3955.6353848410363,test,
2023-09-20 13:00:00,31.67858,868.3968,49972.953,118150.00394177702,116255.23848787307,23.590750019708885,23.596902588913785,4069.825682790079,test,
2023-09-20 14:00:00,31.383993,798.23694,49972.953,116719.11865337634,118564.34859019624,23.58359559326688,23.81121399946318,4032.4951820552556,test,
2023-09-20 15:00:00,32.609715,563.7148,49899.992,113535.26862486305,114220.45875099514,23.567676343124315,23.57483566948119,3949.8394270587546,test,
2023-09-20 16:00:00,31.951933,412.9135,49560.277,107115.23187352369,110737.18731905558,23.53557615936762,23.446203665082024,3785.010648516972,test,
2023-09-20 17:00:00,31.070696,202.98257,48102.91,96655.91507880577,97399.77761121585,23.48327957539403,23.474272541051487,3522.5174701836722,test,
2023-09-20 18:00:00,30.88857,51.991745,42702.97,85580.54394134373,87698.92661256528,23.42790271970672,23.696048225773993,3254.4779229803726,test,
2023-09-20 19:00:00,28.892302,35.76207,29999.998,66815.58015924765,69146.95706766534,23.33407790079624,23.135222234155226,2831.587819018715,test,
2023-09-20 20:00:00,27.542797,18.486906,17297.02,49317.0655381995,50490.084188832254,23.246585327690998,23.208714225509016,2487.7611738205815,test,
2023-09-20 21:00:00,26.951523,4.408432,11897.035,40791.21959097591,44928.610199829454,23.20395609795488,23.20704211615612,2344.681478612243,test,
2023-09-20 22:00:00,24.36547,0.0,10439.478,31346.01934276944,34872.86928113622,23.156730096713847,23.416105655372142,2210.0487858356314,test,
2023-09-20 23:00:00,23.074394,13.50841,10098.905,26861.362161665882,29670.289052421933,23.13430681080833,23.104353198646898,2156.2419853676347,test,
2023-09-21 00:00:00,21.74442,0.0,10000.246,21931.622621517734,24025.316498911416,23.10965811310759,23.652147841455704,2105.444481275011,test,
2023-09-21 01:00:00,21.378128,0.0,10001.102,20053.594656038596,24717.195884380642,23.100267973280193,23.053306399965663,2088.5238789072605,test,
2023-09-21 02:00:00,19.730442,23.429417,10004.936,15697.889019227772,18213.32101495307,23.07848944509614,23.007184353574555,2054.697385916961,test,
2023-09-21 03:00:00,20.760519,5.6408763,10022.111,17080.440450205002,19447.2336649104,23.085402202251025,23.034092565765704,2064.5985811715796,test,
2023-09-21 04:00:00,20.367464,8.360826,10098.905,15677.132907104862,18892.224305947002,23.078385664535524,22.683393235938123,2054.554756283786,test,
2023-09-21 05:00:00,20.937462,0.52973884,10439.478,16628.15440050025,23125.282552039294,23.0831407720025,22.772122717974895,2061.2728996642313,test,
2023-09-21 06:00:00,21.659048,0.0,11897.035,19382.221988716,19590.512750861766,23.09691110994358,22.937711043021853,2082.811435607621,test,
2023-09-21 07:00:00,23.20218,70.54456,17297.02,30385.571403769518,35077.67318710576,23.151927857018848,23.492676811673885,2197.9432782900058,test,
2023-09-21 08:00:00,25.295605,310.06732,29999.998,55583.97022480435,53654.223780244545,23.27791985112402,23.26798203331542,2603.9623598195008,test,
2023-09-21 09:00:00,26.345503,521.8018,42702.97,78427.45722278295,82098.39798224237,23.392137286113915,23.246744029229202,3088.0057386261938,test,
2023-09-21 10:00:00,27.44026,700.57104,48102.91,93877.26340647192,102317.94845485242,23.46938631703236,23.837346740714338,3454.2215514091304,test,
2023-09-21 11:00:00,29.12142,810.6211,49560.277,105063.90595196962,109888.05927177357,23.525319529759848,23.990672669627525,3732.9052895159134,test,
2023-09-21 12:00:00,30.716784,885.0966,49899.992,113893.07856490945,117568.60025303125,23.569465392824547,23.946080131096874,3959.099646446572,test,
2023-09-21 13:00:00,31.490643,872.2086,49972.953,117496.00200150993,118224.64063288017,23.58748001000755,23.331553010837002,4052.749614484584,test,
2023-09-21 14:00:00,31.952991,743.3228,49972.953,116195.83632307808,119320.61102071697,23.58097918161539,23.432404595557294,4018.871127684688,test,
2023-09-21 15:00:00,32.50219,603.8407,49899.992,114135.86260887953,116136.33594790303,23.570679313044398,24.114800134138815,3965.387196747087,test,
2023-09-21 16:00:00,32.20035,408.3014,49560.277,107401.744421189,107421.07683922847,23.537008722105945,23.60935062970595,3792.3108040142174,test,
2023-09-21 17:00:00,31.025427,200.13326,48102.91,96196.9021283366,98179.09358585202,23.480984510641683,23.40069639117286,3511.1906215954573,test,
2023-09-21 18:00:00,29.737036,16.184603,42702.97,81095.15865584243,84719.94223334391,23.405475793279212,23.620980181678462,3149.4098306944156,test,
2023-09-21 19:00:00,29.460556,0.0,29999.998,66632.91187315252,67463.44360010765,23.333164559365763,23.635354279573196,2827.7111681050064,test,
2023-09-21 20:00:00,28.556253,0.0,17297.02,51037.37011313143,52006.5109214126,23.255186850565657,23.08375197928718,2518.7957109019944,test,
2023-09-21 21:00:00,25.932068,0.0,11897.035,37619.25536644455,37495.52286280553,23.188096276832223,23.253928264418203,2296.45107435216,test,
2023-09-21 22:00:00,24.651043,0.0,10439.478,31532.93130818753,35397.387199269,23.157664656540938,23.435632677306057,2212.4405486245696,test,
2023-09-21 23:00:00,23.801994,0.0,10098.905,28000.82920564151,32183.77121780767,23.140004146028208,22.79191800224025,2169.2491310550654,test,
2023-09-22 00:00:00,22.636469,0.0,10000.246,23980.86500204144,27473.24965485895,23.119904325010207,,2125.458467630342,test,
2023-09-22 01:00:00,21.013199,40.61978,10001.102,20120.196869579842,25136.53484158969,23.1006009843479,22.766284088432684,2089.100306319346,test,
2023-09-22 02:00:00,20.88759,2.3366446,10004.936,17846.601789102577,21028.52495901509,23.089233008945513,22.79415885986747,2070.4229219840377,test,
2023-09-22 03:00:00,20.48351,5.680432,10022.111,16172.773415802056,19979.53561451557,23.08086386707901,22.91193384383492,2058.0094120200197,test,
2023-09-22 04:00:00,20.165375,0.0,10098.905,14560.14766314624,18182.14659286148,23.07280073831573,23.215936599679573,2047.1438908819675,test,
2023-09-22 05:00:00,20.179579,0.0,10439.478,14275.370324794068,17088.140043575448,23.07137685162397,22.97477006303253,2045.3380107256135,test,
2023-09-22 06:00:00,21.576845,16.066881,11897.035,19298.405792121543,21193.17590080996,23.096492028960608,22.901966591470085,2082.1108566802227,test,
2023-09-22 07:00:00,23.330948,121.27474,17297.02,32103.037689484638,40018.02986767068,23.160515188447423,23.17598155744491,2219.8073173145513,test,
2023-09-22 08:00:00,24.798044,310.7886,29999.998,54269.39838814633,56103.86852276233,23.27134699194073,22.927258173460803,2578.885581267654,test,
2023-09-22 09:00:00,25.982359,514.29755,42702.97,77038.99560327442,78003.81511520017,23.385194978016372,23.513835943366544,3056.3877632272383,test,
2023-09-22 10:00:00,27.393091,657.14685,48102.91,92183.90434897969,96665.14910240297,23.4609195217449,23.80033555033239,3412.9290937433275,test,
2023-09-22 11:00:00,28.543135,839.8867,49560.277,104156.36022290969,108090.72627658818,23.52078180111455,23.497020588818145,3709.9450989733086,test,
2023-09-22 12:00:00,29.753763,886.0861,49899.992,111161.94413083917,108699.2590601848,23.555809720654196,23.495015022664134,3888.6090110286254,test,
2023-09-22 13:00:00,31.33056,870.11176,49972.953,116719.2415322738,124246.43977851272,23.58359620766137,23.695628313626038,4032.498383072502,test,
2023-09-22 14:00:00,31.348917,788.3269,49972.953,115835.4038009378,118457.7310452042,23.57917701900469,22.970636193355226,4009.4958157296637,test,
2023-09-22 15:00:00,32.177216,598.44867,49899.992,113025.73300265025,111652.36896769036,23.56512866501325,23.72617390199261,3936.665427580523,test,
2023-09-22 16:00:00,31.659618,377.29922,49560.277,104862.46649618281,112294.02075720056,23.524312332480914,24.454878073604373,3727.8040709909574,test,
2023-09-22 17:00:00,31.208942,208.80077,48102.91,96701.81642717708,101906.47885177613,23.483509082135885,23.44670621580147,3523.6511135871424,test,
2023-09-22 18:00:00,31.276045,81.015335,42702.97,87179.07407466967,86015.64338250786,23.43589537037335,23.40015786025845,3292.441626037592,test,
2023-09-22 19:00:00,29.20256,0.0,29999.998,66303.29869720129,74316.2506873112,23.331516493486006,23.554598593515912,2820.7294581929095,test,
2023-09-22 20:00:00,27.59875,6.7049847,17297.02,48723.42382555886,53355.403978114904,23.243617119127794,23.737216919587183,2477.211098464669,test,
2023-09-22 21:00:00,26.113922,0.0,11897.035,38034.92732411371,41011.4496965402,23.19017463662057,23.48266498995081,2302.6050740184583,test,
2023-09-22 22:00:00,24.040878,24.738964,10439.478,30766.146737656898,37268.92636329747,23.153830733688284,22.50714867011322,2202.7029319848675,test,
2023-09-22 23:00:00,23.718916,0.093787044,10098.905,27833.337006567406,31178.58441257465,23.139166685032837,23.308186336331662,2167.3082808011045,test,
2023-09-23 00:00:00,22.20199,0.0,10000.037,22914.069609360864,25854.678392819955,23.114570348046804,23.886149391619306,2114.8402132209353,test,
2023-09-23 01:00:00,20.696554,0.0,10000.165,18013.829215846756,19645.86835829513,23.090069146079234,23.276801460107073,2071.725908202126,test,
2023-09-23 02:00:00,20.401665,28.939245,10000.74,17260.29197579919,21462.36258285468,23.086301459878996,22.739920885897472,2065.944314636978,test,
2023-09-23 03:00:00,19.836874,0.0,10003.316,14265.074485201978,18239.857837326163,23.07132537242601,23.155874259751595,2045.2733594953816,test,
2023-09-23 04:00:00,20.468462,0.0,10014.836,15205.555599077768,18235.669887265194,23.07602777799539,22.69182160259307,2051.362481125406,test,
2023-09-23 05:00:00,20.372164,0.0,10065.922,14478.028212896987,15861.226621878373,23.072390141064485,23.442231247845143,2046.6196448876613,test,
2023-09-23 06:00:00,21.969852,0.0,10284.556,18354.052967342937,21623.58098430747,23.091770264836715,22.805005488428336,2074.4117562083056,test,
2023-09-23 07:00:00,23.706013,94.17364,11094.553,26413.032372067137,29262.877622442415,23.132065161860336,23.15433825226794,2151.25160108693,test,
2023-09-23 08:00:00,24.731102,292.91153,13000.0,37374.22564209325,37316.772439361535,23.186871128210466,22.92953712761291,2292.847458535236,test,
2023-09-23 09:00:00,25.869469,518.1906,14905.445,50097.75174184341,49415.62954454945,23.250488758709217,23.08655434144482,2501.760631361169,test,
2023-09-23 10:00:00,28.038326,664.8879,15715.437,62640.08914326524,67191.06223436179,23.313200445716326,23.759045639474476,2744.340119425541,test,
2023-09-23 11:00:00,29.885721,846.48584,15934.041,75218.17554257026,70372.71790760764,23.37609087771285,23.40712802718096,3015.2937732097716,test,
2023-09-23 12:00:00,30.640518,874.0674,15984.999,80183.40376529949,83825.99541076807,23.400917018826497,23.233156276708783,3128.3286936398067,test,
2023-09-23 13:00:00,31.34055,870.782,15995.943,83625.87479286532,85091.98359750833,23.418129373964327,23.07456098269831,3208.4198979224634,test,
2023-09-23 14:00:00,31.580172,795.1063,15995.943,83423.46509735918,90614.66073285318,23.417117325486796,22.855606879566967,3203.6739965179468,test,
2023-09-23 15:00:00,32.27976,581.13995,15984.999,79613.68918612806,81076.43428725337,23.39806844593064,23.022684255873834,3115.205539806782,test,
2023-09-23 16:00:00,32.669968,400.13736,15934.041,75302.52500527225,80292.31284276934,23.37651262502636,23.410100397459676,3017.187969774619,test,
2023-09-23 17:00:00,30.494905,207.50366,15715.437,63176.86798049422,65083.21476418536,23.31588433990247,23.60995447051927,2755.3919835555735,test,
2023-09-23 18:00:00,30.739061,57.97891,14905.445,57484.25333165201,60784.64313388578,23.28742126665826,23.1193158189316,2640.832339052934,test,
2023-09-23 19:00:00,29.164621,0.0,13000.0,48831.86941477149,53658.58456367036,23.244159347073857,23.71532242728956,2479.132171443702,test,
2023-09-23 20:00:00,28.263762,28.969376,11094.553,44469.25698555901,46357.220388145695,23.222346284927795,23.007096158259326,2404.113835733017,test,
2023-09-23 21:00:00,26.05433,0.0,10284.556,36101.8330072028,41368.42213813642,23.180509165036014,23.10910564817205,2274.424787024614,test,
2023-09-23 22:00:00,23.687101,4.6847024,10065.922,28660.576826391094,29497.30640787787,23.143302884131955,22.81942986803078,2176.9900775197207,test,
2023-09-23 23:00:00,23.902079,0.0,10014.836,28003.295118143968,31642.348825444085,23.14001647559072,23.437244995961077,2169.277779291181,test,
2023-09-24 00:00:00,21.320734,0.0,10000.037,20446.014294218883,25376.126216814002,23.102230071471094,23.731483255684466,2091.945398538753,test,
2023-09-24 01:00:00,21.151104,15.813438,10000.165,19460.59070421953,23835.758366316775,23.097302953521098,22.568757865240237,2083.4690138088063,test,
2023-09-24 02:00:00,20.180546,0.0,10000.74,15750.463218826382,22688.871391542645,23.078752316094132,22.974903695503723,2055.0594595891484,test,
2023-09-24 03:00:00,20.011293,20.353994,10003.316,15137.786348769567,16572.03999671506,23.075688931743848,23.45512288585886,2050.9113384022467,test,
2023-09-24 04:00:00,20.286623,3.932873,10014.836,14796.689796943241,14971.268417541949,23.073983448984716,22.639899792557035,2048.6697698878334,test,
2023-09-24 05:00:00,20.612629,12.891996,10065.922,15419.494622236129,16378.32426401026,23.07709747311118,23.247102645202506,2052.7992432200112,test,
2023-09-24 06:00:00,21.859121,10.40747,10284.556,18384.08457035854,22754.27245515326,23.091920422851793,23.458362082914064,2074.6510812522392,test,
2023-09-24 07:00:00,23.150198,67.37275,11094.553,24060.219465206956,28118.935794855977,23.120301097326035,23.143769741633086,2126.265445480063,test,
2023-09-24 08:00:00,24.794855,328.63797,13000.0,38452.7695284163,41688.864055569364,23.19226384764208,23.35734276892412,2308.8425533078153,test,
2023-09-24 09:00:00,26.077137,471.0046,14905.445,49207.60978805277,49416.152237777394,23.246038048940264,23.774308764778546,2485.8097221927383,test,
2023-09-24 10:00:00,27.70752,691.40204,15715.437,62437.41789379058,67538.77253828548,23.312187089468953,23.896715055699296,2740.180292958742,test,
2023-09-24 11:00:00,29.558403,827.815,15934.041,73690.52625291843,73039.49576231212,23.368452631264592,23.349862467354246,2981.151504618451,test,
2023-09-24 12:00:00,29.90896,849.6484,15984.999,77285.90056818305,83834.59574595458,23.386429502840915,23.226716148051146,3061.9927145523334,test,
2023-09-24 13:00:00,31.251339,857.0631,15995.943,82656.17221051187,94759.18287586424,23.41328086105256,23.13728682773045,3185.72417576356,test,
2023-09-24 14:00:00,32.014008,750.69763,15995.943,82934.84307918248,87104.64154673323,23.414674215395912,23.707763460524525,3192.2357959448673,test,
2023-09-24 15:00:00,32.441303,581.4477,15984.999,79762.72905189887,84581.23043533147,23.398813645259494,22.987280977922204,3118.6349018803035,test,
2023-09-24 16:00:00,31.79725,405.16678,15934.041,72894.47189570808,74433.8893398304,23.36447235947854,23.28870014808118,2963.485047989741,test,
2023-09-24 17:00:00,31.263021,202.38019,15715.437,64715.58970174556,62669.899143510105,23.323577948508728,23.354384879795067,2787.3458334767515,test,
2023-09-24 18:00:00,30.13179,40.926857,14905.445,55172.807921318425,56608.09983173528,23.275864039606592,23.124963285790965,2596.0806729626925,test,
2023-09-24 19:00:00,29.523232,4.190635,13000.0,49533.12366341862,49810.042469725755,23.247665618317093,23.33161169782283,2491.621421056973,test,
2023-09-24 20:00:00,27.451574,0.0,11094.553,41176.63939355367,40775.11231189781,23.20588319696777,23.975237192455594,2350.7369203235144,test,
2023-09-24 21:00:00,26.301245,8.288331,10284.556,36546.24753489344,43474.612414266434,23.182731237674467,23.146251660570506,2280.8036715143926,test,
2023-09-24 22:00:00,24.433464,0.0,10065.922,30246.777901866295,33846.04392974421,23.15123388950933,23.020612201281114,2196.2196648104996,test,
2023-09-24 23:00:00,23.039467,0.0,10014.836,25525.532566897626,29338.66678877817,23.127627662834488,23.432227210149044,2141.587619393934,test,
2023-09-25 00:00:00,21.216288,0.0,10000.246,19774.860554925057,22130.199563638515,23.098874302774625,23.17074939601828,2086.130532581808,test,
2023-09-25 01:00:00,20.774685,0.0,10001.102,17677.188681037136,20319.498622502182,23.088385943405186,23.5201866747686,2069.1144723524817,test,
2023-09-25 02:00:00,20.14074,11.482591,10004.936,15638.69685136723,20620.164740843935,23.078193484256836,23.127599770202753,2054.2911077274484,test,
2023-09-25 03:00:00,19.354712,31.641354,10022.111,13522.808324764668,16456.816990368996,23.067614041623823,22.993087079232513,2040.7301905174754,test,
2023-09-25 04:00:00,19.85642,0.0,10098.905,13306.41183476189,17388.73535687442,23.06653205917381,22.531414592745442,2039.4495669971009,test,
2023-09-25 05:00:00,20.57046,13.8916445,10439.478,15391.045129327807,17988.72531898746,23.07695522564664,22.591034817503118,2052.607084455207,test,
2023-09-25 06:00:00,21.09403,0.0,11897.035,17325.00132044663,19617.965729787626,23.086625006602233,22.535915399474103,2066.431732160085,test,
2023-09-25 07:00:00,22.461287,120.40667,17297.02,29381.045298411125,29306.06991897607,23.146905226492056,23.260706976377328,2185.6169015965625,test,
2023-09-25 08:00:00,24.983063,327.83615,29999.998,54898.67922181801,,23.27449339610909,22.865818552148852,2590.845128962761,test,
2023-09-25 09:00:00,25.53616,514.46686,42702.97,75678.8929056306,77887.49781869657,23.378394464528153,23.75506767430397,3025.651227137674,test,
2023-09-25 10:00:00,27.158396,662.7337,48102.91,91452.01293192642,94643.82834202707,23.457260064659632,23.466334034116418,3395.1617932539107,test,
2023-09-25 11:00:00,28.389849,819.7686,49560.277,102880.08314225578,101150.01222847677,23.51440041571128,23.441144339980777,3677.754798327604,test,
2023-09-25 12:00:00,30.681746,871.80634,49899.992,112870.49031073124,115734.91257144303,23.564352451553656,23.311195928992355,3932.6546790541356,test,
2023-09-25 13:00:00,31.511587,852.8276,49972.953,116483.38224298059,119699.80918324915,23.582416911214903,23.769094535695963,4026.355735014964,test,
2023-09-25 14:00:00,31.870995,796.8854,49972.953,117197.27300729445,111476.31237478291,23.585986365036472,23.34463701917375,4044.957443572389,test,
2023-09-25 15:00:00,31.981848,585.14746,49899.992,111923.13671071119,111346.63686490491,23.559615683553556,23.26400228233259,3908.2105467909596,test,
2023-09-25 16:00:00,31.546957,381.82816,49560.277,104383.30663769974,108896.569455979,23.5219165331885,23.878421509370103,3715.6812611091987,test,
2023-09-25 17:00:00,31.03054,210.52808,48102.91,96011.18810704179,100368.45320677305,23.48005594053521,23.586442288767717,3506.6128126089407,test,
2023-09-25 18:00:00,29.921131,22.028246,42702.97,81434.41905041228,80791.945927799,23.40717209525206,23.33669326677758,3157.278598012905,test,
2023-09-25 19:00:00,29.21146,0.0,29999.998,65676.05636175316,69120.89795675778,23.328380281808766,23.52081017722888,2807.4917526698023,test,
2023-09-25 20:00:00,27.777945,0.0,17297.02,48623.94617745451,54154.8655116347,23.243119730887273,23.245799292820482,2475.4513381767765,test,
2023-09-25 21:00:00,26.313204,0.0,11897.035,38216.67233070727,43008.06781686874,23.191083361653536,23.305987306789042,2305.3118313211735,test,
2023-09-25 22:00:00,25.214796,0.0,10439.478,32784.964845888,35572.59575100775,23.16392482422944,22.918870453516803,2228.7594145514004,test,
2023-09-25 23:00:00,23.23102,0.0,10098.905,26281.506601417703,28275.450492804735,23.13140753300709,23.752527115680277,2149.8013467100454,test,
2023-09-26 00:00:00,21.879768,9.097184,10000.246,21915.450256996395,23590.495772132694,23.109577251284982,22.935691260982114,2105.2929164299667,test,
2023-09-26 01:00:00,21.073925,3.5585206,10001.102,18770.94656600633,22742.966834803778,23.09385473283003,23.560659630915026,2077.7664910873596,test,
2023-09-26 02:00:00,19.45624,29.742615,10004.936,14537.987433450184,17937.365684453154,23.07268993716725,23.016029282375907,2047.0021423422204,test,
2023-09-26 03:00:00,19.870491,10.551258,10022.111,14292.073642323543,18579.483655522912,23.071460368211618,23.313589502908105,2045.4429916518914,test,
2023-09-26 04:00:00,19.468042,0.0,10098.905,12383.052171583131,15651.31106025902,23.061915260857916,23.282182310565755,2034.208932970194,test,
2023-09-26 05:00:00,21.303347,2.1713588,10439.478,16983.74228658679,21673.573244470877,23.084918711432934,23.428974237977947,2063.8805081330356,test,
2023-09-26 06:00:00,21.428755,44.424625,11897.035,19733.542850872964,22930.841910835712,23.098667714254365,22.84648060210512,2085.7783779928573,test,
2023-09-26 07:00:00,23.577847,113.00221,17297.02,32383.659192825577,37128.393201160055,23.161918295964128,23.484608916347785,2223.472789229805,test,
2023-09-26 08:00:00,24.740294,309.92392,29999.998,53962.09041401434,59202.7829721094,23.26981045207007,23.823742407343502,2573.07529654016,test,
2023-09-26 09:00:00,25.647703,525.57477,42702.97,76355.00286188161,76908.51716983783,23.381775014309408,23.30416712053685,3040.9008230841982,test,
2023-09-26 10:00:00,26.757607,670.7329,48102.91,90782.35794743392,87672.73235992932,23.45391178973717,23.464323609879806,3378.9484848168986,test,
2023-09-26 11:00:00,28.418991,830.445,49560.277,103370.11206879935,112065.75590425545,23.516850560343997,23.35981656759995,3690.100549064283,test,
2023-09-26 12:00:00,30.526728,884.74554,49899.992,113056.84590247864,117067.43180379969,23.565284229512393,23.461353353856865,3937.4694112938987,test,
2023-09-26 13:00:00,30.93623,848.26733,49972.953,114981.3824822175,111145.19455460718,23.574906912411087,24.088333752090836,3987.3106833766783,test,
2023-09-26 14:00:00,31.07164,785.2066,49972.953,114759.18672287975,114917.08198090634,23.5737959336144,23.272525575775337,3981.545408954556,test,
2023-09-26 15:00:00,31.778713,576.6358,49899.992,111085.46516739181,117085.46386112238,23.55542732583696,23.272791679281728,3886.6415469284325,test,
2023-09-26 16:00:00,32.341236,390.2909,49560.277,106791.48258013384,108735.20799433904,23.53395741290067,24.01722769382498,3776.768284723955,test,
2023-09-26 17:00:00,31.708447,189.76149,48102.91,97384.10667360923,98571.14182466528,23.486920533368046,23.674285061134555,3540.522250933499,test,
2023-09-26 18:00:00,29.922005,12.488164,42702.97,81244.49779965915,,23.406222488998296,24.042333563711054,3152.8719575090486,test,
2023-09-26 19:00:00,28.991844,21.880869,29999.998,65802.24340130272,65859.20967090836,23.329011217006514,23.19387962565876,2810.1497670017266,test,
2023-09-26 20:00:00,27.66661,0.0,17297.02,48401.04946223889,49428.400007375814,23.242005247311194,23.279889588482465,2471.5168278086812,test,
2023-09-26 21:00:00,25.276932,0.0,11897.035,35515.69343890222,38994.71720790448,23.17757846719451,22.97937538406297,2266.1041530347793,test,
2023-09-26 22:00:00,24.102516,0.0,10439.478,29742.97812698481,33598.08158409316,23.148714890634924,23.191705241229233,2190.018327109631,test,
2023-09-26 23:00:00,22.706432,0.0,10098.905,24774.88822424121,28833.905102434117,23.123874441121206,22.591645431935916,2133.639045825531,test,
2023-09-27 00:00:00,21.707472,28.080404,10000.246,22017.844116997054,26937.14310987522,23.110089220584985,23.31557558758149,2106.25423764662,test,
2023-09-27 01:00:00,20.388218,12.725147,10001.102,17315.54686933876,20725.881869533066,23.086577734346694,23.183619959394395,2066.3604107332876,test,
2023-09-27 02:00:00,19.43398,24.2962,10004.936,14305.044399513634,18306.091282650654,23.071525221997568,23.054258823257793,2045.5245942654542,test,
2023-09-27 03:00:00,19.918175,4.207755,10022.111,14262.128363161253,16731.979363727503,23.071310641815806,22.95420134443591,2045.2548679571844,test,
2023-09-27 04:00:00,19.736134,9.144376,10098.905,13415.65448588895,16543.564891669972,23.067078272429445,22.798652076219014,2040.0935779410406,test,
2023-09-27 05:00:00,20.101181,0.0,10439.478,13830.858694677772,17050.506658566705,23.06915429347339,23.28746816708322,2042.5874245693694,test,
2023-09-27 06:00:00,21.055693,13.734391,11897.035,17628.632979729275,21073.615442580962,23.088143164898646,22.736816169187623,2068.7416055806966,test,
2023-09-27 07:00:00,22.6993,101.18796,17297.02,29523.847357570787,34213.66085480365,23.147619236787854,23.301188010402626,2187.348121930715,test,
2023-09-27 08:00:00,24.816,302.11124,29999.998,53696.84497082971,58122.50145710491,23.26848422485415,23.890819643296986,2568.076331388767,test,
2023-09-27 09:00:00,25.718674,492.31158,42702.97,75389.96411306158,78523.46198938802,23.376949820565308,23.822606267158598,3019.152533422556,test,
2023-09-27 10:00:00,27.770655,656.65173,48102.91,92848.88561329794,93074.30023151443,23.46424442806649,23.012706045265293,3429.114171862488,test,
2023-09-27 11:00:00,27.89004,841.26746,49560.277,102247.17014153626,105494.97112146018,23.51123585070768,,3661.834980137286,test,
2023-09-27 12:00:00,29.695667,863.6486,49899.992,109945.36533212483,112837.29079881571,23.549726826660624,23.676162048827226,3857.354666376033,test,
2023-09-27 13:00:00,30.481447,893.9704,49972.953,114865.2555607633,118634.94838984663,23.574326277803817,23.55324170119951,3984.2972079822957,test,
2023-09-27 14:00:00,31.474224,755.60284,49972.953,114805.03519217677,126593.04032216573,23.574025175960884,23.154203460476158,3982.734800979002,test,
2023-09-27 15:00:00,32.09657,593.36145,49899.992,112329.72319793717,113277.21746031826,23.561648615989686,23.677243401431735,3918.694941221205,test,
2023-09-27 16:00:00,31.36546,406.1408,49560.277,104671.14151860742,109243.30732119936,23.523355707593037,23.520350639058147,3722.9616006786196,test,
2023-09-27 17:00:00,30.486847,209.47363,48102.91,94571.4600303333,101280.32949120649,23.472857300151666,24.0471549227328,3471.222399536226,test,
2023-09-27 18:00:00,30.410227,52.796818,42702.97,83645.33310579177,86959.8091324257,23.41822666552896,23.342258054743724,3208.8763727107,test,
2023-09-27 19:00:00,28.483639,1.288783,29999.998,63971.72555686126,73451.87778925103,23.319858627784306,23.670259643382284,2771.848391173323,test,
2023-09-27 20:00:00,27.450428,11.011595,17297.02,48090.361917696355,50158.09720131583,23.240451809588482,22.860325288649488,2466.0524362708748,test,
2023-09-27 21:00:00,25.522491,0.0,11897.035,36182.38320993328,39919.87302543659,23.180911916049666,22.872509126680715,2275.576491633585,test,
2023-09-27 22:00:00,24.442427,0.0,10439.478,30704.33102953345,31945.41948457745,23.153521655147667,23.370020243090515,2201.9265086678197,test,
2023-09-27 23:00:00,22.635073,35.843613,10098.905,25794.754455181133,28040.91358066804,23.128973772275906,23.45409300645812,2144.488848575058,test,
2023-09-28 00:00:00,21.783276,11.942913,10000.246,21866.86159309019,25390.827186570317,23.10933430796545,22.822116490143134,2104.8381582293273,test,
2023-09-28 01:00:00,20.760103,2.0437806,10001.102,18018.475879947717,22771.81670974689,23.09009237939974,23.097315601344913,2071.7622753908404,test,
2023-09-28 02:00:00,20.800806,0.0,10004.936,17260.976878487356,20920.210680013417,23.086304884392437,22.671831132333715,2065.9494646577655,test,
2023-09-28 03:00:00,19.675783,26.308445,10022.111,14459.758225702046,20036.541039992608,23.07229879112851,23.017932843236867,2046.5033953431844,test,
2023-09-28 04:00:00,19.522167,0.45655185,10098.905,12639.19454453628,15445.880663467724,23.06319597272268,23.314272808409918,2035.62627092037,test,
2023-09-28 05:00:00,20.047255,0.0,10439.478,13680.466957611514,16002.286542374579,23.068402334788058,22.937914785047216,2041.6756986751031,test,
2023-09-28 06:00:00,21.226286,0.0,11897.035,17684.39883363655,26279.403487015778,23.088421994168183,23.013711582385042,2069.169921948512,test,
2023-09-28 07:00:00,22.857979,123.83659,17297.02,30677.604771857146,34545.554918665606,23.153388023859286,22.81444940437047,2201.591217979497,test,
2023-09-28 08:00:00,23.86941,296.15726,29999.998,51105.98026208919,52292.852634469295,23.255529901310446,23.06102237722297,2520.0474393737404,test,
2023-09-28 09:00:00,26.315441,516.6829,42702.97,77654.62625312836,78522.97454415986,23.388273131265642,23.915706406129942,3070.377318940092,test,
2023-09-28 10:00:00,27.340895,607.59625,48102.91,90325.84576977811,90150.97558943047,23.45162922884889,23.47350669636403,3367.919620867334,test,
2023-09-28 11:00:00,28.317047,829.87976,49560.277,102856.25964363021,109300.17036381066,23.51428129821815,23.21358896822297,3677.1550325067997,test,
2023-09-28 12:00:00,29.765314,856.8943,49899.992,109893.64535894027,111488.59631382381,23.5494682267947,23.455036641819305,3856.0280031722905,test,
2023-09-28 13:00:00,30.648655,854.7353,49972.953,114001.15150906629,117505.74865513876,23.57000575754533,23.090777471195363,3961.8980666914913,test,
2023-09-28 14:00:00,31.574717,742.63043,49972.953,114472.67658278406,117220.2857728512,23.57236338291392,23.268115475271856,3974.1155387864615,test,
2023-09-28 15:00:00,31.297705,599.95276,49899.992,110209.14654054507,116035.72354033845,23.551045732702725,23.95914765441666,3864.1234948013507,test,
2023-09-28 16:00:00,32.016193,406.97095,49560.277,106186.23722472833,106001.31252988703,23.53093118612364,23.48818645880766,3761.3781089318386,test,
2023-09-28 17:00:00,30.761482,216.51123,48102.91,95470.51916762257,94713.2204780076,23.477352595838113,24.044571648668473,3493.3018803306777,test,
2023-09-28 18:00:00,29.855583,42.79435,42702.97,81781.27878065809,85491.25539850048,23.40890639390329,23.380302042354472,3165.337233708242,test,
2023-09-28 19:00:00,29.077114,15.272663,29999.998,65761.3058487172,70449.57305784851,23.328806529243586,23.31801292038614,2809.2871715500487,test,
2023-09-28 20:00:00,26.96138,10.229419,17297.02,46770.21949331462,50582.62717833028,23.233851097466573,23.42611934502921,2443.0939581415087,test,
2023-09-28 21:00:00,25.707306,0.0,11897.035,36499.805738616684,37654.14256018234,23.182499028693083,22.380722754027264,2280.134258560465,test,
2023-09-28 22:00:00,24.871824,0.0,10439.478,31772.02614991046,36273.00532009994,23.158860130749552,23.220341927845624,2215.516978292772,test,
2023-09-28 23:00:00,22.87231,23.780533,10098.905,26017.139078943786,27420.140111042543,23.13008569539472,23.115389748976433,2146.9053014205806,test,
