timestamp,T_z,T_w,Q_hvac_W,Q_cw_W,P_elec_W,Q_int_W,T_oa_C,I_sol_Wm2,Q_cw_meas_W,T_z_meas_C,sigma_cw_W,cw_dropout,Tz_dropout,cw_bias_W,split
2023-07-01 00:00:00,23.5,23.784770965576172,100000.0,100000.0,32571.428571428572,10000.037,24.56954,0.0,104098.67305556426,23.356719312000045,3605.5512754639894,False,False,3000.0,train
2023-07-01 01:00:00,23.066267256916056,23.764207891536152,13253.451383211257,13253.451383211257,7786.700395203216,10000.165,23.512894,8.837979,14132.779050495254,22.826466317618564,2039.1391752919735,False,False,3000.0,train
2023-07-01 02:00:00,23.060779606903004,23.741388792636823,12155.921380600887,12155.921380600887,7473.120394457396,10000.74,23.222502,4.024513,16681.570349181347,23.163573766661447,2032.9755980213376,False,False,3000.0,train
2023-07-01 03:00:00,23.05405721494647,23.712270680005144,10811.442989294306,10811.442989294306,7088.983711226945,10003.316,22.803848,0.0,15717.148401555583,23.401447930716138,2026.1289617296538,False,False,3000.0,train
2023-07-01 04:00:00,23.053611619522894,23.683310869323275,10722.323904578701,10722.323904578701,7063.521115593914,10014.836,22.752066,4.7705226,9770.10666565669,22.998377739887744,2025.7026946033393,False,False,3000.0,train
2023-07-01 05:00:00,23.067767858174815,23.666708931118603,13553.571634962935,13553.571634962935,7872.449038560839,10065.922,23.710373,14.29776,13895.935434479956,22.686393110201095,2040.9138574809238,False,False,3000.0,train
2023-07-01 06:00:00,23.084948623418743,23.655958451794106,16989.72468374862,16989.72468374862,8854.207052499605,10284.556,25.040848,0.0,20253.57766508393,22.760136576732698,2063.924821873757,False,False,3000.0,train
2023-07-01 07:00:00,23.12715703132144,23.727919941473726,25431.40626428766,25431.40626428766,11266.11607551076,11094.553,26.14072,146.27933,27754.463840328357,23.2455368577326,2140.579543516504,False,False,3000.0,train
2023-07-01 08:00:00,23.19115250614061,24.02800688447585,38230.50122812219,38230.50122812219,14923.000350892054,13000.0,26.927479,404.1861,41191.76585396565,23.74438743015889,2305.5181850807658,False,False,3000.0,train
2023-07-01 09:00:00,23.26324190826465,24.597804900726864,52648.38165293,52648.38165293,19042.39475798,14905.445,28.25572,643.2045,53474.43022734859,23.38135940805897,2548.4636316034253,False,False,3000.0,train
2023-07-01 10:00:00,23.338400848612032,25.41405484851634,67680.16972240644,67680.16972240644,23337.191349258985,15715.437,30.065493,874.8429,73186.46086811405,23.222331883416658,2850.007866004648,False,False,3000.0,train
2023-07-01 11:00:00,23.401585616209804,26.42565843767075,80317.12324196078,80317.12324196078,26947.74949770308,15934.041,31.778418,1040.0522,85752.71212276955,23.63144080626489,3131.4144180031303,False,False,3000.0,train
2023-07-01 12:00:00,23.427965207035747,27.518903927681762,85593.04140714943,85593.04140714943,28455.15468775698,15984.999,32.074516,1092.3995,88807.9563852218,23.356115616359723,3254.7737038991504,False,False,3000.0,train
2023-07-01 13:00:00,23.468549349685713,28.614714208659368,93709.86993714255,93709.86993714255,30774.2485534693,15995.943,33.870525,1120.5754,100598.99680216178,23.35506378447645,3450.128367361504,False,False,3000.0,train
2023-07-01 14:00:00,23.458193180890657,29.592260702051753,91638.63617813135,91638.63617813135,30182.4674794661,15995.943,34.05908,957.17,96228.02188492082,23.170655449182078,3399.6875851361888,False,False,3000.0,train
2023-07-01 15:00:00,23.440210009743932,30.327428642465986,88042.00194878646,88042.00194878646,29154.857699653276,15984.999,34.468983,759.4471,88195.12896896817,23.86274466301784,3313.04311720133,False,False,3000.0,train
2023-07-01 16:00:00,23.40224175666611,30.77635643490322,80448.35133322224,80448.35133322224,26985.243238063496,15934.041,34.33974,499.50357,84604.18026999009,22.64047938141741,3134.4446890972895,False,False,3000.0,train
2023-07-01 17:00:00,23.35480563412506,30.916624893172365,70961.12682501215,70961.12682501215,24274.607664289186,15715.437,33.83152,243.41766,71160.28124189573,23.59416339420884,2920.947340889238,False,False,3000.0,train
2023-07-01 18:00:00,23.30715522125845,30.790622109545758,61431.044251690284,61431.044251690284,21551.726929054366,14905.445,33.16918,37.973625,66820.10542404819,23.16803173991919,2719.631570280764,False,False,3000.0,train
2023-07-01 19:00:00,23.274413708644456,30.53003242742856,54882.741728891204,54882.741728891204,19680.78335111177,13000.0,32.178894,0.0,57753.40659860086,23.15131148920897,2590.5412186861954,False,False,3000.0,train
2023-07-01 20:00:00,23.238640971741294,30.260402358882704,47728.19434825877,47728.19434825877,17636.626956645363,11094.553,30.263388,18.646471,50273.48619837714,23.746335518576636,2459.71186974626,False,False,3000.0,train
2023-07-01 21:00:00,23.219301999018345,30.00795008994273,43860.399803669025,43860.399803669025,16531.542801048294,10284.556,29.308474,27.315807,45230.23666849072,23.00506267135833,2394.026149365107,False,False,3000.0,train
2023-07-01 22:00:00,23.179829635510444,29.747611502048688,35965.92710208881,35965.92710208881,14275.979172025374,10065.922,26.942896,4.8423853,41744.135313378814,22.97580888930192,2272.4861102065047,False,False,3000.0,train
2023-07-01 23:00:00,23.160276043979604,29.47224523730978,32055.20879592072,32055.20879592072,13158.631084548777,10014.836,25.902493,0.0,34712.27926268814,23.121157772303743,2219.1851589840503,False,False,3000.0,train
2023-07-02 00:00:00,23.143289662056503,29.199618006979193,28657.932411300637,28657.932411300637,12187.98068894304,10000.037,24.906174,0.0,30725.480412756813,23.267443877800176,2176.958745838241,False,False,3000.0,train
2023-07-02 01:00:00,23.129814897871057,28.956286365602683,25962.97957421143,25962.97957421143,11417.994164060408,10000.165,23.628878,44.411087,28207.190003714742,22.997258163183197,2146.315139380475,False,False,3000.0,train
2023-07-02 02:00:00,23.108508852902634,28.719494505233047,21701.77058052687,21701.77058052687,10200.505880150535,10000.74,22.694471,6.247169,25821.3763983407,22.63635117374187,2103.299826866545,False,False,3000.0,train
2023-07-02 03:00:00,23.10026626714524,28.464712494143225,20053.253429048113,20053.253429048113,9729.500979728033,10003.316,22.418736,0.0,23816.491006280852,22.84055681288071,2088.520930175388,False,False,3000.0,train
2023-07-02 04:00:00,23.102593448247116,28.218335119557302,20518.689649423293,20518.689649423293,9862.482756978083,10014.836,22.80878,0.0,24382.36801536198,23.486993605186473,2092.585712088376,False,False,3000.0,train
2023-07-02 05:00:00,23.113803019903507,27.993260769518372,22760.60398070143,22760.60398070143,10503.029708771837,10065.922,23.679352,10.603725,26671.078768848674,23.13623605664416,2113.3481928470023,False,False,3000.0,train
2023-07-02 06:00:00,23.11772592754969,27.78279545103341,23545.18550993774,23545.18550993774,10727.19585998221,10284.556,24.140938,0.0,31087.77010774273,23.253052112660836,2121.070056511016,False,False,3000.0,train
2023-07-02 07:00:00,23.166455644797132,27.674993548246622,33291.12895942643,33291.12895942643,13511.751131264695,11094.553,25.703756,164.70377,35382.58736395629,,2235.502033247531,False,True,3000.0,train
2023-07-02 08:00:00,23.234029886119938,27.802885668559746,46805.97722398758,46805.97722398758,17373.136349710738,13000.0,27.170822,396.56473,48554.2044408304,23.036180577267956,2443.7102024387423,False,False,3000.0,train
2023-07-02 09:00:00,23.31268602236661,28.203277859112365,62537.20447332185,62537.20447332185,21867.772706663385,14905.445,29.003765,645.1782,63305.654506224804,23.815956857329233,2742.227515908237,False,False,3000.0,train
2023-07-02 10:00:00,23.380556842584806,28.860293964485308,76111.36851696117,76111.36851696117,25746.105290560336,15715.437,30.426205,871.19434,80981.11176787865,23.324099285469483,3035.3988824818725,False,False,3000.0,train
2023-07-02 11:00:00,23.441051671317062,29.722516575296392,88210.33426341244,88210.33426341244,29202.952646689268,15934.041,31.929575,1050.4716,94955.21496143226,23.308040707458925,3317.0705093164147,False,False,3000.0,train
2023-07-02 12:00:00,23.476657819172317,30.693838013023814,95331.56383446339,95331.56383446339,31237.58966698954,15984.999,32.768536,1123.9749,97933.90032681932,23.80550052907892,3489.8848629735526,False,False,3000.0,train
2023-07-02 13:00:00,23.497878937716038,31.64796230934349,99575.78754320764,99575.78754320764,32450.22501234504,15995.943,33.931732,1086.6519,99555.45086555026,23.28117083005582,3594.969223562981,False,False,3000.0,train
2023-07-02 14:00:00,23.505780142393885,32.49266964211571,101156.02847877696,101156.02847877696,32901.72242250771,15995.943,34.896572,991.41547,101159.48579575897,23.327361939261685,3634.458403646852,False,False,3000.0,train
2023-07-02 15:00:00,23.483107793438514,33.120563506374474,96621.55868770271,96621.55868770271,31606.159625057917,15984.999,35.3848,756.31726,101912.73118614929,23.48618179864358,3521.6690706136856,False,False,3000.0,train
2023-07-02 16:00:00,23.42757844405215,33.44163017077667,85515.68881042968,85515.68881042968,28433.05394583705,15934.041,34.079353,494.46048,90933.45244302324,23.427659475278602,3252.9432410434124,False,False,3000.0,train
2023-07-02 17:00:00,23.388095245665177,33.44614833112541,77619.04913303538,77619.04913303538,26176.871180867252,15715.437,34.58915,216.82083,82286.29786430897,23.465978650036142,3069.567576953618,False,False,3000.0,train
2023-07-02 18:00:00,23.340087685688545,33.19994208974488,68017.53713770893,68017.53713770893,23433.58203934541,14905.445,33.568417,45.441658,69116.02475258328,23.96758841250719,2857.2271212578903,False,False,3000.0,train
2023-07-02 19:00:00,23.298697589435157,32.83629949691091,59739.51788703147,59739.51788703147,21068.433682008992,13000.0,32.09995,0.0,63362.987930492716,23.39957206334087,2685.503490527886,False,False,3000.0,train
2023-07-02 20:00:00,23.26441750540798,32.461455461811425,52883.50108159605,52883.50108159605,19109.57173759887,11094.553,30.446123,15.254416,56181.3814232101,22.55100131658274,2552.841205007169,False,False,3000.0,train
2023-07-02 21:00:00,23.229224635160975,32.091335854910916,45844.92703219496,45844.92703219496,17098.550580627132,10284.556,28.661858,0.0,49375.74068723946,23.327114318190443,2427.2580417270333,False,False,3000.0,train
2023-07-02 22:00:00,23.2115200657065,31.720373897484304,42304.01314130035,42304.01314130035,16086.860897514385,10065.922,27.81772,0.0,47368.153038337856,23.222884064053382,2368.6845663940526,False,False,3000.0,train
2023-07-02 23:00:00,23.19019044678067,31.358924744180324,38038.08935613375,38038.08935613375,14868.025530323928,10014.836,26.57153,0.0,41552.95211238264,23.203225454086105,2302.652083506906,False,False,3000.0,train
2023-07-03 00:00:00,23.169314152306775,31.008169641789255,33862.83046135503,33862.83046135503,13675.094417530008,10000.246,25.289558,5.522711,38385.7808544652,23.243098345125627,2243.216921781981,False,False,3000.0,train
2023-07-03 01:00:00,23.14869777381043,30.664845717436695,29739.554762085874,29739.554762085874,12497.01564631025,10001.102,24.141434,0.0,32887.551335157834,23.14009428750799,2189.976485193938,False,False,3000.0,train
2023-07-03 02:00:00,23.133446404638462,30.33446671526091,26689.280927692493,26689.280927692493,11625.508836483568,10004.936,23.158943,13.999151,30312.1360457071,23.117662776721847,2154.3179767141064,False,False,3000.0,train
2023-07-03 03:00:00,23.116335818417248,30.012634687665862,23267.16368344961,23267.16368344961,10647.761052414175,10022.111,22.328218,0.0,27604.425991349442,23.300249081348483,2118.3070635026434,False,False,3000.0,train
2023-07-03 04:00:00,23.124955926811875,29.70850913502003,24991.185362375036,24991.185362375036,11140.338674964296,10098.905,23.014208,20.45763,24878.834443923264,22.962331687653524,2135.908099903863,False,False,3000.0,train
2023-07-03 05:00:00,23.134744917699788,29.431472311164917,26948.98353995754,26948.98353995754,11699.709582845011,10439.478,23.877983,14.771621,29259.380560053916,22.850439017008036,2157.225751388392,False,False,3000.0,train
2023-07-03 06:00:00,23.144455937602764,29.177531528453173,28891.18752055282,28891.18752055282,12254.625005872234,11897.035,24.05356,32.791645,30865.901296256226,24.05159037338948,2179.731782745981,False,False,3000.0,train
2023-07-03 07:00:00,23.20851341857528,29.006917225018707,41702.68371505586,41702.68371505586,15915.05249001596,17297.02,25.969595,129.8301,43195.527343739726,22.99375618544091,2359.068130880112,False,False,3000.0,train
2023-07-03 08:00:00,23.33153790243793,29.05998941869736,66307.58048758593,66307.58048758593,22945.022996453125,29999.998,27.430576,397.1598,68531.45371103409,23.361580776175952,2820.820041602427,False,False,3000.0,train
2023-07-03 09:00:00,23.455851139642515,29.39445154745639,91170.22792850307,91170.22792850307,30048.636551000876,42702.97,29.089962,618.14453,99235.58886880074,23.007153064379906,3388.3343126795617,False,False,3000.0,train
2023-07-03 10:00:00,23.542394582520384,29.98719087687201,108478.91650407675,108478.91650407675,34993.97614402193,48102.91,29.890812,871.2078,108171.61075626676,23.57733510703581,3819.804679994595,False,False,3000.0,train
2023-07-03 11:00:00,23.60845929241327,30.79286560349026,121691.85848265371,121691.85848265371,38769.102423615346,49560.277,31.546864,1034.273,128722.50454248044,23.328491627206468,4162.693548517113,False,False,3000.0,train
2023-07-03 12:00:00,23.65744529846906,31.724236475708583,131489.05969381204,131489.05969381204,41568.302769660586,49899.992,32.879612,1144.6962,127046.20106732324,23.524703415614056,4422.718116412867,False,False,3000.0,train
2023-07-03 13:00:00,23.671445140379063,32.656057029201676,134289.02807581268,134289.02807581268,42368.29373594648,49972.953,33.539776,1099.321,135782.7827867349,23.9849645401104,4497.798211946792,False,False,3000.0,train
2023-07-03 14:00:00,23.689212689291,33.475642201481136,137842.53785820014,137842.53785820014,43383.58224520004,49972.953,35.30285,1003.3712,141590.14878339658,23.830815559804424,4593.529004901396,False,False,3000.0,train
2023-07-03 15:00:00,23.6503923262475,34.07637338005388,130078.46524949968,130078.46524949968,41165.275785571335,49899.992,34.613182,765.6589,135649.05962487657,23.820915183619945,4385.016124200544,False,False,3000.0,train
2023-07-03 16:00:00,23.612136548681423,34.373470277612824,122427.30973628469,122427.30973628469,38979.2313532242,49560.277,34.73869,508.40485,128401.69990101251,23.080775097163865,4182.057095776881,False,False,3000.0,train
2023-07-03 17:00:00,23.552658843434987,34.36793118354973,110531.76868699737,110531.76868699737,35580.50533914211,48102.91,33.90427,248.90193,116603.93296792521,24.10372739438369,3872.4081267563083,False,False,3000.0,train
2023-07-03 18:00:00,23.489386870639372,34.10729103817962,97877.37412787435,97877.37412787435,31964.96403653553,42702.97,33.687576,55.205227,99638.44359278833,23.13182247735681,3552.742930406181,False,False,3000.0,train
2023-07-03 19:00:00,23.396975299139964,33.713810480972136,79395.05982799275,79395.05982799275,26684.30280799793,29999.998,32.33969,0.0,80957.06265285556,23.855543543428123,3110.1797331635826,False,False,3000.0,train
2023-07-03 20:00:00,23.306360476010465,33.29469910026115,61272.09520209291,61272.09520209291,21506.31291488369,17297.02,30.6178,0.0,66602.70305352642,23.61282363580491,2716.402526395693,False,False,3000.0,train
2023-07-03 21:00:00,23.23703633288091,32.877591344069195,47407.26657618168,47407.26657618168,17544.93330748048,11897.035,27.930141,0.0,49937.782843142035,23.410236155416314,2454.119807956131,False,False,3000.0,train
2023-07-03 22:00:00,23.21409050723464,32.467153390299416,42818.10144692812,42818.10144692812,16233.743270550893,10439.478,27.279442,0.0,42785.816032432136,22.957595072962125,2376.9835570250552,False,False,3000.0,train
2023-07-03 23:00:00,23.19158291825631,32.06869041261763,38316.58365126174,38316.58365126174,14947.595328931926,10098.905,26.08502,0.0,38702.31221460412,23.237059871702165,2306.8039631563242,False,False,3000.0,train
2023-07-04 00:00:00,23.178448528006705,31.70472672199807,35689.7056013409,35689.7056013409,14197.058743240257,10000.246,24.993183,43.76087,36603.869862626234,23.037172104813248,2268.5633289197253,False,False,3000.0,train
2023-07-04 01:00:00,23.146277575683623,31.347570171781204,29255.515136724596,29255.515136724596,12358.718610492742,10001.102,23.390924,0.0,33341.36435477973,23.15498944713521,2184.100878925607,False,False,3000.0,train
2023-07-04 02:00:00,23.145828690751014,30.97819589063766,29165.738150202713,29165.738150202713,12333.068042915062,10004.936,23.767488,0.0,32476.656378382388,23.070867013025346,2183.0199847141967,False,False,3000.0,train
2023-07-04 03:00:00,23.12690919757722,30.63584119586647,25381.83951544397,25381.83951544397,11251.954147269706,10022.111,22.306067,25.279554,29859.51269692772,22.515326045605498,2140.049999291834,False,False,3000.0,train
2023-07-04 04:00:00,23.12818733339337,30.315437004346677,25637.46667867406,25637.46667867406,11324.99047962116,10098.905,22.774073,18.146797,27721.953707083376,23.464722578688747,2142.790640246991,False,False,3000.0,train
2023-07-04 05:00:00,23.140283871450798,30.00122320840435,28056.77429015958,28056.77429015958,12016.22122575988,10439.478,24.012106,0.0,31400.789504278997,23.11595172448599,2169.89961178209,False,False,3000.0,train
2023-07-04 06:00:00,23.15512498904595,29.7071775684603,31024.997809190325,31024.997809190325,12864.285088340093,11897.035,24.61122,17.220613,35405.030287746406,23.00968486919528,2205.9681412373657,False,False,3000.0,train
2023-07-04 07:00:00,23.227746643858747,29.524785372034206,45549.32877174949,45549.32877174949,17014.093934785567,17297.02,26.635197,159.23355,47800.01589403259,23.059648474009816,2422.2442520111863,False,False,3000.0,train
2023-07-04 08:00:00,23.330490763757545,29.550773851280894,66098.15275150907,66098.15275150907,22885.186500431162,29999.998,27.356733,357.8019,70384.61130775696,23.438028636667575,2816.3929444318746,False,False,3000.0,train
2023-07-04 09:00:00,23.455707850625153,29.84690225453883,91141.57012503057,91141.57012503057,30040.448607151593,42702.97,28.580961,631.3765,91899.20309021135,23.187580949136812,3387.640362312723,False,False,3000.0,train
2023-07-04 10:00:00,23.5532973296802,30.4325363018192,110659.46593603968,110659.46593603968,35616.990267439905,48102.91,30.236128,882.85834,112252.38211605976,22.876744662137984,3875.6890563001275,False,False,3000.0,train
2023-07-04 11:00:00,23.61501791610841,31.237672938944993,123003.58322168207,123003.58322168207,39143.880920480595,49560.277,31.397781,1056.4735,124401.3344930064,23.737156857070893,4197.248305358636,False,False,3000.0,train
2023-07-04 12:00:00,23.651157589494254,32.13545833596237,130231.51789885077,130231.51789885077,41209.00511395736,49899.992,32.565807,1101.3572,127982.85475661664,23.8068884888813,4389.102804539309,False,False,3000.0,train
2023-07-04 13:00:00,23.687117122652438,33.034504728939076,137423.42453048762,137423.42453048762,43263.83558013932,49972.953,34.282555,1113.8849,142654.83626202392,23.627227575249147,4582.213204197068,False,False,3000.0,train
2023-07-04 14:00:00,23.683425724566533,33.83002903467073,136685.14491330655,136685.14491330655,43052.89854665902,49972.953,34.86226,974.53613,137543.59243431018,23.33905486200953,4562.29612760663,False,False,3000.0,train
2023-07-04 15:00:00,23.65892087752925,34.38504356111947,131784.17550585023,131784.17550585023,41652.62157310006,49899.992,35.352062,738.95416,134839.53215366584,23.685601539796036,4430.61643819244,False,False,3000.0,train
2023-07-04 16:00:00,23.608677818929248,34.64984196472704,121735.56378584962,121735.56378584962,38781.589653099894,49560.277,34.327953,499.75177,126737.31763949544,23.16931810843517,4163.843505852831,False,False,3000.0,train
2023-07-04 17:00:00,23.571790520112167,34.64965808293315,114358.10402243334,114358.10402243334,36673.74400640953,48102.91,34.706036,286.85815,119131.34439268996,23.263621341105868,3971.1457238491157,False,False,3000.0,train
2023-07-04 18:00:00,23.48414363956529,34.39884963945065,96828.72791305784,96828.72791305784,31665.35083230224,42702.97,32.961926,57.647205,,23.25893425861404,3526.7863976054587,True,False,3000.0,train
2023-07-04 19:00:00,23.40118740383828,33.99153491237609,80237.48076765571,80237.48076765571,26924.994505044488,29999.998,32.464,0.0,82929.26292675943,23.654369125105745,3129.5763272280046,False,False,3000.0,train
2023-07-04 20:00:00,23.303916287785253,33.55898548412265,60783.25755705052,60783.25755705052,21366.64501630015,17297.02,30.214039,0.0,62637.600541833504,23.195133002654178,2706.5003157808915,False,False,3000.0,train
2023-07-04 21:00:00,23.252387729462693,33.147643358974335,50477.5458925387,50477.5458925387,18422.15596929677,11897.035,28.540047,30.329338,53277.56303427807,23.118027805929756,2508.6220072781025,False,False,3000.0,train
2023-07-04 22:00:00,23.219093916336586,32.74419577190544,43818.78326731723,43818.78326731723,16519.652362090637,10439.478,27.381239,0.0,42780.417978902275,23.80550167095996,2393.340174385018,False,False,3000.0,train
2023-07-04 23:00:00,23.197227513121554,32.3361124696838,39445.50262431079,39445.50262431079,15270.143606945941,10098.905,26.24682,3.4734926,39082.607237530414,23.30296626227817,2323.865940530146,False,False,3000.0,train
2023-07-05 00:00:00,23.170290544061913,31.93707495902581,34058.10881238267,34058.10881238267,13730.888232109335,10000.246,24.677263,0.0,34087.48941212075,23.271988897204363,2245.8760647659274,False,False,3000.0,train
2023-07-05 01:00:00,23.153216265194583,31.5616669457379,30643.25303891664,30643.25303891664,12755.215153976182,10001.102,23.425137,30.877216,31448.15259673187,23.04230604163195,2201.160616839754,False,False,3000.0,train
2023-07-05 02:00:00,23.131987455038495,31.19553892258246,26397.491007698904,26397.491007698904,11542.140287913971,10004.936,22.523457,0.0,30257.437315260097,22.95307595474746,2151.0799098014445,False,False,3000.0,train
2023-07-05 03:00:00,23.12415992755643,30.825008276238798,24831.985511286093,24831.985511286093,11094.853003224598,10022.111,22.294891,0.0,25899.479206437183,22.468237995551284,2134.236339768736,False,False,3000.0,train
2023-07-05 04:00:00,23.13339719867078,30.473657327850873,26679.43973415632,26679.43973415632,11622.697066901805,10098.905,23.261019,0.0,28864.798834285153,23.42401935824785,2154.2082661793943,False,False,3000.0,train
2023-07-05 05:00:00,23.152157315932467,30.177818886847746,30431.463186493347,30431.463186493347,12694.703767569528,10439.478,24.055233,60.27455,36287.8356004386,23.28665022765938,2198.514625037507,False,False,3000.0,train
2023-07-05 06:00:00,23.154380072099833,29.89972101368973,30876.01441996668,30876.01441996668,12821.718405704765,11897.035,24.547142,0.6513113,33090.77796121013,23.10063027413581,2204.086078132111,False,False,3000.0,train
2023-07-05 07:00:00,23.211301043025543,29.687944540518576,42260.20860510857,42260.20860510857,16074.345315745306,17297.02,25.425755,146.25056,47006.631254729225,23.170133032474666,2367.980723783993,False,False,3000.0,train
2023-07-05 08:00:00,23.333168092485813,29.689421282476115,66633.61849716268,66633.61849716268,23038.17671347505,29999.998,27.651802,345.3918,66993.6033654617,23.55401137116413,2827.7261541073735,False,False,3000.0,train
2023-07-05 09:00:00,23.452315936973008,29.966844216482247,90463.18739460161,90463.18739460161,29846.624969886176,42702.97,28.343342,620.95013,92770.60898668694,22.985902915049053,3371.2355963699315,False,False,3000.0,train
2023-07-05 10:00:00,23.544504055129558,30.5109354275476,108900.81102591153,108900.81102591153,35114.517435974725,48102.91,30.123188,830.5787,108261.66254196751,23.367539655663418,3830.593684781925,False,False,3000.0,train
2023-07-05 11:00:00,23.624499587553835,31.28584054688664,124899.91751076702,124899.91751076702,39685.690717362006,49560.277,32.10391,1056.572,126459.92503929911,23.283608728686076,4247.350992651392,False,False,3000.0,train
2023-07-05 12:00:00,23.647247784585524,32.182815767870906,129449.55691710475,129449.55691710475,40985.58769060136,49899.992,32.198086,1101.6116,136120.2195637097,24.178700569331546,4368.2340834061615,False,False,3000.0,train
2023-07-05 13:00:00,23.681075216060115,33.059432279111306,136215.0432120231,136215.0432120231,42918.58377486374,49972.953,34.2062,1079.9799,131356.38368526346,23.943771875616104,4549.624621606488,False,False,3000.0,train
2023-07-05 14:00:00,23.67579515168005,33.828207556796386,135159.03033600978,135159.03033600978,42616.86581028851,49972.953,34.4184,965.22894,140123.1425589448,23.01498735933944,4521.190897676559,False,False,3000.0,train
2023-07-05 15:00:00,23.656398740162672,34.38899617979081,131279.74803253438,131279.74803253438,41508.499437866965,49899.992,34.89921,763.8007,135329.85433753306,23.202270252170678,4417.118406737263,False,False,3000.0,train
2023-07-05 16:00:00,23.619870905390123,34.6922086780719,123974.18107802451,123974.18107802451,39421.19459372129,49560.277,34.620773,545.28796,124465.16257766775,23.580167203382878,4222.87080273244,False,False,3000.0,train
2023-07-05 17:00:00,23.559658805462593,34.693812211117454,111931.76109251866,111931.76109251866,35980.50316929104,48102.91,34.1325,250.33015,109279.94109285092,23.417926741840866,3908.4328351841236,False,False,3000.0,train
2023-07-05 18:00:00,23.49129597975596,34.427711950852995,98259.19595119217,98259.19595119217,32074.055986054907,42702.97,33.37581,70.79381,101516.13683561193,23.093981317332894,3562.215971846359,False,False,3000.0,train
2023-07-05 19:00:00,23.389811518012785,34.02463756328021,77962.30360255692,77962.30360255692,26274.943886444835,29999.998,31.552153,0.0,79332.84979885226,23.97324018930793,3077.386668053843,False,False,3000.0,train
2023-07-05 20:00:00,23.313794752162732,33.59009823851013,62758.95043254636,62758.95043254636,21931.128695013245,17297.02,30.976807,0.0,66398.0615123736,23.407556726357505,2746.783077247879,False,False,3000.0,train
2023-07-05 21:00:00,23.256500300832965,33.165086735377606,51300.06016659294,51300.06016659294,18657.160047597983,11897.035,29.145937,0.0,54355.20610939894,23.39894519769189,2523.593976016437,False,False,3000.0,train
2023-07-05 22:00:00,23.222725116093216,32.747104782814546,44545.02321864311,44545.02321864311,16727.149491040887,10439.478,27.64008,0.0,51397.903548933275,23.01512063132355,2405.3758924946655,False,False,3000.0,train
2023-07-05 23:00:00,23.198686649402944,32.340991510991955,39737.32988058885,39737.32988058885,15353.522823025385,10098.905,26.321445,5.193518,42180.02948856716,23.415368893556344,2328.336283150453,False,False,3000.0,train
2023-07-06 00:00:00,23.177335554489606,31.955675895131815,35467.11089792112,35467.11089792112,14133.460256548891,10000.246,24.947718,21.151,36148.45997995845,23.063205726195,2265.4192459456353,False,False,3000.0,train
2023-07-06 01:00:00,23.159787299630963,31.587079126225014,31957.459926192656,31957.459926192656,13130.702836055045,10001.102,24.016802,18.447819,35355.07822284182,23.07478434751871,2217.915985884224,False,False,3000.0,train
2023-07-06 02:00:00,23.140296386080646,31.216985060770593,28059.277216129176,28059.277216129176,12016.936347465478,10004.936,23.110004,0.0,31536.654343253645,23.323596974028224,2169.928739406533,False,False,3000.0,train
2023-07-06 03:00:00,23.125900447767606,30.85084362022162,25180.089553521157,25180.089553521157,11194.311301006044,10022.111,22.304613,5.9363236,31085.902013831103,22.637201178249516,2137.903931174413,False,False,3000.0,train
2023-07-06 04:00:00,23.134018604802904,30.51290835771389,26803.72096058079,26803.72096058079,11658.205988737369,10098.905,23.02575,21.629519,31603.883692319523,23.613126962758198,2155.5963238972668,False,False,3000.0,train
2023-07-06 05:00:00,23.13403766226228,30.19040811636644,26807.532452455973,26807.532452455973,11659.294986415993,10439.478,23.371365,0.0,30576.817618762972,23.18875442667944,2155.6389810379965,False,False,3000.0,train
2023-07-06 06:00:00,23.146757260264962,29.87420728956104,29351.4520529925,29351.4520529925,12386.129157997857,11897.035,24.063585,0.0,35549.147888113555,23.53104052289909,2185.2590152787852,False,False,3000.0,train
2023-07-06 07:00:00,23.21277418769515,29.644977752914624,42554.83753902993,42554.83753902993,16158.525011151409,17297.02,25.978704,113.18262,42734.23000840449,22.890148260709505,2372.724758200139,False,False,3000.0,train
2023-07-06 08:00:00,23.331674881317028,29.65276264684905,66334.97626340557,66334.97626340557,22952.850360973018,29999.998,27.094988,385.85672,67529.9814920414,23.05472534410857,2821.399682476753,False,False,3000.0,train
2023-07-06 09:00:00,23.455626029026174,29.959097013060262,91125.2058052348,91125.2058052348,30035.773087209942,42702.97,28.463402,632.4921,90986.66688349246,23.10705596254623,3387.2441334721884,False,False,3000.0,train
2023-07-06 10:00:00,23.546162251390438,30.52056196290226,109232.4502780876,109232.4502780876,35209.271508025035,48102.91,30.011036,849.61414,110735.9382371184,23.62125155318989,3839.082621457813,False,False,3000.0,train
2023-07-06 11:00:00,23.621546479382193,31.29920468491862,124309.2958764386,124309.2958764386,39516.94167898245,49560.277,31.982689,1046.706,121483.53470969615,23.641341469957666,4231.727890255511,False,False,3000.0,train
2023-07-06 12:00:00,23.66221622946951,32.19642493994244,132443.24589390217,132443.24589390217,41840.927398257765,49899.992,33.261433,1107.1105,138268.56780027822,23.522892683700157,4448.268432167889,False,False,3000.0,train
2023-07-06 13:00:00,23.691556678618536,33.09591550032924,138311.33572370716,138311.33572370716,43517.52449248776,49972.953,34.600456,1107.7196,140287.73487292172,23.387335920752953,4606.193985353681,False,False,3000.0,train
2023-07-06 14:00:00,23.678940705552442,33.87642164774905,135788.14111048842,135788.14111048842,42796.611745853836,49972.953,34.66531,957.9524,132113.43848582052,23.29896182463319,4538.124870430266,False,False,3000.0,train
2023-07-06 15:00:00,23.661990843310527,34.432479212642306,132398.1686621053,132398.1686621053,41828.04818917294,49899.992,35.292057,762.46204,130881.82699201233,23.64744567316933,4447.060552609032,False,False,3000.0,train
2023-07-06 16:00:00,23.61763280465843,34.697598803614255,123526.5609316862,123526.5609316862,39293.30312333891,49560.277,35.231785,475.83228,127846.78297331509,23.47795677078185,4211.048578447965,False,False,3000.0,train
2023-07-06 17:00:00,23.565763493762656,34.6688328156739,113152.69875253123,113152.69875253123,36329.34250072321,48102.91,34.53154,258.6691,119454.8727485974,23.36008139605518,3939.94668891382,False,False,3000.0,train
2023-07-06 18:00:00,23.470924029783905,34.389642443685645,94184.80595678104,94184.80595678104,30909.944559080297,42702.97,32.17184,42.014275,104096.98532671553,23.93505087562339,3461.7480997040852,False,False,3000.0,train
2023-07-06 19:00:00,23.398983244068017,33.97112934238447,79796.64881360336,79796.64881360336,26799.042518172388,29999.998,32.366795,0.0,91886.19729477102,23.374285540610195,3119.415753902226,False,False,3000.0,train
2023-07-06 20:00:00,23.30838731067463,33.54035736819409,61677.46213492577,61677.46213492577,21622.132038550222,17297.02,30.564085,0.0,65806.58133560563,23.689400190852705,2724.6464728226083,False,False,3000.0,train
2023-07-06 21:00:00,23.25436147564394,33.115831443672455,50872.295128787926,50872.295128787926,18534.941465367978,11897.035,29.04483,0.0,51382.82658599137,23.09438582083913,2515.788419264118,False,False,3000.0,train
2023-07-06 22:00:00,23.222351688664894,32.70789466904868,44470.33773297875,44470.33773297875,16705.81078085107,10439.478,27.4709,15.672308,42344.61741164626,23.29578457380449,2404.1318275578556,False,False,3000.0,train
2023-07-06 23:00:00,23.193673581258242,32.30768850852765,38734.716251648395,38734.716251648395,15067.061786185255,10098.905,26.028425,0.0,42353.95435807059,23.17703077638134,2313.080288011236,False,False,3000.0,train
2023-07-07 00:00:00,23.17486414719632,31.920752160938143,34972.829439264075,34972.829439264075,13992.236982646878,10000.246,24.778826,23.517508,36136.80797420207,22.665577454340884,2258.4926209950454,False,False,3000.0,train
2023-07-07 01:00:00,23.150223684968253,31.54256899831141,30044.736993650644,30044.736993650644,12584.21056961447,10001.102,23.553982,0.0,32133.558502957636,23.578725176847428,2193.722315817541,False,False,3000.0,train
2023-07-07 02:00:00,23.129722593894083,31.162711632785484,25944.518778816673,25944.518778816673,11412.719651090478,10004.936,22.337492,4.6805344,27630.889133780103,23.08917651178436,2146.114220911351,False,False,3000.0,train
2023-07-07 03:00:00,23.133513910466753,30.805911484058957,26702.782093350663,26702.782093350663,11629.366312385904,10022.111,22.850134,15.077566,29399.45255704659,23.35743937635664,2154.4685456911343,False,False,3000.0,train
2023-07-07 04:00:00,23.12731073314786,30.46396115285333,25462.146629571693,25462.146629571693,11274.899037020485,10098.905,22.776653,0.0,30744.312670528452,22.90170211640939,2140.908409971624,False,False,3000.0,train
2023-07-07 05:00:00,23.14313303946257,30.133486041324453,28626.607892513788,28626.607892513788,12179.03082643251,10439.478,24.129614,0.0,31968.43788699343,23.09367972498864,2176.5877908985335,False,False,3000.0,train
2023-07-07 06:00:00,23.15291821137679,29.82403498303573,30583.642275357903,30583.642275357903,12738.183507245116,11897.035,24.535553,0.0,33234.57990548689,22.892862503399783,2200.4143376519687,False,False,3000.0,train
2023-07-07 07:00:00,23.21400410730385,29.606036172482728,42800.821460770065,42800.821460770065,16228.80613164859,17297.02,25.92709,126.68861,43339.37961414182,23.58480365213287,2376.703449306422,False,False,3000.0,train
2023-07-07 08:00:00,23.330884770123838,29.625077592632977,66176.95402476755,66176.95402476755,22907.701149933586,29999.998,27.000944,390.45502,64457.600524871545,23.42430757435904,2818.0578985529337,False,False,3000.0,train
2023-07-07 09:00:00,23.458674509338636,29.936938186096523,91734.90186772711,91734.90186772711,30209.971962207746,42702.97,28.689451,634.82306,93080.47099685951,23.5687905673429,3402.023368322647,False,False,3000.0,train
2023-07-07 10:00:00,23.556923346408635,30.520656761227592,111384.6692817269,111384.6692817269,35824.19122335054,48102.91,30.442001,881.3442,114175.2217009254,23.96437859054013,3894.3407780906523,False,False,3000.0,train
2023-07-07 11:00:00,23.614189116690845,31.31930322885617,122837.82333816902,122837.82333816902,39096.52095376258,49560.277,31.299551,1052.7559,133250.5360570403,23.961091505760553,4192.877026364272,False,False,3000.0,train
2023-07-07 12:00:00,23.664206923291488,32.22450543393766,132841.38465829755,132841.38465829755,41954.681330942156,49899.992,33.256615,1121.2332,136422.270994524,23.893809684132375,4458.940471697329,False,False,3000.0,train
2023-07-07 13:00:00,23.683872189073128,33.12566310290492,136774.43781462556,136774.43781462556,43078.41080417873,49972.953,34.047424,1102.4526,144260.35274288835,23.257353984961888,4564.703950483118,False,False,3000.0,train
2023-07-07 14:00:00,23.669731947359217,33.88764149638119,133946.38947184346,133946.38947184346,42270.39699195528,49972.953,34.214966,938.504,134705.25448704086,23.461028211504214,4488.593513260975,False,False,3000.0,train
2023-07-07 15:00:00,23.638182871432374,34.40760228660924,127636.57428647477,127636.57428647477,40467.59265327851,49899.992,33.934406,728.9744,125517.67405119892,23.337016430628967,4319.952035153645,False,False,3000.0,train
2023-07-07 16:00:00,23.620403651118245,34.68110846662789,124080.73022364902,124080.73022364902,39451.63720675687,49560.277,34.894478,532.20374,123002.44952696285,23.838663759205986,4225.686317221212,False,False,3000.0,train
2023-07-07 17:00:00,23.556021250288733,34.671653876533306,111204.25005774663,111204.25005774663,35772.64287364189,48102.91,33.970818,241.81454,111383.34004140548,23.607216832813748,3889.6975085236713,False,False,3000.0,train
2023-07-07 18:00:00,23.483512264738668,34.39518729742798,96702.45294773352,96702.45294773352,31629.272270781006,42702.97,32.92434,62.569435,107202.47115364515,23.06635853464949,3523.666835201329,False,False,3000.0,train
2023-07-07 19:00:00,23.395838118361517,34.00064306049556,79167.62367230348,79167.62367230348,26619.321049229566,29999.998,31.799238,21.95138,79617.25290291889,23.33921485445815,3104.957547878476,False,False,3000.0,train
2023-07-07 20:00:00,23.317788873130137,33.58489283463517,63557.77462602745,63557.77462602745,22159.364178864987,17297.02,31.173204,7.3525558,68874.74222001147,22.869555172414504,2763.264671339249,False,False,3000.0,train
2023-07-07 21:00:00,23.25560352663021,33.17293120070165,51120.70532604207,51120.70532604207,18605.915807440593,11897.035,28.87378,16.154068,51845.0433113137,23.23965658020928,2520.3162225658953,False,False,3000.0,train
2023-07-07 22:00:00,23.219295173063337,32.76166449665417,43859.03461266736,43859.03461266736,16531.15274647639,10439.478,27.375433,0.0,49089.223795851074,22.72268342186718,2394.0036393956543,False,False,3000.0,train
2023-07-07 23:00:00,23.184250552120943,32.34759748889898,36850.11042418864,36850.11042418864,14528.602978339612,10098.905,25.298872,0.0,40729.80024849469,23.34289880013633,2285.1996793381986,False,False,3000.0,train
2023-07-08 00:00:00,23.178347750720615,31.945111999761906,35669.55014412301,35669.55014412301,14191.300041178003,10000.037,25.326923,0.0,38314.25184546767,23.291736538530838,2268.2780091372606,False,False,3000.0,train
2023-07-08 01:00:00,23.157571213757024,31.55654653651763,31514.24275140471,31514.24275140471,13004.069357544202,10000.165,24.08147,0.0,34424.06785509617,23.729955761761087,2212.200882961359,False,False,3000.0,train
2023-07-08 02:00:00,23.145511363814688,31.179356735945372,29102.27276293753,29102.27276293753,12314.935075125008,10000.74,23.541847,0.0,30673.357365322758,23.399873350663892,2182.257558578174,False,False,3000.0,train
2023-07-08 03:00:00,23.133097965552324,30.815191203788704,26619.593110464735,26619.593110464735,11605.598031561352,10003.316,22.929697,0.0,30580.228260742217,23.006223688805573,2153.541841625101,False,False,3000.0,train
2023-07-08 04:00:00,23.136269922222787,30.46719497062784,27253.98444455749,27253.98444455749,11786.852698444996,10014.836,23.481735,0.0,29270.914566617805,23.381690950205133,2160.6715857098143,False,False,3000.0,train
2023-07-08 05:00:00,23.141534180143832,30.149168815319044,28306.83602876647,28306.83602876647,12087.66743679042,10065.922,23.862854,19.931879,28643.814603275743,22.722235015860278,2172.8205791927517,False,False,3000.0,train
2023-07-08 06:00:00,23.152004945678616,29.85504713771946,30400.989135723223,30400.989135723223,12685.99689592092,10284.556,24.913263,8.6500845,30591.909637383957,22.863263164574292,2198.135147434599,False,False,3000.0,train
2023-07-08 07:00:00,23.187973768891545,29.652689048909828,37594.753778309096,37594.753778309096,14741.358222374027,11094.553,25.84975,148.05748,,23.287916528514078,2296.089928658396,True,False,3000.0,train
2023-07-08 08:00:00,23.239203999970798,29.64681607842237,47840.79999415951,47840.79999415951,17668.79999833129,13000.0,26.768158,334.23572,54728.01720020543,22.59172910114642,2461.6798999205917,False,False,3000.0,train
2023-07-08 09:00:00,23.33159152043108,29.917829797549295,66318.30408621582,66318.30408621582,22948.08688177595,14905.445,29.32217,623.9094,69769.64793452574,23.320443284950915,2821.046917579467,False,False,3000.0,train
2023-07-08 10:00:00,23.392129598724292,30.49762224493513,78425.91974485842,78425.91974485842,26407.40564138812,15715.437,29.689558,894.4829,81059.56808232462,23.086050611088766,3087.970595560177,False,False,3000.0,train
2023-07-08 11:00:00,23.45156245020509,31.27929416194371,90312.49004101766,90312.49004101766,29803.568583147902,15934.041,31.814653,1020.2928,94275.03736414129,23.481954566751067,3367.597254968002,False,False,3000.0,train
2023-07-08 12:00:00,23.497134279991553,32.16760180895891,99426.85599831051,99426.85599831051,32407.67314237443,15984.999,33.07146,1129.2892,107117.04441967965,23.173813372577374,3591.2574015709174,False,False,3000.0,train
2023-07-08 13:00:00,23.507332994086656,33.048285062355276,101466.5988173313,101466.5988173313,32990.4568049518,15995.943,33.689636,1068.1818,105265.64288213689,23.634607435323215,3642.241563653011,False,False,3000.0,train
2023-07-08 14:00:00,23.515229322123606,33.80002535272318,103045.86442472115,103045.86442472115,33441.67554992033,15995.943,34.95143,956.9802,104532.85931360742,23.521027549223824,3681.9295427172706,False,False,3000.0,train
2023-07-08 15:00:00,23.49690287372455,34.376984183390995,99380.57474491018,99380.57474491018,32394.44992711719,15984.999,34.830498,807.3611,106352.26658269472,23.91701264878895,3590.1042844137287,False,False,3000.0,train
2023-07-08 16:00:00,23.450293029336024,34.68139046184261,90058.60586720474,90058.60586720474,29731.030247772782,15934.041,34.531437,516.06604,94499.85883621835,23.45231338956651,3361.4724811710225,False,False,3000.0,train
2023-07-08 17:00:00,23.407201719126025,34.67544825075562,81440.34382520503,81440.34382520503,27268.669664344292,15715.437,34.314716,275.4475,89289.36457194974,23.176608877637584,3157.4161338238023,False,False,3000.0,train
2023-07-08 18:00:00,23.345979495607853,34.40502036904067,69195.89912157065,69195.89912157065,23770.25689187733,14905.445,32.96264,48.519867,72724.08697421134,23.27191373885967,2882.5796103001776,False,False,3000.0,train
2023-07-08 19:00:00,23.3156681702086,33.988085814357945,63133.634041719946,63133.634041719946,22038.18115477713,13000.0,32.46622,0.0,62760.834111053206,22.91239725110358,2754.4999859470754,False,False,3000.0,train
2023-07-08 20:00:00,23.276308575773495,33.554734988098986,55261.71515469898,55261.71515469898,19789.061472771136,11094.553,30.604124,0.0,54707.53578054978,23.398149752185127,2597.7820242767057,False,False,3000.0,train
2023-07-08 21:00:00,23.243917727443538,33.13708803922693,48783.545488707605,48783.545488707605,17938.155853916458,10284.556,28.720896,16.59331,55875.00021022868,23.42087280133812,2478.2757875999037,False,False,3000.0,train
2023-07-08 22:00:00,23.207131761009972,32.72759542777348,41426.35220199438,41426.35220199438,15836.10062914125,10065.922,26.580008,6.008564,48485.03724035514,23.94789057201782,2354.6822271991005,False,False,3000.0,train
2023-07-08 23:00:00,23.188724906079788,32.33217129634272,37744.98121595755,37744.98121595755,14784.280347416443,10014.836,25.387527,29.110054,40332.39094440408,23.002174108898465,2298.3070391689816,False,False,3000.0,train
2023-07-09 00:00:00,23.17584359523148,31.945983610605925,35168.7190462961,35168.7190462961,14048.205441798886,10000.037,25.118193,0.0,37302.244904896375,23.095505223128924,2261.2286305063403,False,False,3000.0,train
2023-07-09 01:00:00,23.153599507619628,31.55937914066319,30719.901523925586,30719.901523925586,12777.114721121596,10000.165,23.709707,7.117588,36938.180089194095,22.98087195028816,2202.121957266608,False,False,3000.0,train
2023-07-09 02:00:00,23.138370326649312,31.182921889622232,27674.06532986243,27674.06532986243,11906.875808532124,10000.74,23.017296,0.0,28276.78902539378,23.20200443698868,2165.471889148724,False,False,3000.0,train
2023-07-09 03:00:00,23.143574602416503,30.826473129185278,28714.920483300688,28714.920483300688,12204.262995228768,10003.316,23.5834,13.296957,29766.53206347853,23.258081762760387,2177.6344947043003,False,False,3000.0,train
2023-07-09 04:00:00,23.125525652517737,30.48457289346699,25105.130503547458,25105.130503547458,11172.894429584987,10014.836,22.617485,0.0,29479.990880762347,23.109513199189184,2137.1103901858073,False,False,3000.0,train
2023-07-09 05:00:00,23.133164703767516,30.150846152293937,26632.94075350322,26632.94075350322,11609.411643858062,10065.922,23.495686,0.7508651,28783.083503193364,23.459062478829427,2153.6903630423876,False,False,3000.0,train
2023-07-09 06:00:00,23.14453028505614,29.83854436812101,28906.05701122766,28906.05701122766,12258.873431779331,10284.556,24.494425,0.0,31894.891806845164,22.959436433929707,2179.909199655506,False,False,3000.0,train
2023-07-09 07:00:00,23.189505778289085,29.624830910351726,37901.15565781704,37901.15565781704,14828.901616519155,11094.553,26.160635,135.6024,40525.135818031136,23.485357992656297,2300.6190123917236,False,False,3000.0,train
2023-07-09 08:00:00,23.252778157740092,29.648333422361038,50555.63154801846,50555.63154801846,18444.466156576702,13000.0,27.107773,392.88458,54402.95608527111,23.41432751383242,2510.0367911839658,False,False,3000.0,train
2023-07-09 09:00:00,23.326449818546934,29.958891781311937,65289.96370938671,65289.96370938671,22654.27534553906,14905.445,28.680733,638.8513,72230.03350494956,23.32284084257725,2799.3751847610088,False,False,3000.0,train
2023-07-09 10:00:00,23.391538295281087,30.533637886901637,78307.65905621745,78307.65905621745,26373.61687320499,15715.437,29.836954,877.0338,81587.13779848587,23.297057303053943,3085.2683060275835,False,False,3000.0,train
2023-07-09 11:00:00,23.456682076308272,31.30444525926389,91336.41526165447,91336.41526165447,30096.11864618699,15934.041,32.217842,1017.61523,96520.88749564411,24.184682403927685,3392.3600453908853,False,False,3000.0,train
2023-07-09 12:00:00,23.491828556962872,32.152873752131086,98365.71139257443,98365.71139257443,32104.48896930698,15984.999,33.491196,1057.5505,94057.1334271139,23.24672596174025,3564.8607069548343,False,False,3000.0,train
2023-07-09 13:00:00,23.50875203796102,32.99365619445994,101750.40759220408,101750.40759220408,33071.54502634402,15995.943,33.9317,1062.293,104572.61658830874,23.598131991051545,3649.3603413011565,False,False,3000.0,train
2023-07-09 14:00:00,23.51363166157571,33.74893346491554,102726.33231514234,102726.33231514234,33350.380661469244,15995.943,34.78699,964.2923,102628.40145458943,23.288565940503073,3673.884785323153,False,False,3000.0,train
2023-07-09 15:00:00,23.478566604267606,34.28714606307813,95713.32085352112,95713.32085352112,31346.663101006034,15984.999,34.409042,730.26056,94448.35699047332,24.014252828853998,3499.2764694902535,False,False,3000.0,train
2023-07-09 16:00:00,23.447104213079218,34.548098265333635,89420.84261584356,89420.84261584356,29548.812175955303,15934.041,34.53293,509.56015,89482.44475447643,23.71315211171898,3346.1139228536017,False,False,3000.0,train
2023-07-09 17:00:00,23.40040516992021,34.510408276626315,80081.03398404174,80081.03398404174,26880.295424011925,15715.437,34.673435,212.04424,82036.57486093717,23.196900206267866,3125.9678187015816,False,False,3000.0,train
2023-07-09 18:00:00,23.346669078692784,34.213338437959464,69333.81573855683,69333.81573855683,23809.661639587666,14905.445,33.223034,46.30568,74976.70806442108,23.500447576722152,2885.560639525937,False,False,3000.0,train
2023-07-09 19:00:00,23.323169352762804,33.82086777294426,64633.87055256078,64633.87055256078,22466.82015787451,13000.0,32.850246,26.643356,63939.019539635374,23.40047806914577,2785.63879574231,False,False,3000.0,train
2023-07-09 20:00:00,23.270973166193286,33.41512841703211,54194.633238657276,54194.633238657276,19484.18092533065,11094.553,30.164137,10.054185,57273.584996888516,23.115985737600866,2577.470163684794,False,False,3000.0,train
2023-07-09 21:00:00,23.245459462157335,33.0000036950528,49091.892431466986,49091.892431466986,18026.254980419137,10284.556,29.158215,0.0,50889.336752523355,23.472908727325787,2483.749687921964,False,False,3000.0,train
2023-07-09 22:00:00,23.21644891511457,32.59568983590558,43289.783022913754,43289.783022913754,16368.509435118216,10065.922,27.294985,13.581822,45508.394000912696,23.333240532445892,2384.660307623259,False,False,3000.0,train
2023-07-09 23:00:00,23.19352776006836,32.19915337792294,38705.552013671964,38705.552013671964,15058.729146763419,10014.836,26.152428,0.0,44024.57074045647,23.258237374234145,2312.6408672802527,False,False,3000.0,train
2023-07-10 00:00:00,23.168892053603013,31.804075843083034,33778.41072060264,33778.41072060264,13650.974491600753,10000.246,24.694588,0.0,37984.903803606285,23.156316140230313,2242.071124591892,False,False,3000.0,train
2023-07-10 01:00:00,23.15176717470394,31.430344701654406,30353.434940788306,30353.434940788306,12672.409983082372,10001.102,23.519482,22.497063,36292.425603872354,23.281083522483836,2197.5436085398173,False,False,3000.0,train
2023-07-10 02:00:00,23.135462869987883,31.0710041691411,27092.57399757661,27092.57399757661,11740.73542787903,10004.936,22.797512,7.5966315,29759.020360686834,23.204279168435622,2158.843859391584,False,False,3000.0,train
2023-07-10 03:00:00,23.148085259590335,30.7175799898665,29617.051918067005,29617.051918067005,12462.01483373343,10022.111,24.166529,0.0,31093.994146947196,23.165813259497842,2188.48184545491,False,False,3000.0,train
2023-07-10 04:00:00,23.13160981648854,30.37693931443386,26321.96329770835,26321.96329770835,11520.560942202384,10098.905,23.11362,0.0,28840.61159952695,22.939305041692272,2150.246771108217,False,False,3000.0,train
2023-07-10 05:00:00,23.13154320338528,30.064695324527257,26308.640677056163,26308.640677056163,11516.754479158903,10439.478,22.937296,30.85524,29830.03303399373,23.639673075614027,2150.100024846986,False,False,3000.0,train
2023-07-10 06:00:00,23.15035191888126,29.770893625633235,30070.38377625193,30070.38377625193,12591.538221786266,11897.035,24.438032,0.0,33457.79253254876,22.835225935876696,2194.038555359948,False,False,3000.0,train
2023-07-10 07:00:00,23.225338777538468,29.584385985422756,45067.75550769362,45067.75550769362,16876.50157362675,17297.02,26.211329,177.63943,45449.90876713285,23.353629643202392,2414.123511308219,False,False,3000.0,train
2023-07-10 08:00:00,23.33351397559182,29.632278826417384,66702.79511836413,66702.79511836413,23057.94146238975,29999.998,27.187195,387.2584,69958.80823201241,23.23744175290139,2829.193628746929,False,False,3000.0,train
2023-07-10 09:00:00,23.47169720374032,29.95354341377588,94339.4407480639,94339.4407480639,30954.12592801826,42702.97,29.484291,649.39014,98130.37415364817,23.99956138457511,3465.535611213902,False,False,3000.0,train
2023-07-10 10:00:00,23.555701823003393,30.52024551015948,111140.36460067851,111140.36460067851,35754.389885908146,48102.91,30.893988,830.24915,123928.43917237206,23.284657061836242,3888.0538292588717,False,False,3000.0,train
2023-07-10 11:00:00,23.61673913304538,31.27754868439027,123347.82660907635,123347.82660907635,39242.23617402181,49560.277,31.879177,1022.8168,134242.45565830043,23.396160154517283,4206.330668916138,False,False,3000.0,train
2023-07-10 12:00:00,23.663305860082417,32.17969141571596,132661.1720164834,132661.1720164834,41903.19200470955,49899.992,32.993866,1139.948,131860.7330413709,23.37236044110387,4454.109103368293,False,False,3000.0,train
2023-07-10 13:00:00,23.6806753778738,33.09604474649163,136135.07557476012,136135.07557476012,42895.73587850289,49972.953,33.734344,1111.0925,137828.208374762,23.777714893158983,4547.469947297187,False,False,3000.0,train
2023-07-10 14:00:00,23.676287624743722,33.87696603895374,135257.5249487444,135257.5249487444,42645.00712821268,49972.953,34.45568,961.9381,131637.14588118272,23.26437242687313,4523.841094659956,False,False,3000.0,train
2023-07-10 15:00:00,23.645709818451287,34.41847526453636,129141.96369025746,129141.96369025746,40897.70391150213,49899.992,34.350857,739.55115,129566.4619990461,23.50215127002396,4360.032351622887,False,False,3000.0,train
2023-07-10 16:00:00,23.61756807438804,34.67271728927555,123513.61487760783,123513.61487760783,39289.6042507451,49560.277,35.217426,483.6377,127842.53501228553,22.971858327531752,4210.70679982834,False,False,3000.0,train
2023-07-10 17:00:00,23.566322449967874,34.641479123142425,113264.48999357481,113264.48999357481,36361.28285530709,48102.91,34.772545,243.16309,121018.97374906231,23.638448856206303,3942.836570814741,False,False,3000.0,train
2023-07-10 18:00:00,23.478130931320855,34.36047078097249,95626.18626417105,95626.18626417105,31321.767504048872,42702.97,32.680298,47.250713,96076.48399836713,23.328066473693976,3497.1317889789257,False,False,3000.0,train
2023-07-10 19:00:00,23.387149705924518,33.94481483857282,77429.94118490358,77429.94118490358,26122.84033854388,29999.998,31.46744,0.0,78424.80828318076,22.94073268274496,3065.2660916644522,False,False,3000.0,train
2023-07-10 20:00:00,23.297084028777245,33.509502377291795,59416.80575544907,59416.80575544907,20976.230215842592,17297.02,29.785624,0.0,56664.10618186797,23.622766849669464,2679.0522812298177,False,False,3000.0,train
2023-07-10 21:00:00,23.24870724411891,33.08836520692202,49741.448823782266,49741.448823782266,18211.842521080645,11897.035,28.554571,11.335277,52335.539801771585,22.85640717460343,2495.3537941502514,False,False,3000.0,train
2023-07-10 22:00:00,23.205806610439915,32.687112258132764,41161.32208798291,41161.32208798291,15760.377739423688,10439.478,26.144665,25.349731,41664.12181707059,23.44488971744838,2350.495478070018,False,False,3000.0,train
2023-07-10 23:00:00,23.186719582001015,32.29142676676873,37343.916400202914,37343.916400202914,14669.690400057976,10098.905,25.483202,8.295153,39130.227895325195,22.976407334804673,2292.402949504037,False,False,3000.0,train
2023-07-11 00:00:00,23.177015396740597,31.897634348193122,35403.07934811935,35403.07934811935,14115.165528034098,10000.246,25.228788,2.33354,36417.41263211841,23.657486810109223,2264.5176582655104,False,False,3000.0,train
2023-07-11 01:00:00,23.15524589903523,31.52582706415218,31049.179807045846,31049.179807045846,12871.194230584528,10001.102,23.61824,27.319155,33841.21075351464,23.380111060713073,2206.274327916009,False,False,3000.0,train
2023-07-11 02:00:00,23.14466801940414,31.163339444581887,28933.603880827974,28933.603880827974,12266.743965950849,10004.936,23.498941,0.0,28101.337505801595,22.84225365814193,2180.238081077247,False,False,3000.0,train
2023-07-11 03:00:00,23.130683852899338,30.799164991298117,26136.77057986763,26136.77057986763,11467.648737105037,10022.111,22.757074,0.0,25985.245388346735,22.855559087236248,2148.2126753909097,False,False,3000.0,train
2023-07-11 04:00:00,23.141393441551838,30.45260302057208,28278.688310367528,28278.688310367528,12079.62523153358,10098.905,23.861374,0.0,35904.45783460781,23.32305100311913,2172.490688426403,False,False,3000.0,train
2023-07-11 05:00:00,23.13984900478974,30.1253383175112,27969.800957947657,27969.800957947657,11991.371702270759,10439.478,23.836197,0.0,28177.52449238608,23.061135565576688,2168.888837415253,False,False,3000.0,train
2023-07-11 06:00:00,23.152861119782347,29.815318527952083,30572.223956469457,30572.223956469457,12734.921130419845,11897.035,24.55722,0.0,31158.997877631187,23.102058367675937,2200.27152639852,False,False,3000.0,train
2023-07-11 07:00:00,23.232865431573405,29.618801001310334,46573.08631468098,46573.08631468098,17306.596089908853,17297.02,26.973633,157.8896,54054.60840662413,23.614537090105035,2439.7022629794915,False,False,3000.0,train
2023-07-11 08:00:00,23.334727167599528,29.655111729203675,66945.43351990561,66945.43351990561,23127.26671997303,29999.998,27.269958,383.5888,78179.40144685812,23.11012050558854,2834.346831679442,False,False,3000.0,train
2023-07-11 09:00:00,23.454525544004582,29.956538032068785,90905.10880091642,90905.10880091642,29972.888228833264,42702.97,28.464172,625.05914,89942.96729857392,23.481913675657218,3381.9173445688775,False,False,3000.0,train
2023-07-11 10:00:00,23.560544758701575,30.540337428389602,112108.95174031492,112108.95174031492,36031.12906866141,48102.91,30.58634,893.1994,113667.99327340552,23.846933096797265,3913.000811944847,False,False,3000.0,train
2023-07-11 11:00:00,23.614954872274932,31.31853322276194,122990.97445498646,122990.97445498646,39140.27841571042,49560.277,31.937128,1001.30194,127424.45432643412,23.85769011879061,4196.9157506016745,False,False,3000.0,train
2023-07-11 12:00:00,23.66620498250287,32.189649535568584,133240.99650057376,133240.99650057376,42068.856143021076,49899.992,33.621834,1104.7583,143967.6845680275,23.618321182246667,4469.658469460426,False,False,3000.0,train
2023-07-11 13:00:00,23.673783545881303,33.06196852221114,134756.7091762606,134756.7091762606,42501.91690750303,49972.953,33.780163,1063.6593,133305.61904598915,23.587111781625506,4510.3695637069195,False,False,3000.0,train
2023-07-11 14:00:00,23.687961374709566,33.836472556314554,137592.27494191323,137592.27494191323,43312.078554832355,49972.953,35.070103,990.4536,139467.24156422916,23.166316735953288,4586.771273054929,False,False,3000.0,train
2023-07-11 15:00:00,23.660086681674038,34.40573169660772,132017.33633480757,132017.33633480757,41719.23895280216,49899.992,35.293762,748.36804,138466.2736951593,23.34321318387448,4436.859180055631,False,False,3000.0,train
2023-07-11 16:00:00,23.6121835188921,34.67929040910915,122436.7037784198,122436.7037784198,38981.9153652628,49560.277,34.481144,507.252,127255.02793271499,23.70769128686452,4182.304602597958,False,False,3000.0,train
2023-07-11 17:00:00,23.558532387984595,34.655272210000646,111706.47759691902,111706.47759691902,35916.13645626258,48102.91,34.21411,241.25124,113238.48047171246,23.517167731301925,3902.6277587543336,False,False,3000.0,train
2023-07-11 18:00:00,23.484076249122104,34.38469257284891,96815.24982442084,96815.24982442084,31661.499949834524,42702.97,32.863003,71.31604,99343.32938082847,23.506554372691973,3526.4533654521106,False,False,3000.0,train
2023-07-11 19:00:00,23.40855804394382,33.992778275356855,81711.60878876406,81711.60878876406,27346.173939646873,29999.998,32.890987,10.959385,80361.82688305867,23.72033412683404,3163.7174826085884,False,False,3000.0,train
2023-07-11 20:00:00,23.306052339913894,33.57313076493798,61210.46798277874,61210.46798277874,21488.705137936784,17297.02,30.22392,9.725752,63563.790115106174,22.949855407195212,2715.151791632229,False,False,3000.0,train
2023-07-11 21:00:00,23.251417092273087,33.15214939894399,50283.41845461739,50283.41845461739,18366.69098703354,11897.035,28.771433,3.1429064,52616.088285234044,23.180563001603293,2505.1107668791697,False,False,3000.0,train
2023-07-11 22:00:00,23.216199472113225,32.74252880953885,43239.89442264491,43239.89442264491,16354.255549327117,10439.478,26.973413,17.185072,46793.351581675925,23.27281276113659,2383.8455534520963,False,False,3000.0,train
2023-07-11 23:00:00,23.192466888882187,32.34491286364008,38493.377776437395,38493.377776437395,14998.10793612497,10098.905,25.814213,10.268557,40210.87651134775,22.981218907609833,2309.451475865118,False,False,3000.0,train
2023-07-12 00:00:00,23.17265248998268,31.95482309333687,34530.49799653627,34530.49799653627,13865.856570438935,10000.246,24.718752,12.42647,38592.57189532963,23.602095624160906,2252.3587109294817,False,False,3000.0,train
2023-07-12 01:00:00,23.157321087176378,31.570566025722268,31464.217435275543,31464.217435275543,12989.776410078726,10001.102,24.074707,0.0,36703.89914858663,23.429897127660322,2211.5599202673366,False,False,3000.0,train
2023-07-12 02:00:00,23.141326765797565,31.204248575712523,28265.35315951304,28265.35315951304,12075.815188432298,10004.936,22.923994,24.414097,31602.99764997628,23.228366763924193,2172.334497794664,False,False,3000.0,train
2023-07-12 03:00:00,23.136238953560078,30.86236156341659,27247.79071201553,27247.79071201553,11785.083060575866,10022.111,22.889435,21.824917,31007.796058062162,23.674508487358654,2160.6012794630155,False,False,3000.0,train
2023-07-12 04:00:00,23.127887296644673,30.52889323292174,25577.459328934536,25577.459328934536,11307.845522552725,10098.905,22.601593,13.894058,28691.325798194186,22.67821871276163,2142.1451358745444,False,False,3000.0,train
2023-07-12 05:00:00,23.134715289718653,30.200192599932436,26943.05794373051,26943.05794373051,11698.016555351574,10439.478,23.43663,0.0,29943.239993058596,23.132397405386946,2157.15913511806,False,False,3000.0,train
2023-07-12 06:00:00,23.170396681353818,29.890276245409733,34079.336270763604,34079.336270763604,13736.953220218173,11897.035,25.823425,0.8824542,35458.597253993365,23.280297772034036,2246.165854203604,False,False,3000.0,train
2023-07-12 07:00:00,23.22004924851422,29.669947167673843,44009.8497028437,44009.8497028437,16574.242772241058,17297.02,26.380241,116.3438,47768.326083524895,22.94568273447604,2396.4933097716344,False,False,3000.0,train
2023-07-12 08:00:00,23.328465254109165,29.66626398209969,65693.05082183305,65693.05082183305,22769.4430919523,29999.998,27.098259,361.76025,68419.88468786223,23.418679616654483,2807.849574612562,False,False,3000.0,train
2023-07-12 09:00:00,23.460738660012613,29.979011994305672,92147.73200252253,92147.73200252253,30327.923429292154,42702.97,28.428785,669.02106,102289.72658114717,23.12876391187625,3412.0498328552944,False,False,3000.0,train
2023-07-12 10:00:00,23.54989800909792,30.565369384203553,109979.6018195839,109979.6018195839,35422.74337702397,48102.91,30.126425,859.2693,119049.9715541649,23.757065204580197,3858.232954961999,False,False,3000.0,train
2023-07-12 11:00:00,23.61742910864868,31.332129545605476,123485.82172973579,123485.82172973579,39281.66335135308,49560.277,31.955067,1018.99585,128110.22532979384,23.93477953908735,4209.973082032862,False,False,3000.0,train
2023-07-12 12:00:00,23.66257578562305,32.215745994997974,132515.1571246103,132515.1571246103,41861.47346417437,49899.992,33.220276,1113.1405,132119.40334725787,23.74427580596155,4450.195521657913,False,False,3000.0,train
2023-07-12 13:00:00,23.677432036175478,33.09886753725493,135486.40723509563,135486.40723509563,42710.40206717018,49972.953,33.862152,1078.775,133447.18205257595,23.121592691655994,4530.001091713639,False,False,3000.0,train
2023-07-12 14:00:00,23.668782787805213,33.84629935002575,133756.55756104266,133756.55756104266,42216.159303155044,49972.953,34.244667,934.6278,142097.0420459217,23.378744731455402,4483.495848277599,False,False,3000.0,train
2023-07-12 15:00:00,23.66405312119215,34.38944224549027,132810.62423843011,132810.62423843011,41945.892639551465,49899.992,35.532696,761.02454,136981.99068790366,23.8334661221561,4458.115714014311,False,False,3000.0,train
2023-07-12 16:00:00,23.61602575616513,34.664521522067055,123205.15123302584,123205.15123302584,39201.47178086453,49560.277,34.939972,491.92267,128222.98542540256,23.62238534921884,4202.565687924162,False,False,3000.0,train
2023-07-12 17:00:00,23.557078075253497,34.63810070798106,111415.6150506993,111415.6150506993,35833.03287162837,48102.91,34.010067,249.32346,107620.21292878366,22.74887728994575,3895.1373980147414,False,False,3000.0,train
2023-07-12 18:00:00,23.4875875196633,34.37400242221734,97517.50393266008,97517.50393266008,31862.14398076002,42702.97,33.11812,73.213486,103804.1838170096,23.860436634823774,3543.825223671554,False,False,3000.0,train
2023-07-12 19:00:00,23.392611938057232,33.977593900537215,78522.38761144648,78522.38761144648,26434.96788898471,29999.998,31.751932,5.5292506,82926.62651609395,23.43360888993338,3090.1761795376683,False,False,3000.0,train
2023-07-12 20:00:00,23.296043661654338,33.55843022827457,59208.73233086752,59208.73233086752,20916.78066596215,17297.02,29.34224,27.058577,59238.43785257387,23.050321262454325,2674.9030983954326,False,False,3000.0,train
2023-07-12 21:00:00,23.255304684376735,33.14983291985892,51060.9368753471,51060.9368753471,18588.839107242027,11897.035,29.010008,10.966291,52873.05953526662,23.553791363646734,2519.2255451089254,False,False,3000.0,train
2023-07-12 22:00:00,23.21389095206687,32.73586759216046,42778.190413373806,42778.190413373806,16222.340118106802,10439.478,26.98261,0.0,46404.87129037668,23.0106289481948,2376.3367222551983,False,False,3000.0,train
2023-07-12 23:00:00,23.187201954779812,32.32252249161083,37440.3909559625,37440.3909559625,14697.254558846429,10098.905,25.56267,0.0,40560.74028326659,22.98066631949855,2293.8187782477034,False,False,3000.0,train
2023-07-13 00:00:00,23.167216868978006,31.920227400921576,33443.37379560116,33443.37379560116,13555.249655886046,10000.246,24.47461,1.9265727,35789.627247602235,23.274722664282216,2237.54627343192,False,False,3000.0,train
2023-07-13 01:00:00,23.156579360750232,31.53089717657866,31315.87215004643,31315.87215004643,12947.39204287041,10001.102,24.070122,0.0,34087.19783865461,23.69089089852292,2209.664106525299,False,False,3000.0,train
2023-07-13 02:00:00,23.13565674619045,31.15713342221215,27131.349238089795,27131.349238089795,11751.814068025655,10004.936,22.709587,9.219221,29587.259000801834,23.622732899582314,2159.282079843038,False,False,3000.0,train
2023-07-13 03:00:00,23.130200595455953,30.81125283207789,26040.11909119066,26040.11909119066,11440.034026054474,10022.111,22.399641,30.152218,29367.69460917714,23.238114045127187,2147.156031138644,False,False,3000.0,train
2023-07-13 04:00:00,23.136049992813167,30.478078681490018,27209.99856263333,27209.99856263333,11774.285303609522,10098.905,23.43374,0.0,33388.67518944331,23.274765690468264,2160.172590234553,False,False,3000.0,train
2023-07-13 05:00:00,23.14307117193073,30.149048564587265,28614.234386145654,28614.234386145654,12175.495538898758,10439.478,24.078949,0.0,26028.052813029513,23.380520851556177,2176.4413542649736,False,False,3000.0,train
2023-07-13 06:00:00,23.156632007677008,29.859522642468797,31326.401535401517,31326.401535401517,12950.400438686147,11897.035,24.34714,38.367256,33803.01019335327,22.7795369050662,2209.798427423073,False,False,3000.0,train
2023-07-13 07:00:00,23.22296772512826,29.67738978754062,44593.54502565205,44593.54502565205,16741.012864472013,17297.02,26.198313,155.40228,48018.26655079121,23.416212226273856,2406.1849122956805,False,False,3000.0,train
2023-07-13 08:00:00,23.33499145833232,29.706493020912895,66998.29166646367,66998.29166646367,23142.36904756105,29999.998,27.303787,382.3884,70837.5739457018,23.11476941788926,2835.470680081542,False,False,3000.0,train
2023-07-13 09:00:00,23.466954742112463,30.019813334529363,93390.94842249267,93390.94842249267,30683.12812071219,42702.97,29.09387,647.614,95110.69319015423,23.56249816215144,3442.336753213929,False,False,3000.0,train
2023-07-13 10:00:00,23.549876829436975,30.597122402034987,109975.36588739508,109975.36588739508,35421.53311068431,48102.91,30.021885,864.03973,106197.71491793926,23.481636541154774,3858.124284138573,False,False,3000.0,train
2023-07-13 11:00:00,23.629119450264234,31.388977860511282,125823.89005284682,125823.89005284682,39949.68287224195,49560.277,32.30651,1060.1981,130225.02925819845,23.779481948398498,4271.8246894304775,False,False,3000.0,train
2023-07-13 12:00:00,23.67212127980215,32.302016603342715,134424.25596042967,134424.25596042967,42406.93027440848,49899.992,33.6973,1124.6864,145199.8059656658,23.707552319304085,4501.432275561146,False,False,3000.0,train
2023-07-13 13:00:00,23.678991078642404,33.16548178959356,135798.2157284809,135798.2157284809,42799.490208137395,49972.953,34.424335,1032.8312,131836.94499301614,22.757081997396014,4538.396176573298,False,False,3000.0,train
2023-07-13 14:00:00,23.684687673519782,33.90876230808061,136937.53470395648,136937.53470395648,43125.009915416136,49972.953,34.992245,969.848,143884.45362186394,23.73835518703134,4569.102709473443,False,False,3000.0,train
2023-07-13 15:00:00,23.637774796925452,34.46248794799084,127554.95938509042,127554.95938509042,40444.274110025835,49899.992,33.464443,758.34875,129136.45910924842,23.83042068261523,4317.781941849178,False,False,3000.0,train
2023-07-13 16:00:00,23.610856549504867,34.71308183616677,122171.30990097331,122171.30990097331,38906.08854313523,49560.277,34.87316,469.63257,124915.26150813737,23.7446350540064,4175.313888395421,False,False,3000.0,train
2023-07-13 17:00:00,23.56256776429064,34.68437828951989,112513.55285812821,112513.55285812821,36146.729388036634,48102.91,34.15933,270.62073,111382.57031057037,23.531791980428068,3923.4384943672726,False,False,3000.0,train
2023-07-13 18:00:00,23.48502274895251,34.416640270450465,97004.54979050193,97004.54979050193,31715.585654429124,42702.97,33.157177,48.293663,98823.5408403654,23.977671256531632,3531.132171422102,False,False,3000.0,train
2023-07-13 19:00:00,23.3914094506137,34.00147592700943,78281.8901227401,78281.8901227401,26366.254320782882,29999.998,31.721123,0.0,85292.11130100024,23.4848213893502,3084.6797060748263,False,False,3000.0,train
2023-07-13 20:00:00,23.30796725281434,33.56707770464962,61593.450562867954,61593.450562867954,21598.128732247988,17297.02,30.548414,0.0,66179.98321622101,23.43926924287227,2722.9355183361236,False,False,3000.0,train
2023-07-13 21:00:00,23.255837930596797,33.14161337574176,51167.5861193595,51167.5861193595,18619.310319817,11897.035,29.1382,0.0,58535.042125052016,23.56918549881197,2521.172283354286,False,False,3000.0,train
2023-07-13 22:00:00,23.218166753808735,32.72367453204901,43633.35076174692,43633.35076174692,16466.671646213406,10439.478,27.314924,0.22755897,49447.70566155655,23.326944653717714,2390.289181004649,False,False,3000.0,train
2023-07-13 23:00:00,23.192326871345603,32.319917982922895,38465.37426912064,38465.37426912064,14990.10693403447,10098.905,25.788025,12.555522,42479.239246554236,22.92292154532134,2309.0315103733806,False,False,3000.0,train
2023-07-14 00:00:00,23.178081893563803,31.929732543563325,35616.37871276062,35616.37871276062,14176.108203645892,10000.246,25.230751,5.0170646,42570.795450351856,22.446580669429917,2267.525918120829,False,False,3000.0,train
2023-07-14 01:00:00,23.147566321536704,31.541772444383763,29513.264307340847,29513.264307340847,12432.361230668814,10001.102,23.343191,0.0,33473.438739813195,23.00443005093128,2187.2195804416765,False,False,3000.0,train
2023-07-14 02:00:00,23.145646598308254,31.162920830885984,29129.319661650756,29129.319661650756,12322.662760471645,10004.936,23.597998,0.0,33936.47200876775,23.37393025607259,2182.58230945721,False,False,3000.0,train
2023-07-14 03:00:00,23.13466248479234,30.800106222831197,26932.496958468022,26932.496958468022,11694.999130990864,10022.111,23.052216,0.0,29292.781418819337,23.028733585367,2157.0404384656536,False,False,3000.0,train
2023-07-14 04:00:00,23.130230821705172,30.457403035793238,26046.164341034484,26046.164341034484,11441.761240295567,10098.905,22.864214,11.275867,29189.052982279507,23.37058433338969,2147.2220214016434,False,False,3000.0,train
2023-07-14 05:00:00,23.137150966780062,30.13216062120593,27430.193356012467,27430.193356012467,11837.198101717848,10439.478,23.669346,0.0,28921.89054736619,23.181769419556144,2162.677497176453,False,False,3000.0,train
2023-07-14 06:00:00,23.150412312961013,29.82063418936758,30082.462592202573,30082.462592202573,12594.989312057878,11897.035,24.370853,0.0,35253.79536270037,23.536832134039667,2194.1875717563757,False,False,3000.0,train
2023-07-14 07:00:00,23.21992888600515,29.60929482924205,43985.777201029916,43985.777201029916,16567.364914579975,17297.02,26.251516,137.34677,44162.44916961156,23.131363873868953,2396.0955190435916,False,False,3000.0,train
2023-07-14 08:00:00,23.33553392496699,29.6254541046767,67106.78499339835,67106.78499339835,23173.367140970957,29999.998,27.567738,369.6012,72326.92221137998,23.475818372937297,2837.7788026791613,False,False,3000.0,train
2023-07-14 09:00:00,23.460691127688097,29.931386520053586,92138.22553761944,92138.22553761944,30325.207296462697,42702.97,28.758772,640.9189,94487.75868039402,23.612456647048706,3411.8187737186604,False,False,3000.0,train
2023-07-14 10:00:00,23.55459984972983,30.525781043816206,110919.96994596584,110919.96994596584,35691.41998456167,48102.91,30.093517,895.70984,118467.2024657119,24.005080411519188,3882.3853182718185,False,False,3000.0,train
2023-07-14 11:00:00,23.6198060044245,31.315890077472396,123961.20088490008,123961.20088490008,39417.48596711431,49560.277,32.102177,1020.9665,130131.76609692402,23.107814812524218,4222.527843880239,False,False,3000.0,train
2023-07-14 12:00:00,23.665613825176607,32.19564392855836,133122.76503532132,133122.76503532132,42035.07572437752,49899.992,33.607086,1099.6777,144254.656898594,23.528091342810658,4466.486708094454,False,False,3000.0,train
2023-07-14 13:00:00,23.67955746943672,33.069858129822116,135911.49388734394,135911.49388734394,42831.85539638398,49972.953,34.13211,1070.4954,142230.26840803068,23.934112301053272,4541.446988969547,False,False,3000.0,train
2023-07-14 14:00:00,23.67405148981215,33.80398606711104,134810.29796243008,134810.29796243008,42517.22798926574,49972.953,34.944386,910.7195,130717.55009028505,24.137820433745745,4511.81058922549,False,False,3000.0,train
2023-07-14 15:00:00,23.65634821007276,34.34269789735777,131269.64201455208,131269.64201455208,41505.61200415774,49899.992,34.83108,773.2805,133973.92002092165,23.728369663865383,4416.84808694682,False,False,3000.0,train
2023-07-14 16:00:00,23.615607269726983,34.631568177757515,123121.45394539656,123121.45394539656,39177.5582701133,49560.277,34.804073,505.87912,121198.60473671983,23.527796020400537,4200.357506149395,False,False,3000.0,train
2023-07-14 17:00:00,23.559415722608446,34.62087113704854,111883.1445216891,111883.1445216891,35966.612720482604,48102.91,34.06113,261.55646,112858.13197521404,23.78655123321078,3907.179830165877,False,False,3000.0,train
2023-07-14 18:00:00,23.486835675019755,34.35222895838175,97367.13500395097,97367.13500395097,31819.18142970028,42702.97,33.341747,49.932583,105717.03799741002,23.74744647758926,3540.102128610113,False,False,3000.0,train
2023-07-14 19:00:00,23.38914011140697,33.94996065502623,77828.02228139402,77828.02228139402,26236.577794684006,29999.998,31.377583,17.17774,82788.00911357455,23.281241607806777,3074.3260964006154,False,False,3000.0,train
2023-07-14 20:00:00,23.310655483830466,33.5270078734968,62131.09676609321,62131.09676609321,21751.741933169487,17297.02,30.792082,0.0,63220.28618168964,23.40974767748373,2733.9067041180965,False,False,3000.0,train
2023-07-14 21:00:00,23.254486047857238,33.11125725052839,50897.20957144763,50897.20957144763,18542.059877556465,11897.035,28.889519,14.187728,51346.45144945722,23.60864422658083,2516.2419096628755,False,False,3000.0,train
2023-07-14 22:00:00,23.221285334712185,32.70240677959045,44257.066942437006,44257.066942437006,16644.876269267716,10439.478,27.57202,0.0,47335.76321684291,23.78842303269452,2400.587256675461,False,False,3000.0,train
2023-07-14 23:00:00,23.194904150087535,32.30719754213823,38980.830017506916,38980.830017506916,15137.380005001976,10098.905,25.845367,24.433426,39162.3054698508,23.41768563785812,2316.7983507349945,False,False,3000.0,train
2023-07-15 00:00:00,23.1725917803275,31.92031103078581,34518.3560655002,34518.3560655002,13862.387447285771,10000.037,24.873655,0.0,36006.81983676155,23.18583344932718,2252.1912030105677,False,False,3000.0,train
2023-07-15 01:00:00,23.14965977935018,31.53676248773816,29931.95587003612,29931.95587003612,12551.987391438892,10000.165,23.362974,14.1334095,33615.98494363191,23.13343722653881,2192.3343230413584,False,False,3000.0,train
2023-07-15 02:00:00,23.147524016685725,31.16924622696112,29504.80333714509,29504.80333714509,12429.943810612884,10000.74,23.668259,5.404358,35031.605748394555,23.31474298384381,2187.116841407255,False,False,3000.0,train
2023-07-15 03:00:00,23.12737980496557,30.816138355318582,25475.9609931142,25475.9609931142,11278.84599803263,10003.316,22.306734,16.67636,29779.35358551169,23.092677952221734,2141.0563116532944,False,False,3000.0,train
2023-07-15 04:00:00,23.12671179406338,30.472753846101206,25342.358812675768,25342.358812675768,11240.67394647879,10014.836,22.776901,0.0,23439.8496659792,23.183603943770095,2139.6288545379466,False,False,3000.0,train
2023-07-15 05:00:00,23.138223999302863,30.141013766758544,27644.799860572533,27644.799860572533,11898.514245877866,10065.922,23.886265,0.0,31303.79505163968,22.8208611199436,2165.135437656961,False,False,3000.0,train
2023-07-15 06:00:00,23.155781019114425,29.83290605833432,31156.203822884974,31156.203822884974,12901.77252082428,10284.556,25.330648,0.0,34315.22742930883,23.54489817806177,2207.6317928920657,False,False,3000.0,train
2023-07-15 07:00:00,23.18860642562844,29.619924962920674,37721.28512568784,37721.28512568784,14777.510035910813,11094.553,26.099401,131.75629,41672.38715398852,22.846551007483836,2297.9568787033613,False,False,3000.0,train
2023-07-15 08:00:00,23.2515794927551,29.627748804789796,50315.8985510197,50315.8985510197,18375.97101457706,13000.0,27.336073,367.19434,57365.6313422689,23.121945964619194,2505.6976438303277,False,False,3000.0,train
2023-07-15 09:00:00,23.31758259274472,29.907465397338434,63516.518548944136,63516.518548944136,22147.576728269752,14905.445,28.418116,607.53296,60817.006892039775,23.346860571000263,2762.4107796851154,False,False,3000.0,train
2023-07-15 10:00:00,23.39479714809756,30.454690010444182,78959.42961951192,78959.42961951192,26559.837034146265,15715.437,30.464556,852.2464,80126.90104496904,23.99209321206415,3100.182635467593,False,False,3000.0,train
2023-07-15 11:00:00,23.44832141858271,31.200765902463047,89664.28371654231,89664.28371654231,29618.366776154948,15934.041,31.9802,989.0146,94644.98508656053,23.321516523127013,3351.971866970326,False,False,3000.0,train
2023-07-15 12:00:00,23.501722785751067,32.0597096266987,100344.55715021338,100344.55715021338,32669.873471489536,15984.999,33.90702,1095.1356,97628.42748677073,23.30191804156295,3614.1564900686294,False,False,3000.0,train
2023-07-15 13:00:00,23.517014999885564,32.934670899163486,103402.99997711284,103402.99997711284,33543.714279175096,15995.943,34.433155,1073.2834,111850.62421694191,23.351769924685428,3690.929742468707,False,False,3000.0,train
2023-07-15 14:00:00,23.509617586629428,33.71328328403425,101923.51732588562,101923.51732588562,33121.00495025303,15995.943,34.17207,991.118,106269.38386557724,24.00728673691282,3653.705385724483,False,False,3000.0,train
2023-07-15 15:00:00,23.504450806685014,34.29821777706608,100890.16133700284,100890.16133700284,32825.76038200081,15984.999,35.798862,779.83954,106961.39981170442,22.66074670863321,3627.8012885418375,False,False,3000.0,train
2023-07-15 16:00:00,23.452159009939,34.598535670536315,90431.80198779979,90431.80198779979,29837.65771079994,15934.041,34.6257,523.0207,91507.4491253284,23.151337606294422,3370.4776708479417,False,False,3000.0,train
2023-07-15 17:00:00,23.39798518740371,34.59153811046767,79597.03748074177,79597.03748074177,26742.010708783364,15715.437,33.83252,262.4014,85131.76697525202,24.217371800151575,3114.822553234702,False,False,3000.0,train
2023-07-15 18:00:00,23.355922992515236,34.31892325726443,71184.59850304716,71184.59850304716,24338.45671515633,14905.445,33.82072,48.48332,77310.77215281634,23.533187614562728,2925.8370353859464,False,False,3000.0,train
2023-07-15 19:00:00,23.308754017817204,33.90706456542122,61750.80356344082,61750.80356344082,21643.086732411663,13000.0,31.968248,0.0,65385.66191693634,22.976958533015438,2726.1411494377157,False,False,3000.0,train
2023-07-15 20:00:00,23.272287200224874,33.474926660176955,54457.440044974705,54457.440044974705,19559.268584278485,11094.553,30.394104,0.0,58062.76878899067,23.259711805572444,2582.4506769010736,False,False,3000.0,train
2023-07-15 21:00:00,23.24499574151921,33.052079408919845,48999.14830384233,48999.14830384233,17999.756658240665,10284.556,29.075666,0.0,52670.167501550546,23.26523211133957,2482.100900658904,False,False,3000.0,train
2023-07-15 22:00:00,23.221122623556457,32.63918517073876,44224.52471129148,44224.52471129148,16635.578488940424,10065.922,27.773193,0.0,45152.45511646232,23.47496019732814,2400.0474427280947,False,False,3000.0,train
2023-07-15 23:00:00,23.200164079127873,32.245744123450045,40032.81582557463,40032.81582557463,15437.94737873561,10014.836,26.385487,18.044004,42688.64802353491,23.752014679974643,2332.887418764982,False,False,3000.0,train
2023-07-16 00:00:00,23.163392067535867,31.857636080179727,32678.413507173333,32678.413507173333,13336.689573478096,10000.037,24.200613,0.0,35338.69234810283,23.27995757191963,2227.3506321213163,False,False,3000.0,train
2023-07-16 01:00:00,23.162777517422846,31.47092653909189,32555.503484569213,32555.503484569213,13301.572424162632,10000.165,24.596575,0.0,36408.83477000801,23.00084102651896,2225.7301557961646,False,False,3000.0,train
2023-07-16 02:00:00,23.145407323868145,31.099458650196073,29081.46477362905,29081.46477362905,12308.989935322586,10000.74,23.576523,0.0,34263.089169463325,23.38153265649761,2182.007890462783,False,False,3000.0,train
2023-07-16 03:00:00,23.13550125525168,30.75413467973031,27100.2510503358,27100.2510503358,11742.928871524513,10003.316,22.841654,27.609144,27814.9451336466,22.92602544619282,2158.930579312847,False,False,3000.0,train
2023-07-16 04:00:00,23.130917613558665,30.4326260908126,26183.522711733076,26183.522711733076,11481.006489066593,10014.836,22.870316,19.55681,28914.912681610676,22.820916364761956,2148.725011590887,False,False,3000.0,train
2023-07-16 05:00:00,23.1318016405438,30.112154128796973,26360.328108759746,26360.328108759746,11531.522316788498,10065.922,23.409576,0.0,32546.44968412546,22.603828978956866,2150.669711555292,False,False,3000.0,train
2023-07-16 06:00:00,23.14951279035615,29.806801743765497,29902.558071230345,29902.558071230345,12543.588020351528,10284.556,24.800045,8.727318,31272.632572703664,22.67997427200603,2191.9732391803905,False,False,3000.0,train
2023-07-16 07:00:00,23.183704636601963,29.598559952052558,36740.927320392555,36740.927320392555,14497.407805826444,11094.553,25.734127,134.9922,37863.223281217535,22.91477108976468,2283.6169044579547,False,False,3000.0,train
2023-07-16 08:00:00,23.251158509858328,29.616707996386086,50231.70197166564,50231.70197166564,18351.914849047327,13000.0,27.13447,384.24323,53738.31244572557,22.89782157954807,2504.1768097866443,False,False,3000.0,train
2023-07-16 09:00:00,23.333456825485218,29.92253919308318,66691.36509704358,66691.36509704358,23054.675742012452,14905.445,29.317837,632.3086,72080.08951563433,23.427427783697635,2828.951106091522,False,False,3000.0,train
2023-07-16 10:00:00,23.398348443940023,30.484332982362215,79669.68878800458,79669.68878800458,26762.768225144166,15715.437,30.692076,848.23956,82705.29801890533,23.03852789619281,3116.493763898743,False,False,3000.0,train
2023-07-16 11:00:00,23.450472649040684,31.24014248161153,90094.52980813677,90094.52980813677,29741.29423089622,15934.041,31.835506,1012.2521,97562.94549887501,22.50737275843326,3362.3387502175206,False,False,3000.0,train
2023-07-16 12:00:00,23.494264542795737,32.097643758443326,98852.90855914733,98852.90855914733,32243.68815975638,15984.999,33.529675,1075.9987,104917.63414011497,23.181091010418896,3576.9690769620624,False,False,3000.0,train
2023-07-16 13:00:00,23.520269656036245,32.9574561584225,104053.93120724896,104053.93120724896,33729.69463064256,15995.943,34.73644,1068.5072,110174.85902178158,23.37871176171982,3707.3573525780607,False,False,3000.0,train
2023-07-16 14:00:00,23.50961840012779,33.72427352625941,101923.68002555767,101923.68002555767,33121.05143587362,15995.943,34.35109,973.6667,106948.26073421612,23.3279835537662,3653.7094705185627,False,False,3000.0,train
2023-07-16 15:00:00,23.47973472863787,34.25804028756272,95946.94572757377,95946.94572757377,31413.413065021075,15984.999,34.752018,711.6327,107105.43949261827,23.935592132430624,3505.029922126912,False,False,3000.0,train
2023-07-16 16:00:00,23.45475426295666,34.51193936788977,90950.85259133171,90950.85259133171,29985.957883237632,15934.041,35.16594,507.03717,,23.270691495169913,3383.024065592962,True,False,3000.0,train
2023-07-16 17:00:00,23.40479711246962,34.500432589190225,80959.42249392394,80959.42249392394,27131.263569692554,15715.437,34.477062,255.86913,77655.80984660464,23.669074151429378,3146.2652910227885,False,False,3000.0,train
2023-07-16 18:00:00,23.34693203179931,34.22235433945975,69386.40635986175,69386.40635986175,23824.68753138907,14905.445,33.326653,36.84501,77017.40441280369,23.341237251895052,2886.698122211998,False,False,3000.0,train
2023-07-16 19:00:00,23.3137586894045,33.808402209585374,62751.73788090029,62751.73788090029,21929.067965971513,13000.0,32.4583,0.0,64494.60471074214,23.30106727170272,2746.6347675593665,False,False,3000.0,train
2023-07-16 20:00:00,23.2678801025494,33.381410968201585,53576.02050988035,53576.02050988035,19307.434431394388,11094.553,30.110964,0.0,56852.82060252362,23.01726601589499,2565.8041578241327,False,False,3000.0,train
2023-07-16 21:00:00,23.234849816955503,32.95949763714531,46969.96339110058,46969.96339110058,17419.98954031445,10284.556,28.401678,0.0,53173.83199019487,23.217215021481273,2446.540356271524,False,False,3000.0,train
2023-07-16 22:00:00,23.2125143552512,32.55248443376976,42502.87105024029,42502.87105024029,16143.677442925797,10065.922,27.093817,11.336669,41702.49358811335,22.982985517181977,2371.886304771377,False,False,3000.0,train
2023-07-16 23:00:00,23.192997873497212,32.16119851007791,38599.574699442484,38599.574699442484,15028.449914126424,10014.836,26.04235,10.033008,38706.9601854409,23.244005167773583,2311.046180905967,False,False,3000.0,train
2023-07-17 00:00:00,23.16518998489054,31.772105167879143,33037.996978107745,33037.996978107745,13439.427708030784,10000.246,24.43596,0.0,32463.752962127895,23.094315095103433,2232.1196921072383,False,False,3000.0,train
2023-07-17 01:00:00,23.15068088760459,31.393199148416453,30136.177520918038,30136.177520918038,12610.336434548011,10001.102,23.605997,11.720173,31393.166805711164,22.86729250764711,2194.850855073086,False,False,3000.0,train
2023-07-17 02:00:00,23.13389542590012,31.025691825198454,26779.085180024253,26779.085180024253,11651.167194292644,10004.936,22.811481,0.0,30726.64307202691,23.4314637278103,2155.320733155763,False,False,3000.0,train
2023-07-17 03:00:00,23.128770932858323,30.665773655430986,25754.18657166466,25754.18657166466,11358.339020475618,10022.111,22.748865,0.79892474,29878.07150515207,23.25682307686475,2144.049979214874,False,False,3000.0,train
2023-07-17 04:00:00,23.129457246628725,30.334472950553266,25891.449325744987,25891.449325744987,11397.556950212853,10098.905,22.799566,22.323298,29484.20589074161,22.99503842638605,2145.5373297542174,False,False,3000.0,train
2023-07-17 05:00:00,23.13969968295024,30.021574709856374,27939.93659004812,27939.93659004812,11982.839025728033,10439.478,23.94787,0.0,27876.293898742857,23.183347597060834,2168.542379339246,False,False,3000.0,train
2023-07-17 06:00:00,23.158771932332645,29.71837217936424,31754.38646652893,31754.38646652893,13072.681847579694,11897.035,25.072353,0.0,29636.838900067763,23.133625175882056,2215.289361207494,False,False,3000.0,train
2023-07-17 07:00:00,23.209049593119495,29.497080949153272,41809.91862389902,41809.91862389902,15945.691035399721,17297.02,25.80486,109.75582,44938.23525279301,22.948772311940512,2360.7757974452707,False,False,3000.0,train
2023-07-17 08:00:00,23.330203891427065,29.498296353820013,66040.77828541293,66040.77828541293,22868.793795832265,29999.998,27.361216,365.0044,67712.64320054727,23.351352760133413,2815.1813364131203,False,False,3000.0,train
2023-07-17 09:00:00,23.458175362766067,29.803021297860674,91635.07255321335,91635.07255321335,30181.4493009181,42702.97,28.764624,634.2787,96196.80094364105,23.271871836323854,3399.601133905183,False,False,3000.0,train
2023-07-17 10:00:00,23.55420151470908,30.374126594148827,110840.3029418163,110840.3029418163,35668.65798337609,48102.91,30.762451,846.1226,116564.11959227177,23.270721364023053,3880.337031832448,False,False,3000.0,train
2023-07-17 11:00:00,23.622072026902853,31.16316903129953,124414.40538057052,124414.40538057052,39546.97296587729,49560.277,32.032658,1052.065,127999.7896973166,23.135241827822895,4234.507036194514,False,False,3000.0,train
2023-07-17 12:00:00,23.669966377981037,32.07483265069342,133993.27559620744,133993.27559620744,42283.79302748784,49899.992,33.877342,1112.6467,140406.16125362358,23.562384171919447,4489.852794301956,False,False,3000.0,train
2023-07-17 13:00:00,23.674415908443773,32.96390625176832,134883.18168875467,134883.18168875467,42538.05191107276,49972.953,33.755,1075.2489,138917.78926064828,23.84450710631889,4513.770644620021,False,False,3000.0,train
2023-07-17 14:00:00,23.68180009533679,33.736232470873766,136360.019067358,136360.019067358,42960.00544781657,49972.953,34.93759,968.19464,141773.68541290902,23.473402289323133,4553.531521802085,False,False,3000.0,train
2023-07-17 15:00:00,23.66055495178821,34.30928071332349,132110.99035764206,132110.99035764206,41745.99724504059,49899.992,35.174633,770.559,131982.68688777747,24.416767559435602,4439.367341857316,False,False,3000.0,train
2023-07-17 16:00:00,23.615954736090746,34.607778962770034,123190.9472181492,123190.9472181492,39197.41349089977,49560.277,34.648415,521.9598,125436.18576580282,23.881660432186564,4202.190920086133,False,False,3000.0,train
2023-07-17 17:00:00,23.558572683915305,34.58819960389261,111714.53678306093,111714.53678306093,35918.43908087455,48102.91,34.4266,226.60971,115482.52149383226,23.949871723713446,3902.8353739029894,False,False,3000.0,train
2023-07-17 18:00:00,23.474989640448822,34.29239869682032,94997.92808976438,94997.92808976438,31142.26516850411,42702.97,32.66427,35.031338,100854.7515738004,23.71356254407095,3481.6871926141266,False,False,3000.0,train
2023-07-17 19:00:00,23.404656179293916,33.8780046477778,80931.23585878317,80931.23585878317,27123.21024536662,29999.998,32.84456,0.50677127,82692.67867789892,23.96051567177549,3145.6125705285117,False,False,3000.0,train
2023-07-17 20:00:00,23.300364611467618,33.45144897171659,60072.92229352359,60072.92229352359,21163.692083863883,17297.02,30.013134,0.0,64476.002928660375,23.064264016425856,2692.188773766682,False,False,3000.0,train
2023-07-17 21:00:00,23.26355275053218,33.052156925010024,52710.55010643622,52710.55010643622,19060.157173267493,11897.035,29.36496,39.40076,55032.76221940638,22.495331534834595,2549.6199487905665,False,False,3000.0,train
2023-07-17 22:00:00,23.21369062975527,32.659490942505975,42738.125951053975,42738.125951053975,16210.893128872563,10439.478,26.995674,0.0,45458.88245454112,23.079852947249407,2375.687830677115,False,False,3000.0,train
2023-07-17 23:00:00,23.198987715556413,32.254945761103514,39797.543111282605,39797.543111282605,15370.726603223602,10098.905,26.45739,4.0574784,44729.7100322624,23.366453288220676,2329.261684295038,False,False,3000.0,train
2023-07-18 00:00:00,23.168610351449573,31.86033617331656,33722.07028991454,33722.07028991454,13634.877225689868,10000.246,24.602709,0.0,32255.00872654991,23.214065442973965,2241.3077035905053,False,False,3000.0,train
2023-07-18 01:00:00,23.153327443277576,31.472377467961294,30665.488655515106,30665.488655515106,12761.56818729003,10001.102,23.866476,0.0,30811.383526002475,23.23596922656791,2201.439296240842,False,False,3000.0,train
2023-07-18 02:00:00,23.144382114160074,31.111610477301905,28876.422832014727,28876.422832014727,12250.406523432779,10004.936,23.225042,25.893953,28645.917211913547,23.540655114961034,2179.5556923409804,False,False,3000.0,train
2023-07-18 03:00:00,23.1393669465859,30.76540907554096,27873.389317179688,27873.389317179688,11963.825519194197,10022.111,23.439552,0.0,25814.642815373543,23.25398421892465,2167.771493682939,False,False,3000.0,train
2023-07-18 04:00:00,23.131456972888802,30.421362499291092,26291.394577760486,26291.394577760486,11511.827022217281,10098.905,23.075085,2.4270341,27833.186968299266,23.371130851166107,2149.910157648255,False,False,3000.0,train
2023-07-18 05:00:00,23.124319463443978,30.09528493325404,24863.89268879563,24863.89268879563,11103.969339655894,10439.478,22.616234,9.473431,29463.61229243171,22.84245064088815,2134.5706462134135,False,False,3000.0,train
2023-07-18 06:00:00,23.150529484005467,29.787326973683324,30105.89680109348,30105.89680109348,12601.684800312423,11897.035,24.452595,0.0,32480.7253206102,22.821911377240657,2194.4768214720975,False,False,3000.0,train
2023-07-18 07:00:00,23.218990058855542,29.583358284909828,43798.01177110849,43798.01177110849,16513.717648888138,17297.02,26.072744,148.44598,47271.323034324625,23.70322423576289,2392.9979631399483,False,False,3000.0,train
2023-07-18 08:00:00,23.333066199081376,29.61117938177655,66613.23981627518,66613.23981627518,23032.35423322148,29999.998,27.270157,380.35522,72692.77790643541,23.363336659625496,2827.2939972593103,False,False,3000.0,train
2023-07-18 09:00:00,23.46501750498359,29.915001720050117,93003.50099671775,93003.50099671775,30572.42885620507,42702.97,29.307188,623.8566,100561.29222419634,,3432.883056249052,False,True,3000.0,train
2023-07-18 10:00:00,23.55837288619448,30.478395168884838,111674.57723889597,111674.57723889597,35907.02206825599,48102.91,30.958303,847.09595,114404.81443017937,23.371954538130346,3901.8060025246677,False,False,3000.0,train
2023-07-18 11:00:00,23.617844576141945,31.248830530353978,123568.91522838893,123568.91522838893,39305.40435096827,49560.277,31.940151,1025.586,132270.4447699474,23.423107639650468,4212.16679746288,False,False,3000.0,train
2023-07-18 12:00:00,23.65477677706886,32.139995758572255,130955.35541377217,130955.35541377217,41415.815832506334,49899.992,32.64604,1117.0459,134361.49058762763,23.44208907075511,4408.4435575827265,False,False,3000.0,train
2023-07-18 13:00:00,23.686597315160164,33.02424985215799,137319.46303203274,137319.46303203274,43234.1322948665,49972.953,34.749077,1068.9119,136484.67547313857,23.301652974379067,4579.407323515263,False,False,3000.0,train
2023-07-18 14:00:00,23.683350158678728,33.78243558324969,136670.03173574558,136670.03173574558,43048.58049592731,49972.953,35.228035,946.15295,136958.4435309874,23.233224038012576,4561.888623934689,False,False,3000.0,train
2023-07-18 15:00:00,23.64873611269497,34.312000535055574,129747.22253899387,129747.22253899387,41070.63501114111,49899.992,34.87958,718.2078,126268.13567452687,23.590234799398644,4376.174994321511,False,False,3000.0,train
2023-07-18 16:00:00,23.626964832004433,34.57935350288015,125392.96640088651,125392.96640088651,39826.56182882471,49560.277,35.63813,513.76953,124609.15590018613,23.449087070908313,4260.405663846163,False,False,3000.0,train
2023-07-18 17:00:00,23.555038271771224,34.56245794381638,111007.65435424478,111007.65435424478,35716.472672641365,48102.91,34.055862,233.45981,112616.88833966175,23.88718605740421,3884.6401883196763,False,False,3000.0,train
2023-07-18 18:00:00,23.48131438478018,34.28879998521194,96262.87695603608,96262.87695603608,31503.679130296023,42702.97,32.787052,67.43985,102085.72453701908,23.569237380760256,3512.8175773682938,False,False,3000.0,train
2023-07-18 19:00:00,23.39468133465542,33.89533087071936,78936.26693108401,78936.26693108401,26553.219123166862,29999.998,31.93691,10.531385,87270.05410575798,23.474276638678816,3099.6517245190325,False,False,3000.0,train
2023-07-18 20:00:00,23.316952203004554,33.48798237841865,63390.440600910835,63390.440600910835,22111.554457403097,17297.02,30.983307,25.474728,62575.891766792716,23.094016080738218,2759.803102328107,False,False,3000.0,train
2023-07-18 21:00:00,23.250229586597328,33.08462320732376,50045.91731946562,50045.91731946562,18298.83351984732,11897.035,28.624277,8.577512,54028.31076201523,23.213921061863335,2500.8267545578024,False,False,3000.0,train
2023-07-18 22:00:00,23.229461382129603,32.675205341459076,45892.276425920645,45892.276425920645,17112.07897883447,10439.478,28.226835,0.0,46365.769973097325,23.337761713219034,2428.063205931386,False,False,3000.0,train
2023-07-18 23:00:00,23.195957726010306,32.29534574568613,39191.54520206121,39191.54520206121,15197.584343446058,10098.905,25.640648,46.98389,43292.84034939795,23.41081644792411,2319.995580554559,False,False,3000.0,train
2023-07-19 00:00:00,23.180101917442563,31.935534359556566,36020.38348851266,36020.38348851266,14291.538139575046,10000.246,25.139128,24.923973,38722.3891549849,23.151934369487055,2273.2622426797934,False,False,3000.0,train
2023-07-19 01:00:00,23.1569547811516,31.560521674606402,31390.9562303202,31390.9562303202,12968.844637234342,10001.102,24.021633,0.41920006,30343.514168147365,23.480691914948864,2210.6227447822234,False,False,3000.0,train
2023-07-19 02:00:00,23.140211595385182,31.181822865576677,28042.31907703638,28042.31907703638,12012.091164867537,10004.936,23.142822,0.0,33056.47423921862,23.142608388057564,2169.7314334489615,False,False,3000.0,train
2023-07-19 03:00:00,23.139577508391348,30.81790746407337,27915.50167826955,27915.50167826955,11975.857622362728,10022.111,23.432213,0.0,29603.703351290984,23.37743164394665,2168.2591428504397,False,False,3000.0,train
2023-07-19 04:00:00,23.130357774680895,30.48593427683583,26071.554936179098,26071.554936179098,11449.01569605117,10098.905,22.604525,31.18073,27925.00453114464,22.98340211210415,2147.499331574095,False,False,3000.0,train
2023-07-19 05:00:00,23.146559113225077,30.17180479344642,29311.82264501544,29311.82264501544,12374.80647000441,10439.478,24.346876,0.0,29974.64872615397,22.602782603254486,2184.780229701733,False,False,3000.0,train
2023-07-19 06:00:00,23.15713045803527,29.86586049801417,31426.091607053764,31426.091607053764,12978.883316301075,11897.035,24.731886,6.833737,32979.42418556927,23.237638154440827,2211.0719821673474,False,False,3000.0,train
2023-07-19 07:00:00,23.217077368273138,29.664943975342958,43415.47365462759,43415.47365462759,16404.42104417931,17297.02,25.783026,153.55786,47436.72659351629,,2386.715948199554,False,True,3000.0,train
2023-07-19 08:00:00,23.339101239118538,29.689031425280653,67820.24782370754,67820.24782370754,23377.213663916442,29999.998,27.746756,374.04184,70280.33310832085,23.511705438660808,2853.00322701924,False,False,3000.0,train
2023-07-19 09:00:00,23.469150516346367,29.99330740896948,93830.10326927347,93830.10326927347,30808.600934078135,42702.97,29.42396,633.54083,97964.99555209637,23.5958065147776,3453.0681214783863,False,False,3000.0,train
2023-07-19 10:00:00,23.558673737225952,30.56052266504724,111734.74744519041,111734.74744519041,35924.213555768685,48102.91,30.860832,850.56934,116147.45730126015,23.454097647439458,3903.3560442235394,False,False,3000.0,train
2023-07-19 11:00:00,23.631514130661262,31.33666985230198,126302.82613225248,126302.82613225248,40086.521752072134,49560.277,32.7998,1034.3153,134961.23540275503,23.389490255227585,4284.526053146906,False,False,3000.0,train
2023-07-19 12:00:00,23.6700607855901,32.23504400349664,134012.15711801982,134012.15711801982,42289.187748005665,49899.992,33.67493,1116.8802,135472.92391669823,23.835579266303235,4490.359944356615,False,False,3000.0,train
2023-07-19 13:00:00,23.687607162973336,33.11809118262272,137521.4325946672,137521.4325946672,43291.83788419062,49972.953,34.709557,1068.5615,133750.24807465615,23.81554138783282,4584.858774335436,False,False,3000.0,train
2023-07-19 14:00:00,23.676816985637682,33.87353901057322,135363.39712753645,135363.39712753645,42675.25632215327,49972.953,34.57961,953.35016,143194.3824038899,23.508547258384535,4526.690220648683,False,False,3000.0,train
2023-07-19 15:00:00,23.654474947633,34.41179211533453,130894.98952659966,130894.98952659966,41398.56843617133,49899.992,35.04261,736.96,132434.17758767607,23.987302204390616,4406.829751062749,False,False,3000.0,train
2023-07-19 16:00:00,23.61810518234794,34.67631607276882,123621.03646958787,123621.03646958787,39320.29613416796,49560.277,35.02075,501.04343,131317.41965953665,23.35324552798366,4213.542997529948,False,False,3000.0,train
2023-07-19 17:00:00,23.563430375135738,34.66833892968654,112686.07502714758,112686.07502714758,36196.02143632788,48102.91,34.189056,272.69574,117191.93896159544,23.388373361498427,3927.8921006720057,False,False,3000.0,train
2023-07-19 18:00:00,23.488965333489574,34.40792587979044,97793.06669791481,97793.06669791481,31940.876199404232,42702.97,33.363297,56.602932,100327.44285544542,23.979892897192073,3550.6528279690388,False,False,3000.0,train
2023-07-19 19:00:00,23.397621618324855,34.00003144193683,79524.32366497106,79524.32366497106,26721.235332848875,29999.998,32.17044,0.0,83610.11552585664,23.65819619964503,3113.150534255285,False,False,3000.0,train
2023-07-19 20:00:00,23.312779667098436,33.5684202635803,62555.93341968719,62555.93341968719,21873.12383419634,17297.02,30.890612,0.0,70906.80378778068,23.20537687533113,2742.6119531219692,False,False,3000.0,train
2023-07-19 21:00:00,23.253707453889437,33.14345272232724,50741.490777887324,50741.490777887324,18497.56879368209,11897.035,28.959356,0.0,58961.79406632261,23.3399216667825,2513.409834811303,False,False,3000.0,train
2023-07-19 22:00:00,23.217938990770588,32.724672175634446,43587.79815411751,43587.79815411751,16453.656615462147,10439.478,27.307165,0.0,46753.587226115415,23.264376664127738,2389.5410716561623,False,False,3000.0,train
2023-07-19 23:00:00,23.192806676844384,32.32777297351806,38561.335368876826,38561.335368876826,15017.524391107665,10098.905,25.668674,25.903093,41931.451182289136,22.36912251735117,2310.471581060432,False,False,3000.0,train
2023-07-20 00:00:00,23.17139180272421,31.956096356339224,34278.360544841744,34278.360544841744,13793.817298526212,10000.246,24.399925,31.434195,39698.70607381297,22.899449617882194,2248.889815326208,False,False,3000.0,train
2023-07-20 01:00:00,23.16000202944067,31.581841403111465,32000.4058881338,32000.4058881338,13142.973110895371,10001.102,24.272087,0.0,33124.32954299575,23.144748044307885,2218.473209057251,False,False,3000.0,train
2023-07-20 02:00:00,23.14330011190324,31.211062650303067,28660.022380648086,28660.022380648086,12188.57782304231,10004.936,23.169895,14.630887,32385.111088877347,23.03631666893545,2176.9835081077954,False,False,3000.0,train
2023-07-20 03:00:00,23.139252157347897,30.856086765326612,27850.43146957946,27850.43146957946,11957.26613416556,10022.111,23.314037,4.497811,30794.373593731263,23.213382926797024,2167.5059122728057,False,False,3000.0,train
2023-07-20 04:00:00,23.126819048409434,30.50732711840521,25363.809681886807,25363.809681886807,11246.802766253373,10098.905,22.68476,0.0,29035.5285545473,23.46566374229381,2139.857602136431,False,False,3000.0,train
2023-07-20 05:00:00,23.1301985747303,30.175649644344503,26039.714946060143,26039.714946060143,11439.918556017183,10439.478,23.02784,8.622357,27250.345764355716,23.033737839334123,2147.151619943236,False,False,3000.0,train
2023-07-20 06:00:00,23.151222872042755,29.868956700573637,30244.574408551016,30244.574408551016,12641.306973871719,11897.035,24.336983,7.791685,29753.57843456656,22.833926433205896,2196.19235337867,False,False,3000.0,train
2023-07-20 07:00:00,23.225130285197395,29.666963159180884,45026.057039478925,45026.057039478925,16864.587725565405,17297.02,26.45791,149.22966,43023.070855418904,23.322585782750707,2413.423135562881,False,False,3000.0,train
2023-07-20 08:00:00,23.3361639795143,29.673391666531295,67232.79590285997,67232.79590285997,23209.370257959992,29999.998,27.873575,341.96857,67058.9088717464,23.23817697944396,2840.461927297048,False,False,3000.0,train
2023-07-20 09:00:00,23.46142927718299,29.94816999821899,92285.85543659804,92285.85543659804,30367.38726759944,42702.97,29.132074,612.0983,93719.29223958246,23.414610226936418,3415.407911552909,False,False,3000.0,train
2023-07-20 10:00:00,23.550848021817885,30.50787769998615,110169.60436357692,110169.60436357692,35477.02981816483,48102.91,30.231306,860.2705,112036.97344280865,23.463315906071962,3863.108534983758,False,False,3000.0,train
2023-07-20 11:00:00,23.61157331681308,31.25969188813571,122314.66336261576,122314.66336261576,38947.046675033074,49560.277,31.946938,986.0292,133410.52580438563,24.284124656816374,4179.089516408929,False,False,3000.0,train
2023-07-20 12:00:00,23.66183364090031,32.13422667907029,132366.7281800617,132366.7281800617,41819.065194303344,49899.992,33.122795,1124.18,140284.21595258595,22.989622362600926,4446.218129622624,False,False,3000.0,train
2023-07-20 13:00:00,23.678679688974867,33.02570816704605,135735.93779497343,135735.93779497343,42781.69651284955,49972.953,34.057423,1075.7245,134371.20063711944,23.562179518035073,4536.7191149742575,False,False,3000.0,train
2023-07-20 14:00:00,23.6622297944416,33.77429376966624,132445.95888832008,132445.95888832008,41841.702539520025,49972.953,33.792385,935.37054,136992.6846991696,23.661123086747082,4448.341131619956,False,False,3000.0,train
2023-07-20 15:00:00,23.65272825647072,34.32120111189473,130545.65129414399,130545.65129414399,41298.75751261257,49899.992,34.65609,769.3118,131755.52733646016,23.418385508785885,4397.4936457749445,False,False,3000.0,train
2023-07-20 16:00:00,23.616182837242036,34.61521624681871,123236.56744840718,123236.56744840718,39210.44784240205,49560.277,34.71877,518.82526,125041.27401912028,23.886130586880522,4203.394628252174,False,False,3000.0,train
2023-07-20 17:00:00,23.565422023227516,34.601271866987815,113084.40464550315,113084.40464550315,36309.82989871519,48102.91,34.801983,237.66695,116814.25070808701,23.80939932684341,3938.1816002598334,False,False,3000.0,train
2023-07-20 18:00:00,23.483256772235098,34.31170320867654,96651.3544470196,96651.3544470196,31614.672699148457,42702.97,33.3062,30.160433,101832.32578869791,23.468930386688537,3522.4048439665585,False,False,3000.0,train
2023-07-20 19:00:00,23.403952812970076,33.903470262120045,80790.56259401511,80790.56259401511,27083.017884004315,29999.998,32.559616,15.7412815,82724.49153892604,23.322750686366966,3142.356361686517,False,False,3000.0,train
2023-07-20 20:00:00,23.314406727790043,33.51499387993103,62881.34555800866,62881.34555800866,21966.098730859616,17297.02,30.394691,54.612682,68806.19388626413,23.28081967752055,2749.3012307252047,False,False,3000.0,train
2023-07-20 21:00:00,23.253527107202213,33.12344558200502,50705.421440442675,50705.421440442675,18487.263268697905,11897.035,28.898184,5.087695,50836.010885408985,23.22209111110787,2512.7546213483747,False,False,3000.0,train
2023-07-20 22:00:00,23.198900482582445,32.70330059637504,39780.09651648904,39780.09651648904,15365.74186185401,10439.478,25.886576,0.0,42794.86015118381,23.175388574144716,2328.9934458849525,False,False,3000.0,train
2023-07-20 23:00:00,23.19434314168051,32.289804471823594,38868.62833610181,38868.62833610181,15105.322381743374,10098.905,26.184591,0.0,47882.5057157635,23.137943411225468,2315.1011299416305,False,False,3000.0,train
2023-07-21 00:00:00,23.176139966003216,31.90053657621668,35227.99320064323,35227.99320064323,14065.140914469494,10000.246,24.973234,15.765822,38732.61271230531,23.251874760380932,2262.0588751069477,False,False,3000.0,train
2023-07-21 01:00:00,23.162739175818114,31.522899322280328,32547.835163622807,32547.835163622807,13299.381475320803,10001.102,24.506388,0.0,38737.63924532838,23.388702795266475,2225.629218098676,False,False,3000.0,train
2023-07-21 02:00:00,23.140341959342837,31.153934686527517,28068.391868567487,28068.391868567487,12019.540533876425,10004.936,23.006777,12.68845,31266.993842776625,22.771263915063265,2170.034829185633,False,False,3000.0,train
2023-07-21 03:00:00,23.13574366782072,30.802272952468428,27148.73356414387,27148.73356414387,11756.78101832682,10022.111,23.034698,10.448735,31402.90934507185,22.820544498050776,2159.4787243043597,False,False,3000.0,train
2023-07-21 04:00:00,23.130054570735787,30.461881332001752,26010.914147157393,26010.914147157393,11431.689756330685,10098.905,22.919271,5.0550222,28889.009860854258,22.60549916189073,2146.837415663728,False,False,3000.0,train
2023-07-21 05:00:00,23.132671191242995,30.132042962748205,26534.238248598995,26534.238248598995,11581.210928171142,10439.478,23.330381,0.0,29167.419979489605,23.392590411350273,2152.593602956692,False,False,3000.0,train
2023-07-21 06:00:00,23.158091965387243,29.843047963968417,31618.39307744856,31618.39307744856,13033.82659355673,11897.035,24.469152,41.785248,32892.979167515376,23.23318895334438,2213.538005709421,False,False,3000.0,train
2023-07-21 07:00:00,23.21558800042202,29.652787629593252,43117.60008440402,43117.60008440402,16319.314309829719,17297.02,25.859037,137.48209,47142.5138523474,23.36716825520185,2381.8511064579034,False,False,3000.0,train
2023-07-21 08:00:00,23.346574458442078,29.68595759851496,69314.89168841552,69314.89168841552,23804.25476811872,29999.998,27.986298,403.25186,69858.07794715866,22.917724986933038,2885.1514325593203,False,False,3000.0,train
2023-07-21 09:00:00,23.463953310341704,30.005548158189747,92790.66206834088,92790.66206834088,30511.61773381168,42702.97,28.997921,633.042,98072.08557117995,23.999437747205747,3427.6954751513344,False,False,3000.0,train
2023-07-21 10:00:00,23.554418633514054,30.58341496331132,110883.72670281075,110883.72670281075,35681.06477223164,48102.91,30.233734,877.5443,118096.21767343442,23.371763361070446,3881.4534343146847,False,False,3000.0,train
2023-07-21 11:00:00,23.617433974257622,31.35352578451059,123486.79485152445,123486.79485152445,39281.94138614984,49560.277,32.053787,1007.1706,128029.89162555267,23.667895716390998,4209.998771072533,False,False,3000.0,train
2023-07-21 12:00:00,23.66249069310125,32.22463714498125,132498.13862025022,132498.13862025022,41856.61103435721,49899.992,33.326706,1102.8795,134224.40634153568,23.918806091304763,4449.739437770254,False,False,3000.0,train
2023-07-21 13:00:00,23.676520642425835,33.096213494364214,135304.12848516705,135304.12848516705,42658.32242433344,49972.953,33.922695,1067.9425,140358.3659439233,23.380426715687015,4525.095188680292,False,False,3000.0,train
2023-07-21 14:00:00,23.682649403719328,33.843985580208226,136529.88074386556,136529.88074386556,43008.53735539016,49972.953,35.249886,939.15875,138122.91497792312,23.518752096165528,4558.110080103456,False,False,3000.0,train
2023-07-21 15:00:00,23.6406325369373,34.364147502159206,128126.50738746,128126.50738746,40607.573539274286,49899.992,34.2417,716.9966,135180.21933989585,23.69438406931756,4332.985311050334,False,False,3000.0,train
2023-07-21 16:00:00,23.611848951875352,34.613281218401994,122369.79037507041,122369.79037507041,38962.79725002012,49560.277,34.707172,496.14868,117713.52084160327,24.469090874514762,4180.541715710395,False,False,3000.0,train
2023-07-21 17:00:00,23.568714709203096,34.61462233207673,113742.94184061924,113742.94184061924,36497.983383034065,48102.91,34.459217,289.39008,115415.5431618273,23.659052132058704,3955.2131594520465,False,False,3000.0,train
2023-07-21 18:00:00,23.484569006124502,34.38031388243666,96913.80122490045,96913.80122490045,31689.6574928287,42702.97,32.704304,84.99764,92888.44701082278,23.966477351313717,3528.8888309315676,False,False,3000.0,train
2023-07-21 19:00:00,23.396888161959975,33.986914999629505,79377.63239199498,79377.63239199498,26679.323540569992,29999.998,32.141537,0.0,77728.3230792819,23.758590105517563,3109.779360620753,False,False,3000.0,train
2023-07-21 20:00:00,23.321197049923338,33.57823855828025,64239.40998466762,64239.40998466762,22354.117138476464,17297.02,31.067108,39.077,71027.42079407729,23.431600060871695,2777.4145559603435,False,False,3000.0,train
2023-07-21 21:00:00,23.258003805526574,33.17788146291574,51600.76110531478,51600.76110531478,18743.074601518507,11897.035,29.178505,3.9100978,56864.77837768326,22.96124507403737,2529.105512228185,False,False,3000.0,train
2023-07-21 22:00:00,23.211325720344067,32.75860962890343,42265.1440688135,42265.1440688135,16075.755448232429,10439.478,26.768059,0.0,43561.37170769629,23.52925180358954,2368.059999839912,False,False,3000.0,train
2023-07-21 23:00:00,23.18916296834255,32.34399557546229,37832.593668510126,37832.593668510126,14809.31247671718,10098.905,25.70576,0.0,37377.431994049155,22.739729865848137,2299.6031460488857,False,False,3000.0,train
2023-07-22 00:00:00,23.179154725418854,31.948573450756378,35830.94508377087,35830.94508377087,14237.412881077393,10000.037,25.243614,10.377423,32099.78604398106,23.65941726252198,2270.5662207996893,False,False,3000.0,train
2023-07-22 01:00:00,23.15789868607537,31.573337362309303,31579.737215074034,31579.737215074034,13022.782061449723,10000.165,23.916515,15.404952,33376.95920636252,23.217900278540846,2213.041306057304,False,False,3000.0,train
2023-07-22 02:00:00,23.14181440088074,31.204471461658517,28362.880176148054,28362.880176148054,12103.680050328016,10000.74,23.193836,4.189333,36623.59954535825,22.346747336691287,2173.4782434378953,False,False,3000.0,train
2023-07-22 03:00:00,23.136463147002832,30.841537326005746,27292.629400566428,27292.629400566428,11797.89411444755,10003.316,23.169815,0.7530481,31232.462392516907,23.03431131849328,2161.110561178441,False,False,3000.0,train
2023-07-22 04:00:00,23.138767919724835,30.5006657478077,27753.58394496692,27753.58394496692,11929.595412847691,10014.836,23.486198,12.653233,29541.333477201882,23.334952266001718,2166.3876106577263,False,False,3000.0,train
2023-07-22 05:00:00,23.13461544804731,30.177333077489273,26923.089609461924,26923.089609461924,11692.311316989122,10065.922,23.513796,2.7731705,30926.237270875998,23.06350828613538,2156.93474141134,False,False,3000.0,train
2023-07-22 06:00:00,23.146728099884267,29.865496314676637,29345.619976853497,29345.619976853497,12384.462850529571,10284.556,24.634533,0.0,28934.63170272632,23.36122984318234,2185.1885206186016,False,False,3000.0,train
2023-07-22 07:00:00,23.188043845132707,29.649336539012072,37608.769026541464,37608.769026541464,14745.362579011848,11094.553,26.050499,133.19525,39926.02643322963,22.93303659481902,2296.296487155474,False,False,3000.0,train
2023-07-22 08:00:00,23.250172619013014,29.655407027540793,50034.523802602846,50034.523802602846,18295.5782293151,13000.0,27.222837,365.996,53283.27931692921,22.85837790717673,2500.6215657187927,False,False,3000.0,train
2023-07-22 09:00:00,23.325229283235082,29.936349573009643,65045.856647016364,65045.856647016364,22584.530470576105,14905.445,28.939953,610.63416,67805.26937594656,23.303795662320802,2794.256094249377,False,False,3000.0,train
2023-07-22 10:00:00,23.404341220320557,30.490825332564896,80868.2440641114,80868.2440641114,27105.212589746112,15715.437,31.065397,857.66956,86354.66044984412,23.413810920507533,3144.1541959979345,False,False,3000.0,train
2023-07-22 11:00:00,23.448686312611297,31.254971975927408,89737.26252225944,89737.26252225944,29639.217863502698,15934.041,31.606207,1017.49615,93893.10923537482,23.3441710072926,3353.7290672458944,False,False,3000.0,train
2023-07-22 12:00:00,23.50102774324142,32.11655017518174,100205.54864828383,100205.54864828383,32630.156756652523,15984.999,34.00664,1077.8032,105618.66250819554,23.86921508723408,3610.683700064742,False,False,3000.0,train
2023-07-22 13:00:00,23.5269358641331,32.99118730365843,105387.1728266202,105387.1728266202,34110.62080760577,15995.943,34.941223,1090.6611,105811.90499585097,23.271873651591385,3741.0975096553047,False,False,3000.0,train
2023-07-22 14:00:00,23.500812014187943,33.74628900897606,100162.40283758861,100162.40283758861,32617.829382168176,15995.943,34.10351,933.82587,106403.16281878181,23.594761696387646,3609.606107039858,False,False,3000.0,train
2023-07-22 15:00:00,23.486936994742013,34.27542936357678,97387.39894840265,97387.39894840265,31824.971128115045,15984.999,34.936924,744.79456,106154.81921644053,23.507327986091102,3540.603751698544,False,False,3000.0,train
2023-07-22 16:00:00,23.449704003758953,34.53749456933008,89940.80075179056,89940.80075179056,29697.371643368733,15934.041,34.925964,490.69214,89682.42495773222,22.98268921811813,3358.6325901899363,False,False,3000.0,train
2023-07-22 17:00:00,23.392638326781363,34.4983218915822,78527.66535627254,78527.66535627254,26436.47581607787,15715.437,33.88514,229.60988,78784.4222414393,22.99692927168081,3090.2968795369893,False,False,3000.0,train
2023-07-22 18:00:00,23.344614041956074,34.21534249729259,68922.80839121483,68922.80839121483,23692.230968918524,14905.445,32.93954,59.740017,,23.348187346830663,2876.6852738662433,True,False,3000.0,train
2023-07-22 19:00:00,23.307109569532226,33.81385451734607,61421.91390644527,61421.91390644527,21549.118258984363,13000.0,31.898367,4.956523,63901.56427387986,23.901469569138314,2719.4459651071757,False,False,3000.0,train
2023-07-22 20:00:00,23.279649457197657,33.398149279617314,55929.89143953133,55929.89143953133,19979.968982723236,11094.553,30.841919,14.707894,62594.735829325786,23.4534304007673,2610.6201333771223,False,False,3000.0,train
2023-07-22 21:00:00,23.246947785360746,33.00882790022623,49389.55707214916,49389.55707214916,18111.302020614046,10284.556,28.788801,38.338524,51288.061281781804,22.729257337817355,2489.055144629136,False,False,3000.0,train
2023-07-22 22:00:00,23.226577637081768,32.6202277719271,45315.52741635352,45315.52741635352,16947.293547529578,10065.922,28.171097,1.5283294,51834.2558400224,22.293431217545965,2418.294300228998,False,False,3000.0,train
2023-07-22 23:00:00,23.193630747493035,32.21880002345598,38726.14949860705,38726.14949860705,15064.614142459157,10014.836,26.109324,0.0,42030.26977454846,23.41354682539435,2312.9511861450114,False,False,3000.0,train
2023-07-23 00:00:00,23.16924479028732,31.822734696335548,33848.95805746382,33848.95805746382,13671.130873561091,10000.037,24.704481,0.0,37428.17266272503,23.14038074540886,2243.0284807416847,False,False,3000.0,train
2023-07-23 01:00:00,23.16141595380552,31.444548043815026,32283.190761103953,32283.190761103953,13223.768788886844,10000.165,24.371702,10.758994,38760.240651983244,23.503795744658632,2222.1575023265214,False,False,3000.0,train
2023-07-23 02:00:00,23.143366552055166,31.078968975295528,28673.31041103327,28673.31041103327,12192.374403152364,10000.74,23.44311,0.0,30885.685078392984,22.879151175841734,2177.140982328596,False,False,3000.0,train
2023-07-23 03:00:00,23.134673387660822,30.719685220453442,26934.677532164387,26934.677532164387,11695.622152046968,10003.316,23.135866,0.0,27904.616051947596,23.23973713701838,2157.06494301528,False,False,3000.0,train
2023-07-23 04:00:00,23.12982031757395,30.375243752350976,25964.063514790327,25964.063514790327,11418.303861368666,10014.836,23.06014,0.0,28001.298070631936,23.38367235648231,2146.326940328537,False,False,3000.0,train
2023-07-23 05:00:00,23.14723586806918,30.056128410252356,29447.173613836243,29447.173613836243,12413.478175381784,10065.922,24.517593,9.168853,33436.16457723829,23.01299677660724,2186.417716370564,False,False,3000.0,train
2023-07-23 06:00:00,23.15195780335138,29.758142666678154,30391.560670275907,30391.560670275907,12683.30304865026,10284.556,25.07024,0.0,29949.994353818634,23.02413213228206,2198.0178033804814,False,False,3000.0,train
2023-07-23 07:00:00,23.18487441377478,29.546216254189133,36974.88275495573,36974.88275495573,14564.252215701637,11094.553,25.906788,130.36443,41432.78689847903,23.192453263104294,2287.0128463278143,False,False,3000.0,train
2023-07-23 08:00:00,23.242306324513343,29.549496919365524,48461.264902668685,48461.264902668685,17846.075686476768,13000.0,26.804358,358.92053,50129.11048951737,23.405109228481443,2472.5785682905944,False,False,3000.0,train
2023-07-23 09:00:00,23.327541240699862,29.834548850546312,65508.248139972384,65508.248139972384,22716.642325706394,14905.445,29.137333,617.77893,71726.6701225212,23.32324103934629,2803.961040551629,False,False,3000.0,train
2023-07-23 10:00:00,23.38778681098123,30.385352520047604,77557.3621962458,77557.3621962458,26159.246341784514,15715.437,30.08357,840.63855,73211.37905600696,23.679985712309076,3068.163944080513,False,False,3000.0,train
2023-07-23 11:00:00,23.439605534501194,31.12968318575537,87921.10690023875,87921.10690023875,29120.31625721107,15934.041,31.301773,998.1983,88317.45430923002,23.301024977721084,3310.152403546835,False,False,3000.0,train
2023-07-23 12:00:00,23.485747291419123,31.97623693015853,97149.45828382469,97149.45828382469,31756.988081092768,15984.999,33.119133,1067.0842,94188.27272701565,23.08722872978019,3534.7157623147764,False,False,3000.0,train
2023-07-23 13:00:00,23.514741606833798,32.84105597866253,102948.32136675964,102948.32136675964,33413.80610478847,15995.943,34.296894,1081.7014,102908.23239531626,24.10783421726775,3679.472949351613,False,False,3000.0,train
2023-07-23 14:00:00,23.516981310215094,33.60853844425737,103396.2620430188,103396.2620430188,33541.78915514823,15995.943,35.2967,949.3694,107310.33740817478,23.33559118925236,3690.7598545586447,False,False,3000.0,train
2023-07-23 15:00:00,23.48760935671019,34.15307098808861,97521.87134203823,97521.87134203823,31863.391812010923,15984.999,35.10113,737.646,99886.70412027877,23.317076731594867,3543.9333869371408,False,False,3000.0,train
2023-07-23 16:00:00,23.448950455293108,34.411216157992975,89790.09105862162,89790.09105862162,29654.311731034748,15934.041,35.106113,478.7615,91940.00895957844,23.429209458971453,3355.0014019496334,False,False,3000.0,train
2023-07-23 17:00:00,23.396485398005016,34.39825875053843,79297.07960100316,79297.07960100316,26656.308457429473,15715.437,33.69395,278.21808,81802.3442849552,23.41663973090121,3107.929238242571,False,False,3000.0,train
2023-07-23 18:00:00,23.34477443554642,34.136002019311874,68954.8871092839,68954.8871092839,23701.396316938255,14905.445,33.22178,40.366066,72540.11176942234,23.228769342799936,2877.377071332271,False,False,3000.0,train
2023-07-23 19:00:00,23.309412857059023,33.73356000306258,61882.57141180458,61882.57141180458,21680.73468908702,13000.0,32.037834,13.41767,62130.449074200566,23.304182687974322,2728.8289393223945,False,False,3000.0,train
2023-07-23 20:00:00,23.277276264019232,33.31852674525743,55455.25280384638,55455.25280384638,19844.357943956107,11094.553,30.885963,0.0,60294.115937071816,23.26534759459078,2601.4912179718503,False,False,3000.0,train
2023-07-23 21:00:00,23.246601653554254,32.916309970859935,49320.33071085087,49320.33071085087,18091.523060243104,10284.556,29.034576,21.59546,53968.92398797515,23.299047451660496,2487.8194306028176,False,False,3000.0,train
2023-07-23 22:00:00,23.221986286923645,32.52901219535693,44397.25738472902,44397.25738472902,16684.93068135115,10065.922,27.756868,13.941055,48322.47116678418,22.51474004922745,2402.9158988523272,False,False,3000.0,train
2023-07-23 23:00:00,23.188300328120736,32.136004103622234,37660.065624147166,37660.065624147166,14760.018749756333,10014.836,25.786472,0.0,41938.45243887048,23.75256322022309,2297.0530008107266,False,False,3000.0,train
2023-07-24 00:00:00,23.170782704433392,31.744094362318986,34156.5408866785,34156.5408866785,13759.011681908143,10000.246,24.882032,1.6635144,37822.65765170921,23.126596210373027,2247.2210298074833,False,False,3000.0,train
2023-07-24 01:00:00,23.15350515747563,31.363520317483875,30701.031495126328,30701.031495126328,12771.723284321808,10001.102,23.951284,0.0,38182.02908141122,23.327691943309727,2201.8851017658176,False,False,3000.0,train
2023-07-24 02:00:00,23.132044048157418,30.991641618815375,26408.809631483622,26408.809631483622,11545.374180423893,10004.936,22.686026,0.0,29221.452220274783,22.71861364569721,2151.204942244404,False,False,3000.0,train
2023-07-24 03:00:00,23.132228842966555,30.633414273459742,26445.76859331096,26445.76859331096,11555.933883803133,10022.111,23.051706,0.0,28785.04418402506,22.99092876459178,2151.613536126285,False,False,3000.0,train
2023-07-24 04:00:00,23.129812604768173,30.294689376163706,25962.52095363454,25962.52095363454,11417.863129609868,10098.905,23.05779,3.808901,27345.217062268326,22.928117844872048,2146.310146470244,False,False,3000.0,train
2023-07-24 05:00:00,23.130139049341025,29.982438898416596,26027.809868205055,26027.809868205055,11436.517105201445,10439.478,23.023703,20.285978,26811.519510140908,23.57105617869359,2147.0217041012625,False,False,3000.0,train
2023-07-24 06:00:00,23.15865371037411,29.689173310515034,31730.74207482216,31730.74207482216,13065.926307092046,11897.035,25.122213,0.0,31974.25645064071,22.982909628323345,2214.98442282491,False,False,3000.0,train
2023-07-24 07:00:00,23.21193855475528,29.479308184649582,42387.71095105633,42387.71095105633,16110.774557444665,17297.02,25.836748,127.35402,43281.23389822348,23.43936255083731,2370.030851213391,False,False,3000.0,train
2023-07-24 08:00:00,23.32754013170034,29.493306788204976,65508.026340067714,65508.026340067714,22716.57895430506,29999.998,27.08762,370.61407,68309.84163321371,23.13241399589838,2803.956376884973,False,False,3000.0,train
2023-07-24 09:00:00,23.450512037610007,29.77116464935326,90102.40752200146,90102.40752200146,29743.54500628613,42702.97,28.830564,581.53046,94226.4844957279,23.314726355713823,3362.5287295627295,False,False,3000.0,train
2023-07-24 10:00:00,23.551179802987992,30.315259756950493,110235.96059759839,110235.96059759839,35495.98874217097,48102.91,30.589685,847.8676,113433.61502935458,23.477514753427787,3864.8118075771476,False,False,3000.0,train
2023-07-24 11:00:00,23.620598090464203,31.080754822411016,124119.61809284051,124119.61809284051,39462.74802652586,49560.277,32.584656,1001.16705,123883.91938217694,24.005751628512993,4226.714047101048,False,False,3000.0,train
2023-07-24 12:00:00,23.655149579379863,31.953173542731655,131029.9158759726,131029.9158759726,41437.118821706455,49899.992,33.157757,1087.0055,138000.12322865872,23.088193781670828,4410.437049660499,False,False,3000.0,train
2023-07-24 13:00:00,23.669468176046255,32.794631516416594,133893.63520925102,133893.63520925102,42255.32434550029,49972.953,34.366608,1006.1771,140211.51054530623,23.274769109463925,4487.176728700708,False,False,3000.0,train
2023-07-24 14:00:00,23.676432219597036,33.51095254362257,135286.44391940717,135286.44391940717,42653.26969125919,49972.953,35.326477,916.337,137564.0961080635,23.092240669890092,4524.619289788149,False,False,3000.0,train
2023-07-24 15:00:00,23.651690722989677,34.044453680011046,130338.14459793546,130338.14459793546,41239.46988512442,49899.992,35.194912,730.2851,130470.56924343611,23.325440087061242,4391.950448662769,False,False,3000.0,train
2023-07-24 16:00:00,23.6175373216543,34.32583469886125,123507.46433086002,123507.46433086002,39287.84695167429,49560.277,35.20447,506.1879,128816.64445646603,23.374057306296667,4210.544426899542,False,False,3000.0,train
2023-07-24 17:00:00,23.548460829376943,34.30516763373752,109692.16587538853,109692.16587538853,35340.61882153958,48102.91,33.987038,216.80473,113416.02612247267,23.064116453149826,3850.8614788109912,False,False,3000.0,train
2023-07-24 18:00:00,23.480880037314854,34.01058188110851,96176.00746297085,96176.00746297085,31478.85927513453,42702.97,33.53255,21.460932,94092.10267474495,23.260635713330455,3510.6754293676427,False,False,3000.0,train
2023-07-24 19:00:00,23.390312405371546,33.60103456323919,78062.48107430918,78062.48107430918,26303.566021231196,29999.998,31.9583,0.0,80853.12422502426,22.785898061091522,3079.6713877180455,False,False,3000.0,train
2023-07-24 20:00:00,23.309489533980848,33.18688001957746,61897.90679616962,61897.90679616962,21685.116227477036,17297.02,30.96417,0.0,65613.03972310839,23.004092916850542,2729.1419492530194,False,False,3000.0,train
2023-07-24 21:00:00,23.24541910842883,32.78060069594232,49083.82168576608,49083.82168576608,18023.949053076023,11897.035,28.580067,4.6200724,49849.33420123837,23.60554522840189,2483.6061274187728,False,False,3000.0,train
2023-07-24 22:00:00,23.21145873694229,32.37873003600153,42291.747388458134,42291.747388458134,16083.356396702324,10439.478,27.116753,0.0,45741.389078117645,23.332535158026623,2368.487430292219,False,False,3000.0,train
2023-07-24 23:00:00,23.19605617185797,31.985626938771045,39211.23437159366,39211.23437159366,15203.209820455331,10098.905,26.488983,1.0173492,38835.61705704337,23.252296473509727,2320.2949835849845,False,False,3000.0,train
2023-07-25 00:00:00,23.16642577363217,31.60172734651689,33285.15472643403,33285.15472643403,13510.04420755258,10000.246,24.652279,0.0,39272.09448702899,22.865592206748435,2235.4219674697633,False,False,3000.0,train
2023-07-25 01:00:00,23.147680817923373,31.225203696324424,29536.16358467457,29536.16358467457,12438.903881335591,10001.102,23.633617,0.79047257,35266.05138539659,22.686855330209955,2187.497763054991,False,False,3000.0,train
2023-07-25 02:00:00,23.140178603038265,30.870583818563247,28035.72060765305,28035.72060765305,12010.205887900871,10004.936,23.208828,17.713387,30487.84518937481,22.79843178037798,2169.654688421949,False,False,3000.0,train
2023-07-25 03:00:00,23.126949381084792,30.52812903977712,25389.876216958386,25389.876216958386,11254.250347702397,10022.111,22.697556,0.0,29167.71785622127,23.113986433015988,2140.1357977663993,False,False,3000.0,train
2023-07-25 04:00:00,23.13654237750264,30.19303871792728,27308.475500527864,27308.475500527864,11802.42157157939,10098.905,23.710575,0.0,25099.93353419933,23.39699541142064,2161.290714074957,False,False,3000.0,train
2023-07-25 05:00:00,23.134028777823207,29.890512011314136,26805.755564641488,26805.755564641488,11658.787304183283,10439.478,23.277536,27.721535,27313.11046891562,23.404739002963804,2155.619093961681,False,False,3000.0,train
2023-07-25 06:00:00,23.15197629699684,29.604809426874223,30395.259399367802,30395.259399367802,12684.359828390801,11897.035,24.670475,0.0,32749.514580042396,23.341160005741838,2198.063833140287,False,False,3000.0,train
2023-07-25 07:00:00,23.212122928726874,29.390171783641588,42424.585745374796,42424.585745374796,16121.310212964227,17297.02,26.112135,113.11419,42882.96084523815,22.99085586950649,2370.6245860743097,False,False,3000.0,train
2023-07-25 08:00:00,23.324189068252938,29.38013641286996,64837.8136505876,64837.8136505876,22525.089614453602,29999.998,27.37866,330.99387,69830.90914788946,23.331554017974135,2789.9010504119124,False,False,3000.0,train
2023-07-25 09:00:00,23.44929453958167,29.65116309736894,89858.90791633366,89858.90791633366,29673.973690381044,42702.97,28.65244,598.5725,99563.15169549668,23.352891780570495,3356.659202052618,False,False,3000.0,train
2023-07-25 10:00:00,23.543519586223915,30.204159308136976,108703.9172447831,108703.9172447831,35058.26206993803,48102.91,30.178913,840.9388,107202.71039914782,23.48316265717549,3825.55714398891,False,False,3000.0,train
2023-07-25 11:00:00,23.61283392462023,30.96668371295959,122566.78492404589,122566.78492404589,39019.08140687025,49560.277,32.143513,998.94836,122061.38728322164,24.223972293708172,4185.732324212287,False,False,3000.0,train
2023-07-25 12:00:00,23.655347027235948,31.86283661394529,131069.40544718952,131069.40544718952,41448.401556339864,49899.992,32.803802,1127.333,135108.0842665316,23.126746956134863,4411.492960421877,False,False,3000.0,train
2023-07-25 13:00:00,23.67528108600538,32.74952332828768,135056.21720107613,135056.21720107613,42587.49062887889,49972.953,34.428005,1041.894,145335.9245316742,23.6048780412287,4518.424905229457,False,False,3000.0,train
2023-07-25 14:00:00,23.661057180193055,33.48394253467464,132211.43603861093,132211.43603861093,41774.696011031694,49972.953,34.15925,916.63855,129781.57869747862,24.0245818523519,4442.057793123874,False,False,3000.0,train
2023-07-25 15:00:00,23.645101443436022,34.01463968355149,129020.2886872045,129020.2886872045,40862.939624915576,49899.992,34.75136,732.5989,133105.28655442913,23.20533399492596,4356.789116268612,False,False,3000.0,train
2023-07-25 16:00:00,23.612449681019243,34.29941480429237,122489.93620384851,122489.93620384851,38997.124629671,49560.277,34.783432,512.8593,133109.71733866894,23.419325453439367,4183.707210608863,False,False,3000.0,train
2023-07-25 17:00:00,23.546384918807366,34.29034634956985,109276.9837614732,109276.9837614732,35221.995360420915,48102.91,33.668644,233.38278,105933.86016710097,23.387673369537072,3840.223074510743,False,False,3000.0,train
2023-07-25 18:00:00,23.48477323572561,34.020732581109456,96954.6471451217,96954.6471451217,31701.327755749055,42702.97,33.4768,50.947384,95432.60290570234,23.417786319109414,3529.898474847619,False,False,3000.0,train
2023-07-25 19:00:00,23.391391554281007,33.62861343590354,78278.31085620147,78278.31085620147,26365.23167320042,29999.998,31.965939,3.2650108,79971.65478340098,22.912604406399144,3084.5979568576026,False,False,3000.0,train
2023-07-25 20:00:00,23.298513391609706,33.212131141350724,59702.67832194125,59702.67832194125,21057.908091983212,17297.02,30.11184,0.0,61305.02021774444,23.477099209711117,2684.766064097927,False,False,3000.0,train
2023-07-25 21:00:00,23.241559291832377,32.79849584301558,48311.85836647549,48311.85836647549,17803.388104707283,11897.035,28.365799,0.0,53318.93947758897,23.44144547658632,2469.945767206266,False,False,3000.0,train
2023-07-25 22:00:00,23.20707529159706,32.3914404306196,41415.058319412165,41415.058319412165,15832.873805546333,10439.478,26.794205,0.0,44984.04695596273,23.359587889102446,2354.503418990994,False,False,3000.0,train
2023-07-25 23:00:00,23.18922795614694,31.99440469935294,37845.59122938802,37845.59122938802,14813.026065539434,10098.905,25.993767,0.0,36763.54125734362,22.928115853859616,2299.7956209088966,False,False,3000.0,train
2023-07-26 00:00:00,23.160903145481,31.606513332924813,32180.629096200166,32180.629096200166,13194.46545605719,10000.246,24.258371,0.0,36325.261913666705,23.18685638271719,2220.8182276189295,False,False,3000.0,train
2023-07-26 01:00:00,23.1445754204476,31.236111972878543,28915.084089520347,28915.084089520347,12261.452597005813,10001.102,23.22164,17.037003,30656.03952887052,22.874743348576875,2180.0169446849786,False,False,3000.0,train
2023-07-26 02:00:00,23.135561920137608,30.878181533299976,27112.384027521584,27112.384027521584,11746.395436434737,10004.936,23.075699,0.0,32864.001818783705,23.035782921906154,2159.0676763108254,False,False,3000.0,train
2023-07-26 03:00:00,23.142236352385353,30.529189129184385,28447.270477070673,28447.270477070673,12127.791564877334,10022.111,23.874744,0.0,30082.599817524857,23.788276730536616,2174.470620136325,False,False,3000.0,train
2023-07-26 04:00:00,23.131683316135657,30.196589926883615,26336.663227131397,26336.663227131397,11524.760922037542,10098.905,23.279205,0.0,27967.68014384283,23.160391929414534,2150.4087627577696,False,False,3000.0,train
2023-07-26 05:00:00,23.143966181359268,29.893718220089116,28793.236271853573,28793.236271853573,12226.638934815306,10439.478,24.07276,25.167795,32972.12665337113,22.787708208563117,2178.5649885890725,False,False,3000.0,train
2023-07-26 06:00:00,23.154296275681045,29.609630445932456,30859.25513620893,30859.25513620893,12816.930038916837,11897.035,24.80619,0.0,35540.649607511754,23.20839687788022,2203.874829659224,False,False,3000.0,train
2023-07-26 07:00:00,23.218051655640178,29.40822768278282,43610.33112803554,43610.33112803554,16460.094608010157,17297.02,26.276936,135.34987,47681.24875466158,22.812512877821185,2389.911061731632,False,False,3000.0,train
2023-07-26 08:00:00,23.323376909654417,29.427086418889093,64675.38193088345,64675.38193088345,22478.680551680987,29999.998,26.873594,364.30505,62978.45524414054,22.963673791899915,2786.5057913299015,False,False,3000.0,train
2023-07-26 09:00:00,23.457081861446586,29.731889811039927,91416.37228931714,91416.37228931714,30118.96351123347,42702.97,28.791538,632.19366,96242.6214253159,23.14474492066195,3394.297837592501,False,False,3000.0,train
2023-07-26 10:00:00,23.548840455352366,30.294963696000877,109768.09107047317,109768.09107047317,35362.3117344209,48102.91,30.621199,828.78314,108783.10060691179,23.415547619693662,3852.808123373148,False,False,3000.0,train
2023-07-26 11:00:00,23.616314990732537,31.06475418488132,123262.99814650738,123262.99814650738,39217.99947043068,49560.277,31.956577,1029.679,127252.12057891674,23.897405689409297,4204.092059037158,False,False,3000.0,train
2023-07-26 12:00:00,23.652319019770164,31.943334049060446,130463.8039540329,130463.8039540329,41275.372558295116,49899.992,33.129585,1072.6078,127206.05400718837,23.825838479175218,4395.307011795729,False,False,3000.0,train
2023-07-26 13:00:00,23.67312266932031,32.81158227152135,134624.5338640621,134624.5338640621,42464.15253258917,49972.953,33.893547,1070.5381,139636.02556808147,23.83002126779451,4506.815794583178,False,False,3000.0,train
2023-07-26 14:00:00,23.67438586232391,33.58027677927133,134877.17246478185,134877.17246478185,42536.33498993767,49972.953,34.655945,954.93774,134236.50036571236,23.344708492646745,4513.609031239309,False,False,3000.0,train
2023-07-26 15:00:00,23.651263988646516,34.148945938952515,130252.79772930319,130252.79772930319,41215.085065515195,49899.992,34.654064,768.13904,127622.4534997119,23.48886968201582,4389.671079326979,False,False,3000.0,train
2023-07-26 16:00:00,23.602836545599196,34.44986510897896,120567.30911983919,120567.30911983919,38447.80260566834,49560.277,33.790565,524.2075,126517.62613871226,23.68443687766415,4133.137842554851,False,False,3000.0,train
2023-07-26 17:00:00,23.54586935658028,34.43096115544546,109173.87131605594,109173.87131605594,35192.53466173027,48102.91,33.68209,222.76285,113101.20214509686,23.357373360963756,3837.582671464065,False,False,3000.0,train
2023-07-26 18:00:00,23.489242575398897,34.163418731252825,97848.51507977948,97848.51507977948,31956.718594222708,42702.97,33.396645,76.88538,98667.65265285422,23.405732643308568,3552.027408816836,False,False,3000.0,train
2023-07-26 19:00:00,23.400896219530196,33.77917549033995,80179.24390603924,80179.24390603924,26908.355401725497,29999.998,32.586575,0.0,87718.86908442159,23.53330382728918,3128.232733990506,False,False,3000.0,train
2023-07-26 20:00:00,23.315511477307457,33.36010666307674,63102.29546149131,63102.29546149131,22029.227274711804,17297.02,31.24209,0.0,64888.80319816024,23.210879672947065,2753.853613258775,False,False,3000.0,train
2023-07-26 21:00:00,23.25311692809689,32.94881024631566,50623.38561937807,50623.38561937807,18463.824462679448,11897.035,29.002445,5.296431,53704.01651358091,23.3209348048275,2511.265508545727,False,False,3000.0,train
2023-07-26 22:00:00,23.222135033983967,32.54341543152817,44427.00679679348,44427.00679679348,16693.430513369567,10439.478,27.768183,0.0,48073.316256933824,23.699953570789837,2403.4107097269293,False,False,3000.0,train
2023-07-26 23:00:00,23.19610023699873,32.14469926560965,39220.04739974625,39220.04739974625,15205.727828498928,10098.905,26.326935,1.2317429,40782.156574225395,23.14454259730263,2320.4290349490343,False,False,3000.0,train
2023-07-27 00:00:00,23.16658012070573,31.757955921171998,33316.02414114627,33316.02414114627,13518.864040327506,10000.246,24.433119,9.827567,37369.40753193003,23.520381463621494,2235.835798558583,False,False,3000.0,train
2023-07-27 01:00:00,23.144545778325384,31.386446820272937,28909.155665076723,28909.155665076723,12259.758761450492,10001.102,23.077333,17.373192,30746.258257996815,23.31235679851759,2179.9461812487193,False,False,3000.0,train
2023-07-27 02:00:00,23.138321295178486,31.0217812142511,27664.259035697112,27664.259035697112,11904.074010199176,10004.936,23.169462,0.0,29772.914241815808,22.698148697132456,2165.3591169121887,False,False,3000.0,train
2023-07-27 03:00:00,23.12612198068598,30.675017507360007,25224.39613719598,25224.39613719598,11206.970324913138,10022.111,22.247782,24.89192,31138.235659526097,22.79548087190692,2138.3739486903523,False,False,3000.0,train
2023-07-27 04:00:00,23.129170085154286,30.343698599051198,25834.017030857125,25834.017030857125,11381.147723102036,10098.905,23.029135,0.9734075,26602.049262764624,22.879091320233318,2144.91416899501,False,False,3000.0,train
2023-07-27 05:00:00,23.143040933306956,30.028948502944804,28608.186661391243,28608.186661391243,12173.767617540354,10439.478,23.999756,16.755955,26357.084413295466,22.886590458227122,2176.369800757147,False,False,3000.0,train
2023-07-27 06:00:00,23.149939615707122,29.74293828859805,29987.92314142449,29987.92314142449,12567.978040406997,11897.035,24.141994,20.217684,36520.7443260631,23.122852691875078,2193.0225673490877,False,False,3000.0,train
2023-07-27 07:00:00,23.22082282977853,29.56346204822884,44164.56595570608,44164.56595570608,16618.447415916024,17297.02,25.96558,171.33655,53280.54026329537,23.405216044203076,2399.053562855636,False,False,3000.0,train
2023-07-27 08:00:00,23.338172941022133,29.59525261321535,67634.58820442665,67634.58820442665,23324.168058407613,29999.998,27.895756,360.15567,69479.96235655092,23.71472046603355,2849.033830866901,False,False,3000.0,train
2023-07-27 09:00:00,23.462378514065787,29.89057721812293,92475.70281315732,92475.70281315732,30421.629375187804,42702.97,29.097267,624.7652,88851.66573093469,23.55483104068331,3420.0263229555194,False,False,3000.0,train
2023-07-27 10:00:00,23.55342570318087,30.449193807107886,110685.14063617414,110685.14063617414,35624.325896049755,48102.91,30.714506,838.44574,112481.59643550815,23.419721836364907,3876.348839034573,False,False,3000.0,train
2023-07-27 11:00:00,23.61835468801363,31.202919683635923,123670.93760272567,123670.93760272567,39334.55360077876,49560.277,32.315357,1001.04095,125464.54773978757,22.993682314924666,4214.8607007567325,False,False,3000.0,train
2023-07-27 12:00:00,23.662207243157088,32.05805241534591,132441.44863141756,132441.44863141756,41840.41389469073,49899.992,33.88849,1063.184,134596.62555173595,23.68338411578229,4448.220271527655,False,False,3000.0,train
2023-07-27 13:00:00,23.6794709635127,32.921776489394155,135894.19270253985,135894.19270253985,42826.912200725674,49972.953,34.209385,1074.4797,133838.3187577013,23.687202021621196,4540.981000758265,False,False,3000.0,train
2023-07-27 14:00:00,23.676935455610195,33.66749429916387,135387.09112203904,135387.09112203904,42682.0260348683,49972.953,35.240017,913.3315,141010.95445751294,23.73181408167188,4527.327909290266,False,False,3000.0,train
2023-07-27 15:00:00,23.646162935615983,34.17879198595459,129232.58712319664,129232.58712319664,40923.596320913326,49899.992,34.926994,708.2592,134520.72344569513,24.278035024926982,4362.448328301339,False,False,3000.0,train
2023-07-27 16:00:00,23.60609889493824,34.426856373586155,121219.77898764769,121219.77898764769,38634.22256789934,49560.277,34.52975,484.84512,118017.57952591848,23.97827785879616,4150.278464878319,False,False,3000.0,train
2023-07-27 17:00:00,23.554790709614654,34.396470593040725,110958.14192293076,110958.14192293076,35702.3262636945,48102.91,34.274742,230.94293,116673.37935415599,23.79030898508965,3883.3668810827444,False,False,3000.0,train
2023-07-27 18:00:00,23.486040687337603,34.14493683402396,97208.13746752057,97208.13746752057,31773.753562148737,42702.97,32.952976,93.771225,107466.77515705195,23.197417548316125,3536.1673872872507,False,False,3000.0,train
2023-07-27 19:00:00,23.390032332319954,33.76932668318878,78006.46646399087,78006.46646399087,26287.561846854536,29999.998,31.72341,5.215011,81535.82807239945,23.23613390756093,3078.3937254967823,False,False,3000.0,train
2023-07-27 20:00:00,23.30881069849358,33.37192970248889,61762.13969871611,61762.13969871611,21646.325628204602,17297.02,30.26248,44.107754,63842.465733630816,23.28035731641503,2726.37226184308,False,False,3000.0,train
2023-07-27 21:00:00,23.239528571791624,32.97479608068256,47905.71435832476,47905.71435832476,17687.34695952136,11897.035,28.034492,0.0,50555.98659659841,23.00690643458852,2462.815811497738,False,False,3000.0,train
2023-07-27 22:00:00,23.21735652301284,32.56089606683124,43471.30460256778,43471.30460256778,16420.372743590793,10439.478,27.441948,0.0,47940.31035860859,23.367495880508375,2387.6303925575057,False,False,3000.0,train
2023-07-27 23:00:00,23.188430802152524,32.171748050201806,37686.16043050485,37686.16043050485,14767.474408715672,10098.905,25.447128,27.111422,36710.0494716522,23.295503456917235,2297.4381426263417,False,False,3000.0,train
2023-07-28 00:00:00,23.167988737267464,31.790307156264277,33597.74745349284,33597.74745349284,13599.356415283668,10000.246,24.654566,0.0,36965.92126167046,22.84149639935106,2239.626703393629,False,False,3000.0,train
2023-07-28 01:00:00,23.158748285818053,31.40723348527112,31749.65716361058,31749.65716361058,13071.330618174452,10001.102,24.323948,0.0,33884.69035184181,23.51779329854689,2215.2283532417437,False,False,3000.0,train
2023-07-28 02:00:00,23.137731818313974,31.04144798051221,27546.363662794705,27546.363662794705,11870.389617941344,10004.936,22.93616,10.61953,34545.068064077845,23.168424918456633,2164.0059925838104,False,False,3000.0,train
2023-07-28 03:00:00,23.128734582540652,30.6865635459153,25746.91650813037,25746.91650813037,11356.26185946582,10022.111,22.72331,0.0,28373.49514922076,22.610013238517976,2143.971394097639,False,False,3000.0,train
2023-07-28 04:00:00,23.13796580586028,30.344363492004174,27593.161172055858,27593.161172055858,11883.760334873103,10098.905,23.690123,0.0,34203.37481266602,23.122562948356787,2164.54251266182,False,False,3000.0,train
2023-07-28 05:00:00,23.14274078382871,30.030454497782394,28548.15676574205,28548.15676574205,12156.616218783442,10439.478,23.962482,15.469135,29146.792001794398,23.227102720605583,2175.6602513373373,False,False,3000.0,train
2023-07-28 06:00:00,23.159325174616622,29.73548043498958,31865.034923324485,31865.034923324485,13104.295692378424,11897.035,25.088083,0.0,36166.82338101264,23.451162883047346,2216.7188377415437,False,False,3000.0,train
2023-07-28 07:00:00,23.21343544534138,29.528579941250843,42687.089068275694,42687.089068275694,16196.311162364484,17297.02,25.797997,136.82033,46445.62057025378,23.112192524403394,2374.861851942258,False,False,3000.0,train
2023-07-28 08:00:00,23.338334406432672,29.555182224723374,67666.88128653442,67666.88128653442,23333.39465329555,29999.998,27.686432,384.35672,68190.3365992987,23.586715886666834,2849.7238709638777,False,False,3000.0,train
2023-07-28 09:00:00,23.458374355319528,29.870356908694497,91674.87106390552,91674.87106390552,30192.820303973007,42702.97,28.665646,637.10284,95278.11838157075,23.514516951350593,3400.5666860282763,False,False,3000.0,train
2023-07-28 10:00:00,23.549280447588348,30.44319741992957,109856.08951766964,109856.08951766964,35387.454147905606,48102.91,30.222628,855.752,117530.4281657968,23.154764064877075,3855.0647677701627,False,False,3000.0,train
2023-07-28 11:00:00,23.622973656809503,31.22770211211212,124594.73136190056,124594.73136190056,39598.49467482873,49560.277,32.17861,1042.4071,126222.08890857469,23.19842362476475,4239.276161661298,False,False,3000.0,train
2023-07-28 12:00:00,23.65150317916316,32.10486190221221,130300.63583263214,130300.63583263214,41228.753095037755,49899.992,32.943405,1070.4181,125871.31470668587,23.988271140207964,4390.9486592932735,False,False,3000.0,train
2023-07-28 13:00:00,23.676084332023194,32.94536145250633,135216.86640463883,135216.86640463883,42633.39040132538,49972.953,34.44311,1033.8546,138137.43418302553,24.034879585537723,4522.747048449753,False,False,3000.0,train
2023-07-28 14:00:00,23.691300839870628,33.6997993957864,138260.16797412562,138260.16797412562,43502.90513546446,49972.953,35.69234,966.69507,137104.6799554274,23.788173608992047,4604.811249487875,False,False,3000.0,train
2023-07-28 15:00:00,23.64361205557381,34.25530871724879,128722.41111476228,128722.41111476228,40777.83174707494,49899.992,34.26565,738.65283,130233.62105892847,24.09232407192782,4348.851941705774,False,False,3000.0,train
2023-07-28 16:00:00,23.605087271193717,34.512396022750046,121017.45423874348,121017.45423874348,38576.41549678385,49560.277,34.434788,481.8086,123679.27611418137,23.9220702259062,4144.961013976336,False,False,3000.0,train
2023-07-28 17:00:00,23.554581942209804,34.45927275885754,110916.38844196084,110916.38844196084,35690.396697703094,48102.91,34.584324,198.80386,107294.5463956456,23.75967056105372,3882.293227270082,False,False,3000.0,train
2023-07-28 18:00:00,23.484846938386177,34.17513633430337,96969.38767723537,96969.38767723537,31705.539336352962,42702.97,33.12472,69.204155,94265.68903120043,23.211453491766076,3530.262870077548,False,False,3000.0,train
2023-07-28 19:00:00,23.401036122067584,33.794108765035254,80207.2244135168,80207.2244135168,26916.34983243337,29999.998,32.40455,17.00051,84715.55283945288,23.920464747377288,3128.878227625393,False,False,3000.0,train
2023-07-28 20:00:00,23.30045314634515,33.37916812817862,60090.629269029705,60090.629269029705,21168.751219722773,17297.02,30.089003,0.0,61683.185970166196,23.461343576007632,2692.5444013707875,False,False,3000.0,train
2023-07-28 21:00:00,23.25394563884691,32.96481027643142,50789.12776938225,50789.12776938225,18511.179362680643,11897.035,29.07265,7.961649,47340.6535704995,23.138194006463426,2514.2756311942358,False,False,3000.0,train
2023-07-28 22:00:00,23.21946995165475,32.56927120069776,43893.99033095031,43893.99033095031,16541.14009455723,10439.478,27.326977,18.570583,48773.36229065542,23.01898895006316,2394.580161209101,False,False,3000.0,train
2023-07-28 23:00:00,23.191691696969286,32.17628852879753,38338.33939385727,38338.33939385727,14953.81125538779,10098.905,25.996262,0.0,,23.268726831423443,2307.129263983865,True,False,3000.0,train
2023-07-29 00:00:00,23.1726374847064,31.79056361157402,34527.49694127988,34527.49694127988,13864.999126079967,10000.037,24.815907,15.076713,35919.62432179588,22.671319759254864,2252.3173045836775,False,False,3000.0,train
2023-07-29 01:00:00,23.145342310215284,31.415142551576217,29068.462043056796,29068.462043056796,12305.274869444798,10000.165,23.241945,4.476337,29195.333477648637,23.355244292821144,2181.8519512088283,False,False,3000.0,train
2023-07-29 02:00:00,23.1323384001312,31.041041961910608,26467.680026240003,26467.680026240003,11562.194293211429,10000.74,22.700891,0.0,31266.218269109948,22.84626715572299,2151.8560075837513,False,False,3000.0,train
2023-07-29 03:00:00,23.1385263928528,30.682125200246784,27705.278570559956,27705.278570559956,11915.793877302844,10003.316,23.485798,0.0,31461.91300248543,23.249708825500086,2165.8310678825105,False,False,3000.0,train
2023-07-29 04:00:00,23.132140576331537,30.34120566973961,26428.115266307374,26428.115266307374,11550.89007608782,10014.836,23.247831,0.0,34554.0894450878,22.975654475124088,2151.4183109930773,False,False,3000.0,train
2023-07-29 05:00:00,23.13571558722507,30.01659819146511,27143.117445014297,27143.117445014297,11755.176412861227,10065.922,23.772486,0.0,31050.47908575838,23.05638997340766,2159.415185222716,False,False,3000.0,train
2023-07-29 06:00:00,23.145616452909728,29.71144714702869,29123.29058194558,29123.29058194558,12320.940166270166,10284.556,24.66583,0.0,32969.45652470451,22.918543491080207,2182.5098966301152,False,False,3000.0,train
2023-07-29 07:00:00,23.18082562496061,29.481578669066298,36165.12499212234,36165.12499212234,14332.892854892098,11094.553,26.068718,95.96411,38785.308937163936,23.13245679560637,2275.3295671454384,False,False,3000.0,train
2023-07-29 08:00:00,23.242392670268547,29.468687332496,48478.53405370941,48478.53405370941,17851.00972963126,13000.0,26.910812,357.04498,53498.32539315731,23.809206534073752,2472.8832236070098,False,False,3000.0,train
2023-07-29 09:00:00,23.32322671852919,29.770967490405695,64645.34370583834,64645.34370583834,22470.098201668097,14905.445,28.52649,647.04156,69386.75506132831,23.738744606643785,2785.8783922779858,False,False,3000.0,train
2023-07-29 10:00:00,23.39984501716292,30.34350843068835,79969.00343258417,79969.00343258417,26848.28669502405,15715.437,31.000818,843.6741,86878.62324994538,23.506188703661557,3123.3855604136666,False,False,3000.0,train
2023-07-29 11:00:00,23.447102192288398,31.090273422752293,89420.43845767956,89420.43845767956,29548.69670219416,15934.041,31.98661,986.4198,90676.03764887845,23.439513912618914,3346.104202287683,False,False,3000.0,train
2023-07-29 12:00:00,23.493624438533764,31.94569585263434,98724.8877067529,98724.8877067529,32207.11077335797,15984.999,33.50886,1084.8995,100168.83477462648,23.74688479574163,3573.7855430117615,False,False,3000.0,train
2023-07-29 13:00:00,23.50645016637482,32.81123444393755,101290.03327496377,101290.03327496377,32940.009507132505,15995.943,33.879986,1063.1611,102547.14419249046,23.845441284607087,3637.8157947811133,False,False,3000.0,train
2023-07-29 14:00:00,23.514064956706452,33.562134770655334,102812.99134129043,102812.99134129043,33375.14038322584,15995.943,35.272346,938.25336,108720.03053577036,23.265119442044192,3676.0658413159354,False,False,3000.0,train
2023-07-29 15:00:00,23.488588953976624,34.110009938340475,97717.79079532479,97717.79079532479,31919.368798664225,15984.999,35.064213,751.24713,106035.20269965297,23.465357293686964,3548.787113103148,False,False,3000.0,train
2023-07-29 16:00:00,23.444109308515113,34.36971885537417,88821.86170302262,88821.86170302262,29377.674772292175,15934.041,34.914154,466.10437,90293.13140718063,22.89752183964469,3331.724899320439,False,False,3000.0,train
2023-07-29 17:00:00,23.401663178559453,34.34374302704426,80332.63571189053,80332.63571189053,26952.181631968724,15715.437,34.341743,261.22324,82002.3410234717,23.73859381163772,3131.7725211734933,False,False,3000.0,train
2023-07-29 18:00:00,23.33688476555076,34.06649936074048,67376.95311015201,67376.95311015201,23250.558031472003,14905.445,32.849937,24.246864,71270.04253060193,23.956392042861015,2843.5344958988735,False,False,3000.0,train
2023-07-29 19:00:00,23.29517935488732,33.6484313009047,59035.8709774641,59035.8709774641,20867.391707846888,13000.0,31.179811,3.2879627,61379.32840295296,23.319204142274245,2671.4622692190524,False,False,3000.0,train
2023-07-29 20:00:00,23.26456660079316,33.22587223568202,52913.320158631905,52913.320158631905,19118.09147389483,11094.553,30.049093,0.0,58344.291336338916,22.627063563322256,2553.3972478227693,False,False,3000.0,train
2023-07-29 21:00:00,23.249652229659407,32.81760287927028,49930.44593188145,49930.44593188145,18265.84169482327,10284.556,29.57831,5.089772,47303.820614644195,23.432319384632518,2498.748584363958,False,False,3000.0,train
2023-07-29 22:00:00,23.220734229010038,32.42018421138006,44146.84580200756,44146.84580200756,16613.384514859303,10065.922,27.89346,0.0,45163.778793801706,22.949507479165312,2398.7600119310828,False,False,3000.0,train
2023-07-29 23:00:00,23.187695841655042,32.02697265004516,37539.168331008455,37539.168331008455,14725.476666002416,10014.836,25.787333,3.7750435,38743.31059163664,22.988691009155705,2295.2712787566984,False,False,3000.0,train
2023-07-30 00:00:00,23.174081920817063,31.6719280706466,34816.38416341255,34816.38416341255,13947.538332403585,10000.037,24.547318,57.17196,32580.927430823696,23.362054837754364,2256.316144868199,False,False,3000.0,train
2023-07-30 01:00:00,23.155613124433163,31.324644610988017,31122.62488663262,31122.62488663262,12892.178539037892,10000.165,24.129118,0.0,31995.67683783359,23.23197936208698,2207.2054734099042,False,False,3000.0,train
2023-07-30 02:00:00,23.13688258384324,30.95756144934868,27376.516768647718,27376.516768647718,11821.861933899349,10000.74,23.047709,2.1453505,28397.88949879461,22.990449951241658,2162.0652865595075,False,False,3000.0,train
2023-07-30 03:00:00,23.1239721501751,30.6033039378418,24794.430035019843,24794.430035019843,11084.122867148526,10003.316,22.390924,4.084755,27365.304208037593,22.9290904603946,2133.8433364906023,False,False,3000.0,train
2023-07-30 04:00:00,23.13558847771232,30.265720496801247,27117.695542464306,27117.695542464306,11747.91301213266,10014.836,23.62129,0.0,32520.731040023198,23.17333929427857,2159.1277105304375,False,False,3000.0,train
2023-07-30 05:00:00,23.138812087873067,29.952996234130147,27762.41757461335,27762.41757461335,11932.119307032386,10065.922,23.905348,12.106533,30231.49625299611,23.015972422119358,2166.48947530988,False,False,3000.0,train
2023-07-30 06:00:00,23.131839708782845,29.654398068262182,26367.941756569024,26367.941756569024,11533.697644734006,10284.556,23.661451,0.0,27150.915324299247,22.799068568701944,2150.7537091052604,False,False,3000.0,train
2023-07-30 07:00:00,23.186787364866543,29.46161142495378,37357.472973308606,37357.472973308606,14673.563706659601,11094.553,25.785353,165.62321,40226.898893394144,23.087018410423035,2292.6017334583726,False,False,3000.0,train
2023-07-30 08:00:00,23.251698683446822,29.495929912744142,50339.7366893644,50339.7366893644,18382.781911246973,13000.0,27.415182,369.92435,55969.100629137545,23.353576470423377,2506.1285244294804,False,False,3000.0,train
2023-07-30 09:00:00,23.327953552442537,29.79451747159752,65590.7104885074,65590.7104885074,22740.202996716398,14905.445,29.103127,623.3375,65852.46724152695,23.274522512396647,2805.695488136315,False,False,3000.0,train
2023-07-30 10:00:00,23.392105251681162,30.347530323492876,78421.05033623241,78421.05033623241,26406.01438178069,15715.437,30.524403,833.43274,78609.32321763273,22.968052672206706,3087.8592944391276,False,False,3000.0,train
2023-07-30 11:00:00,23.4468000144169,31.101566143576658,89360.00288338022,89360.00288338022,29531.429395251493,15934.041,31.656332,1014.75464,94228.15411769785,23.743519400829562,3344.6508194108915,False,False,3000.0,train
2023-07-30 12:00:00,23.482323885117108,31.947728389855563,96464.77702342153,96464.77702342153,31561.364863834722,15984.999,33.106964,1045.7375,98685.45755746006,22.660680454034107,3517.7987272668956,False,False,3000.0,train
2023-07-30 13:00:00,23.510687506176236,32.79300408763414,102137.50123524718,102137.50123524718,33182.14321007062,15995.943,34.2247,1065.9989,107506.69914540196,23.376777959667706,3659.0794255826295,False,False,3000.0,train
2023-07-30 14:00:00,23.50134907035554,33.53170590511957,100269.81407110824,100269.81407110824,32648.518306030925,15995.943,34.59898,914.1741,103220.51791478076,23.315289533989368,3612.289032243842,False,False,3000.0,train
2023-07-30 15:00:00,23.480877270793062,34.055294157653954,96175.45415861244,96175.45415861244,31478.701188174982,15984.999,34.761868,735.02026,101638.75791545257,23.525330934154486,3510.661787235254,False,False,3000.0,train
2023-07-30 16:00:00,23.452299950446097,34.3270853438802,90459.99008921938,90459.99008921938,29845.711454062683,15934.041,35.207016,499.3871,89970.57783062491,23.620798492786918,3371.1583804751003,False,False,3000.0,train
2023-07-30 17:00:00,23.39266837379559,34.31664889341541,78533.6747591181,78533.6747591181,26438.19278831946,15715.437,33.728138,254.78824,,23.730697816273903,3090.4343164115057,True,False,3000.0,train
2023-07-30 18:00:00,23.34479698798229,34.05851126309653,68959.39759645771,68959.39759645771,23702.685027559346,14905.445,33.013485,65.27987,71353.14248321834,23.13107552597664,2877.4743552601303,False,False,3000.0,train
2023-07-30 19:00:00,23.295622574562195,33.66678480176464,59124.51491243899,59124.51491243899,20892.718546411143,13000.0,31.09812,8.762625,58874.16363770629,23.47159727576224,2673.226035573516,False,False,3000.0,train
2023-07-30 20:00:00,23.27312676023701,33.24829610064094,54625.35204740178,54625.35204740178,19607.243442114792,11094.553,30.67993,0.0,53582.76033125025,23.331872276601448,2585.640380577377,False,False,3000.0,train
2023-07-30 21:00:00,23.24846249602611,32.84923017740635,49692.499205222164,49692.499205222164,18197.85691577776,10284.556,29.241934,21.561483,54403.083649067354,22.735000683471142,2494.475902776955,False,False,3000.0,train
2023-07-30 22:00:00,23.21785882414918,32.460843961920745,43571.76482983576,43571.76482983576,16449.075665667362,10065.922,27.577108,6.4619837,45733.24206360939,23.78802090077941,2389.277887008512,False,False,3000.0,train
2023-07-30 23:00:00,23.194825641248325,32.07110155883695,38965.12824966507,38965.12824966507,15132.893785618591,10014.836,26.277697,5.831069,39596.95400849001,22.763193103076265,2316.5606181495796,False,False,3000.0,train
2023-07-31 00:00:00,23.169544472960997,31.685879516535966,33908.89459219934,33908.89459219934,13688.255597771242,10000.246,24.827343,0.0,36693.08414903726,23.29539365465391,2243.8430914879937,False,False,3000.0,train
2023-07-31 01:00:00,23.151275287883575,31.306424050092502,30255.05757671496,30255.05757671496,12644.302164775703,10001.102,23.834555,0.0,35732.55055116637,23.2682632711429,2196.322302867524,False,False,3000.0,train
2023-07-31 02:00:00,23.14090978774112,30.94425601890988,28181.957548223836,28181.957548223836,12051.987870921097,10004.936,23.287724,9.81756,26229.65661152893,23.223600822439842,2171.3591269352246,False,False,3000.0,train
2023-07-31 03:00:00,23.130196693329555,30.59962487770811,26039.338665911062,26039.338665911062,11439.81104740316,10022.111,22.786777,8.793564,25825.834625109157,22.981823628681074,2147.147512944141,False,False,3000.0,train
2023-07-31 04:00:00,23.136277292304282,30.268001629699853,27255.458460856375,27255.458460856375,11787.273845958964,10098.905,23.573477,3.59925,28261.388505565013,23.38445308764643,2160.6883195686323,False,False,3000.0,train
2023-07-31 05:00:00,23.13767715841567,29.961657575529525,27535.431683133993,27535.431683133993,11867.26619518114,10439.478,23.558119,22.503618,33697.24853821052,22.669566916232743,2163.880772634871,False,False,3000.0,train
2023-07-31 06:00:00,23.144687365648704,29.66875570212162,28937.47312974071,28937.47312974071,12267.849465640202,11897.035,24.066118,0.0,32553.593091154158,23.124938729046526,2180.2842970633483,False,False,3000.0,train
2023-07-31 07:00:00,23.21309617744151,29.44631168966476,42619.23548830211,42619.23548830211,16176.924425229174,17297.02,26.233614,107.230385,47440.666141641384,23.04393377447577,2373.7647967409525,False,False,3000.0,train
2023-07-31 08:00:00,23.332503383714865,29.42756542048775,66500.67674297304,66500.67674297304,23000.193355135154,29999.998,28.081068,320.6877,66279.82688018908,23.129314001094755,2824.9081412580576,False,False,3000.0,train
2023-07-31 09:00:00,23.450590745406988,29.700869038123294,90118.14908139755,90118.14908139755,29748.042594685016,42702.97,28.50964,613.2061,89353.25251436117,23.579215081643053,3362.908371405813,False,False,3000.0,train
2023-07-31 10:00:00,23.547558730343876,30.261478512953644,109511.74606877529,109511.74606877529,35289.07030536437,48102.91,30.405962,843.6354,114234.14382582343,23.87080229315978,3846.237157837349,False,False,3000.0,train
2023-07-31 11:00:00,23.606796514737933,31.022397361734185,121359.30294758665,121359.30294758665,38674.08655645333,49560.277,31.619524,999.8452,124601.371406549,23.503819786186874,4153.946601815158,False,False,3000.0,train
2023-07-31 12:00:00,23.64940429645853,31.885224760273818,129880.85929170623,129880.85929170623,41108.81694048749,49899.992,32.984108,1073.3885,135284.1933592473,23.883608623436263,4379.741299359677,False,False,3000.0,train
2023-07-31 13:00:00,23.66476065566043,32.71983534818607,132952.13113208604,132952.13113208604,41986.32318059601,49972.953,34.10829,1004.4988,135114.76003135843,23.67968285529381,4461.910157691104,False,False,3000.0,train
2023-07-31 14:00:00,23.66313732346128,33.443552891803265,132627.46469225633,132627.46469225633,41893.561340644665,49972.953,34.19253,933.6976,136866.09588737963,23.39531766068988,4453.205581558764,False,False,3000.0,train
2023-07-31 15:00:00,23.643347014245858,33.97861992230144,128669.40284917163,128669.40284917163,40762.68652833475,49899.992,34.78264,719.994,132356.81606824865,23.56596138627354,4347.439902587058,False,False,3000.0,train
2023-07-31 16:00:00,23.60377181090963,34.25909094050828,120754.3621819262,120754.3621819262,38501.2463376932,49560.277,34.102867,518.6678,126972.80220538336,23.513926043672146,4138.04958734999,False,False,3000.0,train
2023-07-31 17:00:00,23.54516683232425,34.243072680283575,109033.36646484974,109033.36646484974,35152.39041852849,48102.91,33.86256,214.93474,115127.4247991199,23.336168858572616,3833.985850572795,False,False,3000.0,train
2023-07-31 18:00:00,23.469288772793107,33.94913892177108,93857.75455862131,93857.75455862131,30816.50130246323,42702.97,32.661915,25.603443,91263.13075244898,23.597833651389855,3453.744385693267,False,False,3000.0,train
2023-07-31 19:00:00,23.38376917869749,33.54393809015006,76753.8357394983,76753.8357394983,25929.667354142373,29999.998,31.470076,7.034871,72899.83752474136,23.454163035008918,3049.923961454334,False,False,3000.0,train
2023-07-31 20:00:00,23.292551032409936,33.13043637107931,58510.20648198712,58510.20648198712,20717.20185199632,17297.02,29.75865,0.0,64175.88464679085,22.81535612292911,2661.033603002467,False,False,3000.0,train
2023-07-31 21:00:00,23.25398301160049,32.72273778638756,50796.60232009786,50796.60232009786,18513.31494859939,11897.035,29.381443,0.0,56783.03198536798,22.758525213028683,2514.4115268864707,False,False,3000.0,train
2023-07-31 22:00:00,23.221469728468865,32.3408051415307,44293.94569377294,44293.94569377294,16655.413055363697,10439.478,27.54441,28.089432,44843.226374587626,23.34887506443059,2401.1993383746,False,False,3000.0,train
2023-07-31 23:00:00,23.179503531471678,31.966032893440953,35900.70629433555,35900.70629433555,14257.344655524443,10098.905,25.126715,8.8075,34675.982750753356,22.934917602833316,2271.557756516204,False,False,3000.0,train
2023-08-01 00:00:00,23.161973217661217,31.581780718483962,32394.64353224335,32394.64353224335,13255.612437783815,10000.246,24.393951,0.0,35614.85902320449,23.252585564191314,2223.6167917658395,False,False,3000.0,train
2023-08-01 01:00:00,23.149893456172087,31.224014716280376,29978.691234417453,29978.691234417453,12565.3403526907,10001.102,23.410995,35.701168,35019.9347273339,23.384172929604844,2192.908966490785,False,False,3000.0,train
2023-08-01 02:00:00,23.13354943390259,30.88121792199688,26709.886780518133,26709.886780518133,11631.39622300518,10004.936,22.80339,8.237559,33582.89011419988,22.75226358268092,2154.5478056068487,False,False,3000.0,train
2023-08-01 03:00:00,23.122133756146187,30.533350063679727,24426.751229237452,24426.751229237452,10979.071779782129,10022.111,22.29657,5.4363103,28526.477123846253,22.69867257977333,2130.0233703068957,False,False,3000.0,train
2023-08-01 04:00:00,23.1320183997429,30.198527776699205,26403.679948580106,26403.679948580106,11543.908556737173,10098.905,23.381521,0.0,28604.062219459596,23.63434790446149,2151.14827088798,False,False,3000.0,train
2023-08-01 05:00:00,23.13681985747939,29.894518859756,27363.971495878304,27363.971495878304,11818.277570250944,10439.478,23.520824,26.02979,28433.092444638427,23.24229109236813,2161.922348842464,False,False,3000.0,train
2023-08-01 06:00:00,23.154163717041627,29.60904303999713,30832.743408325314,30832.743408325314,12809.355259521519,11897.035,24.819942,0.0,33857.976797259726,23.028391520039644,2203.540845883113,False,False,3000.0,train
2023-08-01 07:00:00,23.21907497325883,29.419722869847185,43814.994651766174,43814.994651766174,16518.56990050462,17297.02,26.086025,158.00775,46098.771095093936,22.93889283746495,2393.277748340311,False,False,3000.0,train
2023-08-01 08:00:00,23.339035844302284,29.460598924344147,67807.16886045682,67807.16886045682,23373.47681727338,29999.998,27.872587,377.37158,67911.46086880777,23.1859035896301,2852.7234240254443,False,False,3000.0,train
2023-08-01 09:00:00,23.44583706569725,29.758533872925792,89167.41313945025,89167.41313945025,29476.40375412864,42702.97,28.149374,607.5738,99010.30142621977,23.088665364863257,3340.0216779810376,False,False,3000.0,train
2023-08-01 10:00:00,23.56178546926038,30.33029994115712,112357.0938520757,112357.0938520757,36102.02681487877,48102.91,31.123678,871.6195,122353.88482859607,23.826809121487557,3919.4010875382137,False,False,3000.0,train
2023-08-01 11:00:00,23.61844657318452,31.108188107910706,123689.31463690416,123689.31463690416,39339.80418197262,49560.277,32.38285,999.1154,131478.1529109478,23.385421227102626,4215.34600001143,False,False,3000.0,train
2023-08-01 12:00:00,23.65589190157767,31.971535995936073,131178.38031553433,131178.38031553433,41479.53723300981,49899.992,33.34719,1075.0739,130113.37171137467,23.98395227804255,4414.407176052779,False,False,3000.0,train
2023-08-01 13:00:00,23.681502102767666,32.81950906556419,136300.42055353327,136300.42055353327,42942.97730100951,49972.953,35.024914,1025.8978,143192.40467051763,23.561313426836662,4551.9253265802845,False,False,3000.0,train
2023-08-01 14:00:00,23.669222045550697,33.54383330458891,133844.4091101394,133844.4091101394,42241.25974575411,49972.953,34.75287,912.6852,139713.68030784916,23.3562169904655,4485.854797587426,False,False,3000.0,train
2023-08-01 15:00:00,23.652753934470685,34.07560004090586,130550.78689413691,130550.78689413691,41300.22482689626,49899.992,35.203915,736.864,135496.93918718823,23.524863458066545,4397.630857951871,False,False,3000.0,train
2023-08-01 16:00:00,23.605149948718005,34.3500801163968,121029.9897436009,121029.9897436009,38579.99706960026,49560.277,34.37551,494.8741,129210.21518963666,22.817899915467578,4145.290409079022,False,False,3000.0,train
2023-08-01 17:00:00,23.55974405857461,34.33729054072676,111948.8117149217,111948.8117149217,35985.37477569192,48102.91,34.52522,245.80075,117432.39638703153,23.523513485572405,3908.872318194173,False,False,3000.0,train
2023-08-01 18:00:00,23.482480729450735,34.07576907230933,96496.14589014703,96496.14589014703,31570.327397184865,42702.97,33.185093,53.504192,102099.9399593661,23.431444972111688,3518.572942897061,False,False,3000.0,train
2023-08-01 19:00:00,23.39174152032287,33.6931858585931,78348.30406457414,78348.30406457414,26385.229732735468,29999.998,31.694843,25.662241,83313.92223809732,23.63916434428726,3086.1968626151297,False,False,3000.0,train
2023-08-01 20:00:00,23.314724876510606,33.28917678887364,62944.97530212127,62944.97530212127,21984.278657748935,17297.02,31.275013,0.0,66882.36002472621,22.748833398115593,2750.6113728053606,False,False,3000.0,train
2023-08-01 21:00:00,23.249518407331603,32.88160768557956,49903.681466320646,49903.681466320646,18258.19470466304,11897.035,28.753403,7.585206,48447.744041051585,23.59807831559067,2498.2673358755655,False,False,3000.0,train
2023-08-01 22:00:00,23.215463552074596,32.47813783070439,43092.710414919115,43092.710414919115,16312.202975691176,10439.478,27.325953,0.0,46291.84946838805,23.461643340573893,2381.445678955048,False,False,3000.0,train
2023-08-01 23:00:00,23.190600569691775,32.0878667496751,38120.1139383549,38120.1139383549,14891.461125244257,10098.905,25.796412,17.037964,39838.718545631826,23.566213638801372,2303.872561146958,False,False,3000.0,train
2023-08-02 00:00:00,23.162755745954616,31.704671995415055,32551.149190923214,32551.149190923214,13300.328340263775,10000.246,24.31059,0.0,32702.641934407686,23.146939333153377,2225.672838106438,False,False,3000.0,train
2023-08-02 01:00:00,23.156717508726075,31.34078691547619,31343.501745215006,31343.501745215006,12955.286212918572,10001.102,23.871857,32.309402,38060.344475435384,23.4608865589569,2210.0166495949907,False,False,3000.0,train
2023-08-02 02:00:00,23.143047345803797,30.996604226970305,28609.46916075946,28609.46916075946,12174.134045931274,10004.936,23.355309,12.313878,35372.42864000113,22.701674135331725,2176.3849735500385,False,False,3000.0,train
2023-08-02 03:00:00,23.133670646441416,30.652241908956533,26734.12928828327,26734.12928828327,11638.322653795221,10022.111,22.99725,9.333685,32663.0028364029,23.347584916002777,2154.8183918656305,False,False,3000.0,train
2023-08-02 04:00:00,23.116945625566604,30.312282191142014,23389.12511332083,23389.12511332083,10682.607175234523,10098.905,22.115713,0.0,26930.053912263862,22.88559679693662,2119.515523936996,False,False,3000.0,train
2023-08-02 05:00:00,23.14020416128827,29.986142219046144,28040.832257654103,28040.832257654103,12011.666359329743,10439.478,24.062546,0.0,33971.302679495464,22.64478361156139,2169.714139312298,False,False,3000.0,train
2023-08-02 06:00:00,23.1503558830563,29.682840556921406,30071.176611259885,30071.176611259885,12591.764746074254,11897.035,24.472765,0.0,33097.6218720913,22.813113727606993,2194.0483350434706,False,False,3000.0,train
2023-08-02 07:00:00,23.20386406016781,29.46500539358158,40772.81203356193,40772.81203356193,15649.37486673198,17297.02,25.36897,119.4479,44248.24861233322,23.20552340175659,2344.393307662295,False,False,3000.0,train
2023-08-02 08:00:00,23.32924078407777,29.46191543218415,65848.1568155537,65848.1568155537,22813.759090158197,29999.998,27.543898,346.72223,65774.28027497977,23.081951021612486,2811.1175323001303,False,False,3000.0,train
2023-08-02 09:00:00,23.45611796906158,29.739596352833026,91223.59381231604,91223.59381231604,30063.883946376012,42702.97,29.08064,597.92706,95569.24616675163,23.56894002857032,3389.6267731464154,False,False,3000.0,train
2023-08-02 10:00:00,23.537611244507275,30.27294165462249,107522.248901455,107522.248901455,34720.64254327286,48102.91,29.991184,812.05774,110751.4366156339,22.99513997800607,3795.3828012393947,False,False,3000.0,train
2023-08-02 11:00:00,23.623909339412137,31.023626865541672,124781.86788242738,124781.86788242738,39651.96225212211,49560.277,32.844475,1008.6217,122253.1165551972,22.98578007632738,4244.227031746158,False,False,3000.0,train
2023-08-02 12:00:00,23.64555976678395,31.894438363062246,129111.95335679011,129111.95335679011,40889.12953051146,49899.992,32.614292,1073.8748,131888.773249744,24.057275997027023,4359.232369310605,False,False,3000.0,train
2023-08-02 13:00:00,23.66532324854249,32.76280865649422,133064.64970849775,133064.64970849775,42018.47134528507,49972.953,33.35845,1072.0436,135708.66295661396,23.93646328736292,4464.927871963968,False,False,3000.0,train
2023-08-02 14:00:00,23.658522736799583,33.50018295704707,131704.54735991656,131704.54735991656,41629.870674261874,49972.953,34.18939,899.64746,142665.01994596922,23.34373368602544,4428.484957155489,False,False,3000.0,train
2023-08-02 15:00:00,23.659166297526347,34.04137945179031,131833.2595052695,131833.2595052695,41666.64557293414,49899.992,35.42382,765.184,138796.35078137158,23.658266404485186,4431.930446273424,False,False,3000.0,train
2023-08-02 16:00:00,23.60421901795935,34.32085699455335,120843.80359186966,120843.80359186966,38526.801026248475,49560.277,34.58071,470.55426,123891.19227436623,23.910071136019745,4140.3988189418815,False,False,3000.0,train
2023-08-02 17:00:00,23.5504789815912,34.29275942986265,110095.79631824025,110095.79631824025,35455.9418052115,48102.91,33.90283,242.58705,114056.41743842693,23.676239164078382,3861.2143077343817,False,False,3000.0,train
2023-08-02 18:00:00,23.485345810850898,34.04735120225279,97069.16217017962,97069.16217017962,31734.046334337036,42702.97,33.073277,86.45127,100225.35255696462,23.529812739705942,3532.729825500185,False,False,3000.0,train
2023-08-02 19:00:00,23.39016042952235,33.68136393754193,78032.08590446999,78032.08590446999,26294.881686991426,29999.998,31.616856,21.774105,80407.318200724,23.71870665391613,3078.9780427184483,False,False,3000.0,train
2023-08-02 20:00:00,23.299341049540175,33.27158430935304,59868.20990803494,59868.20990803494,21105.202830867125,17297.02,30.132309,0.0,59958.557353198106,23.080127306979808,2688.0815281224786,False,False,3000.0,train
2023-08-02 21:00:00,23.248035384546892,32.86573837855571,49607.076909378375,49607.076909378375,18173.450545536678,11897.035,28.599014,17.172253,52230.51285307699,23.25738891914628,2492.9452203254855,False,False,3000.0,train
2023-08-02 22:00:00,23.223624247455753,32.48578683364202,44724.84949115056,44724.84949115056,16778.52842604302,10439.478,27.585768,30.725727,45927.9634286,23.218269655968037,2408.3772432502064,False,False,3000.0,train
2023-08-02 23:00:00,23.196187733697304,32.110004825775064,39237.546739460784,39237.546739460784,15210.727639845938,10098.905,26.263683,8.851176,39335.94537405332,23.114359119395992,2320.6952765751544,False,False,3000.0,train
2023-08-03 00:00:00,23.16333537942778,31.72983107240939,32667.07588555633,32667.07588555633,13333.450253016093,10000.246,24.169561,13.273012,36805.66959549168,23.046393726001558,2227.2009478763757,False,False,3000.0,train
2023-08-03 01:00:00,23.15008703953501,31.3531156514497,30017.407907001827,30017.407907001827,12576.402259143379,10001.102,23.733778,0.0,33875.60216980949,23.171947510883555,2193.3855793521125,False,False,3000.0,train
2023-08-03 02:00:00,23.14065009740496,30.98324070405072,28130.019480992276,28130.019480992276,12037.14842314065,10004.936,23.353968,0.0,27251.518951318718,23.15097234620062,2170.7529100293527,False,False,3000.0,train
2023-08-03 03:00:00,23.12396765420581,30.625446942663043,24793.53084116198,24793.53084116198,11083.865954617708,10022.111,22.401539,0.0,27531.7421985943,22.809439361445452,2133.833933185637,False,False,3000.0,train
2023-08-03 04:00:00,23.12574757691619,30.281986879728183,25149.515383238,25149.515383238,11185.575823782285,10098.905,22.837658,0.0,30277.90676456871,23.366286349886323,2137.580012914266,False,False,3000.0,train
2023-08-03 05:00:00,23.129246764610738,29.95680508456304,25849.35292214752,25849.35292214752,11385.529406327863,10439.478,23.22286,0.0,31121.473057832838,22.83633120228086,2145.080451135659,False,False,3000.0,train
2023-08-03 06:00:00,23.14438402591243,29.650635968861998,28876.80518248601,28876.80518248601,12250.515766424574,11897.035,24.075188,0.0,34112.67838973322,23.078913992548276,2179.560251471045,False,False,3000.0,train
2023-08-03 07:00:00,23.20945529365873,29.432393743619585,41891.058731746256,41891.058731746256,15968.873923356074,17297.02,25.874985,115.418434,44982.974450673464,23.120871151842717,2362.0700077474316,False,False,3000.0,train
2023-08-03 08:00:00,23.32091417094542,29.4252536169179,64182.8341890843,64182.8341890843,22337.952625452657,29999.998,26.986872,341.13898,64836.78797576779,23.428345254743185,2776.237126775942,False,False,3000.0,train
2023-08-03 09:00:00,23.454159759339575,29.69514021437868,90831.95186791499,90831.95186791499,29951.98624797571,42702.97,29.08669,589.9022,90168.88966359914,22.818428577274375,3380.147797378349,False,False,3000.0,train
2023-08-03 10:00:00,23.548999987955703,30.251313420714382,109799.99759114065,109799.99759114065,35371.427883183045,48102.91,30.375385,854.8482,114127.97610910863,23.81627293243454,3853.6262823362936,False,False,3000.0,train
2023-08-03 11:00:00,23.61474463682466,31.030162725588063,122948.9273649321,122948.9273649321,39128.26496140917,49560.277,31.99929,1017.9189,127540.31311960383,23.41164753254101,4195.806819453037,False,False,3000.0,train
2023-08-03 12:00:00,23.655685599425972,31.924974405275847,131137.1198851944,131137.1198851944,41467.74853862698,49899.992,32.959965,1111.2756,139818.5030784861,24.02167458785909,4413.303727436563,False,False,3000.0,train
2023-08-03 13:00:00,23.664120609762573,32.787557559952944,132824.12195251466,132824.12195251466,41949.7491292899,49972.953,33.776394,1022.597,140728.35659950325,23.520671132407728,4458.477614075328,False,False,3000.0,train
2023-08-03 14:00:00,23.667749983430394,33.51340738671897,133549.99668607875,133549.99668607875,42157.141910308215,49972.953,34.593525,924.7187,135957.883296039,23.65309690771019,4477.950586302452,False,False,3000.0,train
2023-08-03 15:00:00,23.64541281048108,34.043875122732224,129082.56209621597,129082.56209621597,40880.73202749028,49899.992,34.83224,723.4828,126659.75431791057,24.219548622501605,4358.448927496009,False,False,3000.0,train
2023-08-03 16:00:00,23.599964474948884,34.29673484873908,119992.89498977675,119992.89498977675,38283.68428279336,49560.277,34.34745,469.25015,121678.79304815258,23.516763012310783,4118.065730804309,False,False,3000.0,train
2023-08-03 17:00:00,23.550755914160455,34.257870496362855,110151.18283209091,110151.18283209091,35471.76652345454,48102.91,34.20103,222.2534,113990.26780651903,23.92241087956249,3862.6357285379436,False,False,3000.0,train
2023-08-03 18:00:00,23.485613952515042,33.993230750668786,97122.79050300836,97122.79050300836,31749.368715145247,42702.97,33.37552,65.596436,99408.6169691087,23.49732747818441,3534.0561387140024,False,False,3000.0,train
2023-08-03 19:00:00,23.39288510682989,33.618807289897,78577.02136597809,78577.02136597809,26450.577533136595,29999.998,31.897472,19.327091,79790.50461235893,23.517510755917936,3091.4257969542855,False,False,3000.0,train
2023-08-03 20:00:00,23.317850303470802,33.23758424733684,63570.06069416045,63570.06069416045,22162.874484045842,17297.02,31.07255,40.990746,67268.91268933381,23.338837880294214,2763.5190165789195,False,False,3000.0,train
2023-08-03 21:00:00,23.24599131805433,32.8494013620878,49198.26361086592,49198.26361086592,18056.64674596169,11897.035,28.581303,0.0,50945.60446665108,23.500346805944368,2485.643222204633,False,False,3000.0,train
2023-08-03 22:00:00,23.221545886036107,32.45906965482269,44309.177207221495,44309.177207221495,16659.764916349,10439.478,27.489563,28.448437,45800.90650289786,23.015886402180193,2401.452241103883,False,False,3000.0,train
2023-08-03 23:00:00,23.186476385345877,32.075926691368764,37295.27706917537,37295.27706917537,14655.79344833582,10098.905,25.670746,0.0,41009.03047389439,22.891261828440122,2291.6901890307736,False,False,3000.0,train
2023-08-04 00:00:00,23.166922783101928,31.684654053448114,33384.556620385556,33384.556620385556,13538.444748681588,10000.246,24.662756,0.0,35485.39745263515,22.975349925988823,2236.755632308938,False,False,3000.0,train
2023-08-04 01:00:00,23.146566336164625,31.312794289245453,29313.267232924998,29313.267232924998,12375.219209407142,10001.102,23.283413,17.857752,32846.585933952745,23.17647944906185,2184.797673076843,False,False,3000.0,train
2023-08-04 02:00:00,23.141629978820294,30.95341044627447,28325.995764058833,28325.995764058833,12093.141646873952,10004.936,23.46204,0.0,31919.680479128685,23.075384343155196,2173.0452900073046,False,False,3000.0,train
2023-08-04 03:00:00,23.13531545670582,30.617161088633154,27063.09134116367,27063.09134116367,11732.311811761048,10022.111,22.881954,32.583477,27603.621286279038,23.348397919647173,2158.511019579504,False,False,3000.0,train
2023-08-04 04:00:00,23.135153659966612,30.295884691837948,27030.731993322377,27030.731993322377,11723.066283806394,10098.905,23.492887,0.0,28992.14335698433,23.526573169913068,2158.1460619905547,False,False,3000.0,train
2023-08-04 05:00:00,23.131951048209928,29.9848345008779,26390.209641985508,26390.209641985508,11540.059897710145,10439.478,23.108955,23.115118,32482.867120674502,22.839199547039424,2150.9994998728266,False,False,3000.0,train
2023-08-04 06:00:00,23.148814660605453,29.69076014663963,29762.93212109056,29762.93212109056,12503.694891740159,11897.035,24.371498,0.0,30217.673181962276,22.928630023121272,2190.2622937904443,False,False,3000.0,train
2023-08-04 07:00:00,23.204730326212427,29.471301844207314,40946.06524248548,40946.06524248548,15698.875783567279,17297.02,25.45452,117.24434,38978.045825204084,22.77385850071857,2347.109335535456,False,False,3000.0,train
2023-08-04 08:00:00,23.317591518393815,29.447257865361927,63518.30367876303,63518.30367876303,22148.086765360866,29999.998,27.045855,314.39865,61375.05377808173,23.926703415621546,2762.447721135154,False,False,3000.0,train
2023-08-04 09:00:00,23.450436933901955,29.713427129287716,90087.38678039094,90087.38678039094,29739.25336582598,42702.97,28.534502,614.3896,93185.25926740385,23.541837783638503,3362.1664936804927,False,False,3000.0,train
2023-08-04 10:00:00,23.542309114430704,30.259081989014412,108461.82288614089,108461.82288614089,34989.09225318311,48102.91,30.316244,817.1101,111579.9073420382,23.686249810446178,3819.367790800741,False,False,3000.0,train
2023-08-04 11:00:00,23.610615091296008,31.012257729851097,122123.01825920165,122123.01825920165,38892.29093120047,49560.277,31.804647,1011.3799,124632.10558347174,23.208552575786694,4174.042217067716,False,False,3000.0,train
2023-08-04 12:00:00,23.649135870665035,31.87851734244968,129827.1741330069,129827.1741330069,41093.478323716256,49899.992,33.037792,1065.8698,138143.27182430497,23.64878487396297,4378.308535156686,False,False,3000.0,train
2023-08-04 13:00:00,23.662099521013893,32.71469890007132,132419.9042027786,132419.9042027786,41834.258343651025,49972.953,33.78549,1015.8563,,23.81487391633782,4447.642962982275,True,False,3000.0,train
2023-08-04 14:00:00,23.66330351077979,33.423619734615464,132660.70215595816,132660.70215595816,41903.05775884519,49972.953,34.68207,894.59564,137424.22984364975,23.587476203619463,4454.096508480778,False,False,3000.0,train
2023-08-04 15:00:00,23.644363552353155,33.928094909083875,128872.7104706311,128872.7104706311,40820.774420180314,49899.992,35.161793,696.85474,138669.42658175662,23.967075239801073,4352.856298299129,False,False,3000.0,train
2023-08-04 16:00:00,23.59461475598239,34.16303630705808,118922.95119647827,118922.95119647827,37977.98605613665,49560.277,34.24619,452.72842,117310.28630179557,24.288164093675242,4090.036856698477,False,False,3000.0,train
2023-08-04 17:00:00,23.550520644318667,34.134206454279415,110104.1288637333,110104.1288637333,35458.32253249523,48102.91,34.008053,247.53925,111637.53331168828,23.266401796190483,3861.4281391160744,False,False,3000.0,train
2023-08-04 18:00:00,23.473471020196286,33.86455921160996,94694.2040392571,94694.2040392571,31055.486868359174,42702.97,33.02456,25.155067,95078.4822995083,23.166844846403276,3474.2327283539325,False,False,3000.0,train
2023-08-04 19:00:00,23.389028119915288,33.46198555548299,77805.62398305761,77805.62398305761,26230.178280873602,29999.998,31.998888,0.0,78056.56897032348,23.125701300256715,3073.8158062990133,False,False,3000.0,train
2023-08-04 20:00:00,23.299817157092793,33.05211350499009,59963.4314185586,59963.4314185586,21132.40897673103,17297.02,30.338917,0.061456505,62085.789548265704,23.78167690509774,2689.9910402712053,False,False,3000.0,train
2023-08-04 21:00:00,23.2458989774617,32.64798099570545,49179.79549233991,49179.79549233991,18051.370140668543,11897.035,28.805279,0.0,55727.545048301356,23.558605572570606,2485.3142771491775,False,False,3000.0,train
2023-08-04 22:00:00,23.20694000955537,32.25021245422494,41388.001911074214,41388.001911074214,15825.143403164062,10439.478,26.862192,1.4178755,48713.34831068551,23.166281664217276,2354.075196753913,False,False,3000.0,train
2023-08-04 23:00:00,23.18775149538104,31.867781705876038,37550.29907620795,37550.29907620795,14728.656878916558,10098.905,25.820227,14.021467,39779.17237541276,23.198719394701303,2295.43513623047,False,False,3000.0,train
2023-08-05 00:00:00,23.160111930046625,31.497869553648087,32022.386009325033,32022.386009325033,13149.253145521438,10000.037,24.176031,9.726638,39249.25481152338,22.91514884218761,2218.7586360749547,False,False,3000.0,train
2023-08-05 01:00:00,23.14847987885868,31.129872305718838,29695.975771736015,29695.975771736015,12484.56450621029,10000.165,23.797556,0.0,32773.86848271859,23.415488026181634,2189.4441941579553,False,False,3000.0,train
2023-08-05 02:00:00,23.132967988374546,30.768872467720755,26593.59767490912,26593.59767490912,11598.170764259748,10000.74,22.950583,0.0,33369.737736713294,23.01899744114198,2153.2527704766662,False,False,3000.0,train
2023-08-05 03:00:00,23.12672473416165,30.420709696936612,25344.94683233035,25344.94683233035,11241.413380665814,10003.316,22.80337,0.0,28145.31977541351,23.048701772325153,2139.6564436704057,False,False,3000.0,train
2023-08-05 04:00:00,23.12085287512823,30.087123698363392,24170.575025645747,24170.575025645747,10905.878578755928,10014.836,22.635395,0.0,27449.38634412507,23.303489806587006,2127.391601789227,False,False,3000.0,train
2023-08-05 05:00:00,23.135858163664082,29.77714395479924,27171.63273281642,27171.63273281642,11763.32363794755,10065.922,23.912777,8.625935,30960.96180846131,23.079459682239115,2159.7379153106413,False,False,3000.0,train
2023-08-05 06:00:00,23.145380052398348,29.488518872384095,29076.010479669632,29076.010479669632,12307.431565619894,10284.556,24.82171,0.0,39012.086331862876,23.074890254348993,2181.9424710272433,False,False,3000.0,train
2023-08-05 07:00:00,23.18646102280876,29.29418154669868,37292.20456175213,37292.20456175213,14654.915589072038,11094.553,26.132036,140.30469,42243.049053197574,23.189633584467483,2291.645188280247,False,False,3000.0,train
2023-08-05 08:00:00,23.26131797513799,29.332799798916557,52263.59502759834,52263.59502759834,18932.455722170955,13000.0,28.125465,382.65784,53466.20567971659,23.499924599275914,2541.325447219998,False,False,3000.0,train
2023-08-05 09:00:00,23.323314798933023,29.650085564636516,64662.959786604544,64662.959786604544,22475.131367601298,14905.445,28.766418,628.88257,70362.82653254281,23.81726272157817,2786.2463156597682,False,False,3000.0,train
2023-08-05 10:00:00,23.385762805144918,30.182128198983747,77152.56102898352,77152.56102898352,26043.588865423862,15715.437,30.821701,779.0594,79045.72801926771,23.561408674818743,3058.96484222979,False,False,3000.0,train
2023-08-05 11:00:00,23.438519318913183,30.890008708431594,87703.86378263666,87703.86378263666,29058.246795039046,15934.041,31.737894,970.1792,89085.25825139742,23.679513586000464,3304.961565610553,False,False,3000.0,train
2023-08-05 12:00:00,23.48212744199773,31.726875710216376,96425.48839954585,96425.48839954585,31550.139542727386,15984.999,33.187702,1055.0975,102620.88415568757,23.422171223367393,3516.8291587425533,False,False,3000.0,train
2023-08-05 13:00:00,23.505410359896626,32.58046588421416,101082.07197932515,101082.07197932515,32880.5919940929,15995.943,34.129715,1053.9796,104194.9936736741,23.29307100094601,3632.6060546211343,False,False,3000.0,train
2023-08-05 14:00:00,23.49873244968045,33.317084597266934,99746.48993608994,99746.48993608994,32498.99712459713,15995.943,34.688816,905.2371,103749.14754207809,23.694928319350986,3599.2257541189942,False,False,3000.0,train
2023-08-05 15:00:00,23.485160878248863,33.856254319694564,97032.17564977251,97032.17564977251,31723.47875707786,15984.999,35.050728,752.13495,100081.56886931433,23.536533125629035,3531.8152273576648,False,False,3000.0,train
2023-08-05 16:00:00,23.439293193136045,34.13977113358613,87858.63862720902,87858.63862720902,29102.468179202577,15934.041,34.461407,490.27512,91972.27751824808,23.01250459851112,3308.659296948517,False,False,3000.0,train
2023-08-05 17:00:00,23.388057697809508,34.11122329166567,77611.53956190156,77611.53956190156,26174.725589114732,15715.437,33.99995,219.19481,81915.92847568159,23.28963681078183,3069.3966778264016,False,False,3000.0,train
2023-08-05 18:00:00,23.339810216414268,33.82443995838992,67962.04328285356,67962.04328285356,23417.726652243873,14905.445,33.24419,29.544178,65429.991325819756,23.3149411093698,2856.0384091364062,False,False,3000.0,train
2023-08-05 19:00:00,23.309881064092526,33.42415839792356,61976.21281850516,61976.21281850516,21707.48937671576,13000.0,32.48657,0.0,66796.45006711605,23.15674370398398,2730.740899424949,False,False,3000.0,train
2023-08-05 20:00:00,23.262403212621425,33.014165835177664,52480.64252428506,52480.64252428506,18994.469292652873,11094.553,30.003397,0.0,52981.06143238859,23.706923890984065,2545.347924309291,False,False,3000.0,train
2023-08-05 21:00:00,23.226504949158386,32.60724752353112,45300.98983167719,45300.98983167719,16943.139951907768,10284.556,28.064974,0.0,44813.439626944884,23.370456660229053,2418.0491541233705,False,False,3000.0,train
2023-08-05 22:00:00,23.21055012533127,32.224025339513105,42110.02506625406,42110.02506625406,16031.435733215445,10065.922,27.040878,27.956171,44971.8490891892,23.622502600697864,2365.5715567220727,False,False,3000.0,train
2023-08-05 23:00:00,23.186618082074553,31.85481837741872,37323.61641491053,37323.61641491053,14663.890404260152,10014.836,25.823397,8.423131,40516.109725067196,23.2656456605702,2292.1053876422525,False,False,3000.0,train
2023-08-06 00:00:00,23.167725590110933,31.491905101613757,33545.11802218667,33545.11802218667,13584.319434910476,10000.037,24.589237,24.204454,34992.4155725184,23.192141941038457,2238.9165792432264,False,False,3000.0,train
2023-08-06 01:00:00,23.146321628980274,31.132894147977723,29264.32579605489,29264.32579605489,12361.235941729969,10000.165,23.602623,0.0,34079.4714860208,22.8653422836972,2184.2071073659386,False,False,3000.0,train
2023-08-06 02:00:00,23.139401011095334,30.772761298159562,27880.202219066774,27880.202219066774,11965.772062590506,10000.74,23.43945,0.0,27970.56732473139,23.142979871054305,2167.850342666313,False,False,3000.0,train
2023-08-06 03:00:00,23.13172102837978,30.427282973077276,26344.205675955833,26344.205675955833,11526.915907415952,10003.316,23.152308,0.0,28469.076436352614,23.13563720608241,2150.491910105071,False,False,3000.0,train
2023-08-06 04:00:00,23.12527695979434,30.095650612718874,25055.391958868255,25055.391958868255,11158.683416819502,10014.836,22.946627,0.0,26805.758663855187,22.71514279458407,2136.5849853425602,False,False,3000.0,train
2023-08-06 05:00:00,23.13390461658463,29.801643445453557,26780.923316925964,26780.923316925964,11651.69237626456,10065.922,23.377916,39.291054,29680.51184966211,22.972046375653512,2155.3412881342856,False,False,3000.0,train
2023-08-06 06:00:00,23.13992660672854,29.52548079619907,27985.32134570806,27985.32134570806,11995.806098773732,10284.556,24.380844,0.0,31590.197224792,23.04294182717363,2169.0690145175854,False,False,3000.0,train
2023-08-06 07:00:00,23.181474151911548,29.33252378512204,36294.830382309585,36294.830382309585,14369.951537802739,11094.553,25.619366,151.5517,36999.66908282082,23.305518015128264,2277.187572694125,False,False,3000.0,train
2023-08-06 08:00:00,23.244561437476825,29.35789950107559,48912.28749536509,48912.28749536509,17974.939284390028,13000.0,27.118734,360.2389,53708.91307788859,23.38296647107254,2480.5585421889004,False,False,3000.0,train
2023-08-06 09:00:00,23.307669630403602,29.633306292966505,61533.92608072039,61533.92608072039,21581.121737348683,14905.445,28.132828,588.0218,64705.40114007239,23.13327408581404,2721.7240221993125,False,False,3000.0,train
2023-08-06 10:00:00,23.385355002476253,30.173827576307705,77071.00049525053,77071.00049525053,26020.285855785864,15715.437,30.130386,841.20953,74287.10536559913,,3057.113868603035,False,True,3000.0,train
2023-08-06 11:00:00,23.440474515741492,30.926129763643445,88094.90314829844,88094.90314829844,29169.97232808527,15934.041,31.591936,992.8222,84603.5269096137,23.38585083693694,3314.3084896607425,False,False,3000.0,train
2023-08-06 12:00:00,23.480444844978585,31.77662456564372,96088.96899571703,96088.96899571703,31453.99114163344,15984.999,32.928978,1062.537,99045.74639004623,22.6195588375221,3508.529744265236,False,False,3000.0,train
2023-08-06 13:00:00,23.49835225156724,32.61673179992661,99670.4503134481,99670.4503134481,32477.27151812803,15995.943,33.85632,1029.7737,101875.558085135,23.35294164198178,3597.3293981948573,False,False,3000.0,train
2023-08-06 14:00:00,23.502121477576168,33.344038261031905,100424.29551523355,100424.29551523355,32692.6558614953,15995.943,34.826244,916.1896,103050.31295169138,23.825818069618883,3616.149224901796,False,False,3000.0,train
2023-08-06 15:00:00,23.47502570002405,33.872698595464314,95005.14000481032,95005.14000481032,31144.325715660092,15984.999,34.54911,726.9091,97907.70888854822,22.970483973035748,3481.864294397507,False,False,3000.0,train
2023-08-06 16:00:00,23.441094860773475,34.15144574402482,88218.97215469505,88218.97215469505,29205.420615627158,15934.041,34.38201,511.47668,91967.21667847109,23.474902220898137,3317.27724847167,False,False,3000.0,train
2023-08-06 17:00:00,23.392622609411706,34.14083808933737,78524.52188234124,78524.52188234124,26435.57768066893,15715.437,34.174816,230.80128,84452.97238759109,23.868200973667292,3090.2249890849794,False,False,3000.0,train
2023-08-06 18:00:00,23.33728552074521,33.86328063845778,67457.10414904167,67457.10414904167,23273.45832829762,14905.445,32.910404,37.945705,67295.73932480754,23.109101634842062,2845.2442443764276,False,False,3000.0,train
2023-08-06 19:00:00,23.30168764569466,33.46256980683319,60337.529138931954,60337.529138931954,21239.294039694843,13000.0,31.84847,0.0,60176.125029204966,23.302332369822967,2697.5091622332475,False,False,3000.0,train
2023-08-06 20:00:00,23.270117360131067,33.05065124449954,54023.47202621343,54023.47202621343,19435.277721775266,11094.553,30.582537,0.0,54209.00030427808,22.87891248296269,2574.234250566634,False,False,3000.0,train
2023-08-06 21:00:00,23.239959258200958,32.65102198936615,47991.85164019164,47991.85164019164,17711.957611483325,10284.556,28.930676,7.1509833,51703.83610845959,23.72812860070003,2464.3246623504683,False,False,3000.0,train
2023-08-06 22:00:00,23.21652857977135,32.27815950621156,43305.71595426989,43305.71595426989,16373.061701219967,10065.922,27.309038,36.04103,49274.81667205326,23.191528791672365,2384.920655049286,False,False,3000.0,train
2023-08-06 23:00:00,23.184266736162602,31.906712830956874,36853.347232520406,36853.347232520406,14529.527780720116,10014.836,25.683311,0.0,38867.63022337522,23.198254789000806,2285.2466567127162,False,False,3000.0,train
2023-08-07 00:00:00,23.1665120821908,31.52342886632179,33302.41643815981,33302.41643815981,13514.976125188517,10000.246,24.765057,0.0,30709.482831534733,23.572802221842487,2235.6533377423602,False,False,3000.0,train
2023-08-07 01:00:00,23.14648577738695,31.150288831566453,29297.155477389937,29297.155477389937,12370.61585068284,10001.102,23.609007,0.0,28574.607277127536,23.344929295780595,2184.6031646868323,False,False,3000.0,train
2023-08-07 02:00:00,23.130285321273806,30.787003152157208,26057.064254761288,26057.064254761288,11444.875501360368,10004.936,22.737442,0.0,27268.250312898523,22.867596701524786,2147.3410390105905,False,False,3000.0,train
2023-08-07 03:00:00,23.125141687888124,30.436863667320683,25028.337577624883,25028.337577624883,11150.95359360711,10022.111,22.674616,0.0,26836.861587139043,22.93095831066193,2136.299584260034,False,False,3000.0,train
2023-08-07 04:00:00,23.12608766633686,30.12693531440075,25217.533267372262,25217.533267372262,11205.009504963504,10098.905,22.452131,45.55783,27344.27541730526,23.27456705769385,2138.3010979939013,False,False,3000.0,train
2023-08-07 05:00:00,23.127071676777753,29.83225403476195,25414.33535555058,25414.33535555058,11261.23867301445,10439.478,23.154163,0.0,28496.914277957283,22.939835360258872,2140.3970653614597,False,False,3000.0,train
2023-08-07 06:00:00,23.138501474577733,29.53029486309581,27700.294915546663,27700.294915546663,11914.369975870475,11897.035,23.739136,0.0,30025.12291226266,22.503328480941576,2165.7736965268173,False,False,3000.0,train
2023-08-07 07:00:00,23.203205322794265,29.317514476306567,40641.064558852944,40641.064558852944,15611.732731100841,17297.02,25.462967,120.091194,46098.96794655527,23.187233083202543,2342.3335619909403,False,False,3000.0,train
2023-08-07 08:00:00,23.332468396650114,29.330765742022887,66493.67933002282,66493.67933002282,22998.194094292234,29999.998,27.716242,361.83383,67584.09275812074,22.888404598312672,2824.7598927624827,False,False,3000.0,train
2023-08-07 09:00:00,23.45001752596733,29.629946221096965,90003.50519346583,90003.50519346583,29715.287198133094,42702.97,28.512342,613.36914,90105.99265638107,23.934902052036445,3360.1440225679626,False,False,3000.0,train
2023-08-07 10:00:00,23.54566782009707,30.181170160712607,109133.56401941385,109133.56401941385,35181.018291261105,48102.91,30.602869,819.7346,113970.79430458053,23.598704111426017,3836.550705519419,False,False,3000.0,train
2023-08-07 11:00:00,23.605809939159087,30.928378368672185,121161.98783181745,121161.98783181745,38617.7108090907,49560.277,31.733559,990.5145,117790.97835792984,23.334257422136016,4148.759400811492,False,False,3000.0,train
2023-08-07 12:00:00,23.640185324970457,31.77422448973065,128037.06499409131,128037.06499409131,40582.01856974037,49899.992,32.69736,1045.6571,132724.66590212597,23.43059560057172,4330.605155295395,False,False,3000.0,train
2023-08-07 13:00:00,23.66601965574532,32.59276862702031,133203.93114906395,133203.93114906395,42058.2660425897,49972.953,34.466404,993.71136,136662.20687616678,23.099200379383145,4468.664067280972,False,False,3000.0,train
2023-08-07 14:00:00,23.66553673615603,33.305266003093635,133107.3472312063,133107.3472312063,42030.670637487514,49972.953,34.763374,908.35156,135448.85828718232,23.33569817012188,4466.073140717249,False,False,3000.0,train
2023-08-07 15:00:00,23.627492074593235,33.81618962441984,125498.41491864697,125498.41491864697,39856.68997675628,49899.992,34.034218,691.70294,135269.55225740137,23.932389035355445,4263.199142942255,False,False,3000.0,train
2023-08-07 16:00:00,23.598280495270796,34.03907518857285,119656.09905415917,119656.09905415917,38187.45687261691,49560.277,34.947056,429.82623,120099.30156814415,24.267816338918514,4109.236405559173,False,False,3000.0,train
2023-08-07 17:00:00,23.53804220929918,33.98761021474355,107608.4418598363,107608.4418598363,34745.26910281037,48102.91,33.501175,218.4587,118432.59040419628,23.75596116325887,3797.5806882213305,False,False,3000.0,train
2023-08-07 18:00:00,23.47171700155278,33.71391159046507,94343.40031055584,94343.40031055584,30955.25723158738,42702.97,32.906414,38.49912,96562.13772630504,23.44410423996647,3465.6326210292414,False,False,3000.0,train
2023-08-07 19:00:00,23.387608421375134,33.325110200877816,77521.68427502681,77521.68427502681,26149.05265000766,29999.998,32.002186,0.0,76604.62489394385,23.258020608678958,3067.352340301525,False,False,3000.0,train
2023-08-07 20:00:00,23.296051301042283,32.920813728315785,59210.26020845659,59210.26020845659,20917.217202416166,17297.02,30.167912,0.05158985,62397.29044048978,23.009102556969374,2674.9335361010044,False,False,3000.0,train
2023-08-07 21:00:00,23.249816598236052,32.524527949565154,49963.31964721037,49963.31964721037,18275.234184917248,11897.035,29.182516,2.2240732,50273.41706652151,23.867746368037974,2499.3399086863687,False,False,3000.0,train
2023-08-07 22:00:00,23.219034455776985,32.153692827135494,43806.89115539695,43806.89115539695,16516.2546158277,10439.478,27.48653,31.393026,45007.8309802028,23.162409845217674,2393.1442374898165,False,False,3000.0,train
2023-08-07 23:00:00,23.17665532923066,31.787019740311017,35331.065846131794,35331.065846131794,14094.590241751941,10098.905,25.104189,5.4826884,39229.75278546668,23.81134427824941,2263.5052004449494,False,False,3000.0,train
2023-08-08 00:00:00,23.159235593517643,31.411398979439646,31847.118703528566,31847.118703528566,13099.176772436733,10000.246,24.274973,5.2126737,36078.559237050176,23.57729144640066,2216.4871018674967,False,False,3000.0,train
2023-08-08 01:00:00,23.149874444715717,31.060705084966507,29974.88894314344,29974.88894314344,12564.253983755269,10001.102,23.623264,28.934402,31610.560919387535,22.627635515311834,2192.8621868321784,False,False,3000.0,train
2023-08-08 02:00:00,23.132655149744163,30.73019832239413,26531.029948832696,26531.029948832696,11580.294271095056,10004.936,22.681032,23.196405,31656.47680491663,22.932869431016375,2152.558012024594,False,False,3000.0,train
2023-08-08 03:00:00,23.124073273152238,30.394999423987688,24814.654630447563,24814.654630447563,11089.901322985017,10022.111,22.620075,0.0,30284.83974945057,22.923359735900092,2134.054914004219,False,False,3000.0,train
2023-08-08 04:00:00,23.13002557371931,30.06838278567833,26005.114743861668,26005.114743861668,11430.032783960476,10098.905,23.230946,7.8744297,32088.530274104185,23.106071664487587,2146.7741831774647,False,False,3000.0,train
2023-08-08 05:00:00,23.132876101072355,29.759893590461477,26575.220214471075,26575.220214471075,11592.920061277451,10439.478,23.637146,0.0,30715.07298768662,23.11478182513823,2153.048558788879,False,False,3000.0,train
2023-08-08 06:00:00,23.143045622298672,29.464554337616484,28609.124459734405,28609.124459734405,12174.035559924116,11897.035,24.095697,0.88482976,34576.464661037484,24.041917350918116,2176.3808954586316,False,False,3000.0,train
2023-08-08 07:00:00,23.213444681186864,29.280398077690723,42688.93623737284,42688.93623737284,16196.83892496367,17297.02,25.776428,161.06235,41222.24359700204,22.890276318844435,2374.8917342419286,False,False,3000.0,train
2023-08-08 08:00:00,23.320922376973428,29.312061215752564,64184.47539468559,64184.47539468559,22338.42154133874,29999.998,26.908764,354.4681,66301.8805755292,23.389613357672744,2776.27127520383,False,False,3000.0,train
2023-08-08 09:00:00,23.44132404059634,29.59067903769509,88264.8081192677,88264.8081192677,29218.516605505058,42702.97,28.22051,589.05853,88387.76006437337,23.62627636333668,3318.374408817973,False,False,3000.0,train
2023-08-08 10:00:00,23.529411689261035,30.10996820200029,105882.33785220709,105882.33785220709,34252.09652920203,48102.91,29.807478,790.0383,109329.87118421494,23.528940087920276,3753.6598836527573,False,False,3000.0,train
2023-08-08 11:00:00,23.6042978935656,30.83796001502436,120859.57871312018,120859.57871312018,38531.308203748624,49560.277,31.82137,983.9593,121493.314240881,23.637352066900007,4140.813203954219,False,False,3000.0,train
2023-08-08 12:00:00,23.642703210426884,31.686429666534856,128540.64208537679,128540.64208537679,40725.89773867909,49899.992,32.93798,1047.5474,130818.85067955774,23.329260542134907,4344.010474313896,False,False,3000.0,train
2023-08-08 13:00:00,23.66546801672539,32.53541712462511,133093.6033450783,133093.6033450783,42026.74381287951,49972.953,33.90491,1041.2328,144498.84014471126,23.697413875106196,4465.704482636455,False,False,3000.0,train
2023-08-08 14:00:00,23.657546539826434,33.27914343824305,131509.30796528683,131509.30796528683,41574.08799008195,49972.953,34.04366,920.6336,133758.5931930425,23.810966238678745,4423.259914741365,False,False,3000.0,train
2023-08-08 15:00:00,23.64051703796434,33.81747242642498,128103.40759286802,128103.40759286802,40600.97359796229,49899.992,34.633015,727.31165,132896.1092488763,23.73879721324568,4332.370567393102,False,False,3000.0,train
2023-08-08 16:00:00,23.598633695607077,34.09703432162332,119726.73912141545,119726.73912141545,38207.639748975846,49560.277,34.087273,497.84814,121771.85951411322,23.769693966780704,4111.087794560307,False,False,3000.0,train
2023-08-08 17:00:00,23.541577815847745,34.08525009965301,108315.56316954902,108315.56316954902,34947.30376272829,48102.91,33.53218,232.21631,111604.45709030906,23.965360186038616,3815.630367614623,False,False,3000.0,train
2023-08-08 18:00:00,23.47828608054746,33.83465864156989,95657.21610949183,95657.21610949183,31330.633174140523,42702.97,32.883175,74.14353,98678.26182871244,23.75937604312176,3497.8954664821276,False,False,3000.0,train
2023-08-08 19:00:00,23.37805124463171,33.45706252144875,75610.24892634194,75610.24892634194,25602.928264669124,29999.998,31.15323,0.0,79966.02854792509,23.39943962868094,3024.1062759818897,False,False,3000.0,train
2023-08-08 20:00:00,23.305295781883178,33.05803445955115,61059.15637663557,61059.15637663557,21445.473250467305,17297.02,30.527208,23.097893,67219.56806182822,22.953768276318193,2712.083796582213,False,False,3000.0,train
2023-08-08 21:00:00,23.25835544291734,32.6700247535619,51671.08858346765,51671.08858346765,18763.168166705043,11897.035,29.70134,0.0,58839.65015443944,23.078353860504002,2530.397450176653,False,False,3000.0,train
2023-08-08 22:00:00,23.21392002321757,32.27515654829096,42784.00464351435,42784.00464351435,16224.001326718386,10439.478,27.337202,0.0,46519.7953816012,23.148030677642346,2376.4309264109975,False,False,3000.0,train
2023-08-08 23:00:00,23.179076254598453,31.88279757659043,35815.25091969055,35815.25091969055,14232.9288341973,10098.905,25.289425,0.0,40153.724778628166,23.25478000400089,2270.343361387514,False,False,3000.0,train
2023-08-09 00:00:00,23.160186546914534,31.49774964101709,32037.309382906897,32037.309382906897,13153.516966544828,10000.246,24.325726,0.0,32483.59568338206,23.016686718464715,2218.952517122997,False,False,3000.0,train
2023-08-09 01:00:00,23.138869648163762,31.13189260070099,27773.92963275247,27773.92963275247,11935.408466500707,10001.102,22.858513,18.239431,30583.533925829415,22.858149688408457,2166.6222676139414,False,False,3000.0,train
2023-08-09 02:00:00,23.12970136698606,30.776893834218512,25940.273397211655,25940.273397211655,11411.506684917615,10004.936,22.730238,0.0,30958.198560280358,22.773241760249956,2146.068033760784,False,False,3000.0,train
2023-08-09 03:00:00,23.127752611477888,30.42787848797441,25550.522295577593,25550.522295577593,11300.149227307884,10022.111,22.879765,0.0,30405.30224692023,22.632399283761227,2141.8558006129,False,False,3000.0,train
2023-08-09 04:00:00,23.128159699602957,30.097324616305432,25631.939920591405,25631.939920591405,11323.411405883258,10098.905,23.117039,2.579069,29085.36268316413,23.057674488470585,2142.7311333164334,False,False,3000.0,train
2023-08-09 05:00:00,23.127034850453548,29.787657879517692,25406.970090709536,25406.970090709536,11259.134311631296,10439.478,23.06799,9.6105995,30304.135363630776,22.686135217832454,2140.3183679703325,False,False,3000.0,train
2023-08-09 06:00:00,23.148968656097104,29.495486915553467,29793.731219420748,29793.731219420748,12512.494634120214,11897.035,24.553858,0.0,,22.848810950849884,2190.63912545576,True,False,3000.0,train
2023-08-09 07:00:00,23.2143725075009,29.296392733285174,42874.50150018017,42874.50150018017,16249.85757148005,17297.02,26.139402,132.67986,48728.70777827355,23.09620194564761,2377.89835590171,False,False,3000.0,train
2023-08-09 08:00:00,23.328826797272225,29.300765603408845,65765.3594544449,65765.3594544449,22790.10270126997,29999.998,27.825962,327.04404,69578.27713373788,22.928051604454794,2809.3725729698276,False,False,3000.0,train
2023-08-09 09:00:00,23.445110784726438,29.572949422596096,89022.15694528763,89022.15694528763,29434.901984367894,42702.97,28.396523,596.99023,90835.3579092997,23.559036441276046,3336.532629013581,False,False,3000.0,train
2023-08-09 10:00:00,23.534193773199043,30.111477046598342,106838.75463980854,106838.75463980854,34525.35846851673,48102.91,29.884073,813.6922,111107.55328763915,23.756260692280748,3777.9713529468017,False,False,3000.0,train
2023-08-09 11:00:00,23.593421734123734,30.818519635275674,118684.34682474671,118684.34682474671,37909.81337849906,49560.277,31.698606,923.57465,109716.40190185657,23.428593628191113,4083.7944075449104,False,False,3000.0,train
2023-08-09 12:00:00,23.62714974255918,31.634849835518864,125429.94851183593,125429.94851183593,39837.128146238836,49899.992,31.748245,1055.9972,130061.57216540018,23.49604155027618,4261.385312936819,False,False,3000.0,train
2023-08-09 13:00:00,23.65723188680003,32.47289924350771,131446.37736000604,131446.37736000604,41556.107817144584,49972.953,33.66058,1018.0136,118314.64245000047,23.818460817841753,4421.576088790307,False,False,3000.0,train
2023-08-09 14:00:00,23.65480092115734,33.18627419893251,130960.18423146773,130960.18423146773,41417.19549470507,49972.953,34.364006,883.69226,126362.17057892468,23.440602391986936,4408.572656602812,False,False,3000.0,train
2023-08-09 15:00:00,23.6406175396896,33.720323634778254,128123.50793792006,128123.50793792006,40606.71655369145,49899.992,34.493103,747.47577,133080.97858770876,23.40579736621041,4332.9054868167195,False,False,3000.0,train
2023-08-09 16:00:00,23.59200545079266,34.00537006177717,118401.09015853173,118401.09015853173,37828.88290243764,49560.277,33.838844,482.34995,123347.68485514446,23.950954994248544,4076.387657676326,False,False,3000.0,train
2023-08-09 17:00:00,23.542440565875676,33.98544519304328,108488.11317513522,108488.11317513522,34996.60376432435,48102.91,33.774773,225.52277,107047.5890377848,23.807696887489513,3820.0397419753176,False,False,3000.0,train
2023-08-09 18:00:00,23.467340522170016,33.71327385548737,93468.10443400315,93468.10443400315,30705.17269542947,42702.97,32.608837,34.257946,94015.46766908866,23.647805522873192,3444.2209412053035,False,False,3000.0,train
2023-08-09 19:00:00,23.38784889228919,33.323955614935954,77569.77845783766,77569.77845783766,26162.793845096476,29999.998,31.979834,5.201101,84775.21005777158,23.665542278707417,3068.4464272654677,False,False,3000.0,train
2023-08-09 20:00:00,23.294716459612438,32.931018006511074,58943.29192248762,58943.29192248762,20840.940549282175,17297.02,29.862364,17.161919,60651.1145367005,22.70153284200223,2669.62178901687,False,False,3000.0,train
2023-08-09 21:00:00,23.24172061194847,32.5407252858738,48344.12238969392,48344.12238969392,17812.606397055406,11897.035,28.563902,2.5575309,56885.28811753722,23.6478712759864,2470.51386409118,False,False,3000.0,train
2023-08-09 22:00:00,23.20954728838691,32.15444574483879,41909.45767738228,41909.45767738228,15974.130764966365,10439.478,27.030746,11.266826,44904.92228587736,23.327165923362035,2362.363726975816,False,False,3000.0,train
2023-08-09 23:00:00,23.185911830433497,31.774771795447425,37182.3660866994,37182.3660866994,14623.5331676284,10098.905,25.903868,0.0,41116.78456823445,23.48914624563522,2290.0383213004975,False,False,3000.0,train
2023-08-10 00:00:00,23.147024094850615,31.393467548398434,29404.818970122902,29404.818970122902,12401.376848606544,10000.246,23.384705,0.0,35939.15219998833,23.263172628585522,2185.904627562495,False,False,3000.0,train
2023-08-10 01:00:00,23.143564842393346,31.03200000695469,28712.968478669154,28712.968478669154,12203.705279619759,10001.102,23.313305,20.65814,31998.294611381847,23.158242289797393,2177.6113296388185,False,False,3000.0,train
2023-08-10 02:00:00,23.135000656451922,30.687128910298295,27000.131290384386,27000.131290384386,11714.323225824111,10004.936,23.153997,2.3385687,27837.27216195713,23.052407892743304,2157.8012838832483,False,False,3000.0,train
2023-08-10 03:00:00,23.124045236783804,30.350352071585494,24809.047356760773,24809.047356760773,11088.299244788792,10022.111,22.501032,12.102026,27574.88938754016,23.234188549849666,2133.9962389083535,False,False,3000.0,train
2023-08-10 04:00:00,23.115211162410862,30.0242193177827,23042.23248217241,23042.23248217241,10583.494994906403,10098.905,22.239378,0.0,25966.876848848526,23.021686789739498,2116.0931052262877,False,False,3000.0,train
2023-08-10 05:00:00,23.135028820798688,29.724365643895453,27005.764159737566,27005.764159737566,11715.932617067876,10439.478,23.580194,26.060614,27060.8362907676,23.395391650818222,2157.8647242276866,False,False,3000.0,train
2023-08-10 06:00:00,23.148632730347742,29.445789660075334,29726.546069548476,29726.546069548476,12493.29887701385,11897.035,24.53774,0.0,32166.320516601936,22.67269573698208,2189.8175236997463,False,False,3000.0,train
2023-08-10 07:00:00,23.20283654711219,29.236224720573066,40567.30942243832,40567.30942243832,15590.659834982376,17297.02,25.537512,113.72359,41829.702211209114,23.04036378857391,2341.182593134988,False,False,3000.0,train
2023-08-10 08:00:00,23.311077831375957,29.224816761104126,62215.56627519149,62215.56627519149,21775.87607862614,29999.998,26.628874,323.6428,67744.27173615525,23.924524805918953,2735.6350301618218,False,False,3000.0,train
2023-08-10 09:00:00,23.443196024626083,29.495296668824952,88639.20492521657,88639.20492521657,29325.48712149045,42702.97,28.349438,598.7522,91754.37053550569,23.255371885554364,3327.343953485585,False,False,3000.0,train
2023-08-10 10:00:00,23.535296552070182,30.036345265833738,107059.31041403644,107059.31041403644,34588.374404010414,48102.91,30.073118,809.3316,,23.463691435151137,3783.58644036265,True,False,3000.0,train
2023-08-10 11:00:00,23.597490294957964,30.779409651345233,119498.05899159287,119498.05899159287,38142.302569026535,49560.277,31.295494,987.6171,122062.17204633873,23.33271601495294,4105.095308574746,False,False,3000.0,train
2023-08-10 12:00:00,23.62876495628217,31.62041098925379,125752.99125643368,125752.99125643368,39929.42607326677,49899.992,32.120277,1034.107,129705.71008237536,23.729518658147917,4269.945354327923,False,False,3000.0,train
2023-08-10 13:00:00,23.650508571330136,32.43084705700433,130101.7142660271,130101.7142660271,41171.91836172203,49972.953,33.534145,987.4603,135806.83734060475,23.42962910428748,4385.636835108792,False,False,3000.0,train
2023-08-10 14:00:00,23.65736379580435,33.13909065500528,131472.7591608701,131472.7591608701,41563.645474534314,49972.953,34.416565,901.71674,130051.74980372647,23.601680515362236,4422.281963108519,False,False,3000.0,train
2023-08-10 15:00:00,23.630611155697146,33.65307933064477,126122.23113942918,126122.23113942918,40034.92318269405,49899.992,34.442883,690.01324,124664.51163028703,23.885271116507667,4279.735443789586,False,False,3000.0,train
2023-08-10 16:00:00,23.594314430895757,33.89800354771418,118862.88617915142,118862.88617915142,37960.824622614695,49560.277,34.411034,458.58432,126379.32863393372,23.38468540525131,4088.4651325105015,False,False,3000.0,train
2023-08-10 17:00:00,23.547348757448667,33.888533021837056,109469.75148973337,109469.75148973337,35277.071854209535,48102.91,33.875324,254.89915,110884.24979093368,23.783932093228234,3845.16109442785,False,False,3000.0,train
2023-08-10 18:00:00,23.478652973764564,33.65129075616905,95730.59475291288,95730.59475291288,31351.59850083225,42702.97,33.24698,55.489613,93772.07005144638,23.72532176843267,3499.7017150854135,False,False,3000.0,train
2023-08-10 19:00:00,23.394421395827997,33.27759766159193,78884.27916559948,78884.27916559948,26538.365475885566,29999.998,32.527237,0.0,83259.41524909413,23.710908224243784,3098.460351453381,False,False,3000.0,train
2023-08-10 20:00:00,23.300278637289267,32.87830916173423,60055.727457853434,60055.727457853434,21158.77927367241,17297.02,30.491333,0.0,64303.046452461815,23.342440935764678,2691.843487360061,False,False,3000.0,train
2023-08-10 21:00:00,23.234596911179874,32.48001262333309,46919.382235974896,46919.382235974896,17405.537781707113,11897.035,28.083975,0.0,46175.76291069955,24.20697463427291,2445.666695701801,False,False,3000.0,train
2023-08-10 22:00:00,23.193456340410513,32.08370416091594,38691.26808210268,38691.26808210268,15054.648023457908,10439.478,26.030014,0.0,42221.927507810324,23.509816449373137,2312.425740044645,False,False,3000.0,train
2023-08-10 23:00:00,23.182085051760097,31.70272692611429,36417.010352019475,36417.010352019475,14404.860100576992,10098.905,25.607922,11.005248,41093.36190110226,23.279548339082144,2278.9424693662595,False,False,3000.0,train
2023-08-11 00:00:00,23.163292947339958,31.346014898034337,32658.589467991562,32658.589467991562,13331.025562283303,10000.246,24.399113,22.988941,36492.381391583214,22.90051562311544,2227.088933885427,False,False,3000.0,train
2023-08-11 01:00:00,23.137292266352414,30.99447356295186,27458.453270482863,27458.453270482863,11845.272362995103,10001.102,22.952295,7.969114,31825.429364546366,23.108174528590173,2163.00022894279,False,False,3000.0,train
2023-08-11 02:00:00,23.130812170497613,30.640987709003685,26162.434099522612,26162.434099522612,11474.981171292175,10004.936,22.926456,0.0,26145.37063123547,23.558710263567622,2148.493812467394,False,False,3000.0,train
2023-08-11 03:00:00,23.118861648143724,30.29679548084617,23772.329628744872,23772.329628744872,10792.094179641392,10022.111,22.306421,0.0,27475.24343533806,23.631722032831604,2123.3490740761235,False,False,3000.0,train
2023-08-11 04:00:00,23.12414251474506,29.968265427658835,24828.502949011978,24828.502949011978,11093.857985431994,10098.905,22.97871,0.0,27182.651896434967,23.56764124487713,2134.1998741496045,False,False,3000.0,train
2023-08-11 05:00:00,23.126933965944676,29.657886123507577,25386.793188935288,25386.793188935288,11253.369482552938,10439.478,23.286839,0.0,27353.572579295094,23.362491657963563,2140.1028810727753,False,False,3000.0,train
2023-08-11 06:00:00,23.147293542373113,29.366914964577774,29458.708474622596,29458.708474622596,12416.77384989217,11897.035,24.529543,0.0,34362.22842206787,22.77059548048444,2186.5575580106556,False,False,3000.0,train
2023-08-11 07:00:00,23.197793465873108,29.172699891110675,39558.69317462159,39558.69317462159,15302.483764177598,17297.02,24.91592,138.69986,45998.88946844143,23.343942011220808,2325.596952422209,False,False,3000.0,train
2023-08-11 08:00:00,23.31709667575083,29.188601366209586,63419.33515016578,63419.33515016578,22119.810042904508,29999.998,26.884897,345.008,71372.51512767347,22.94467596233493,2760.4004897478458,False,False,3000.0,train
2023-08-11 09:00:00,23.44104450387863,29.457220332869248,88208.90077572585,88208.90077572585,29202.543078778814,42702.97,28.553759,568.6582,95570.16608281345,22.994803145864402,3317.03620095646,False,False,3000.0,train
2023-08-11 10:00:00,23.522422263707526,29.961996270984354,104484.45274150516,104484.45274150516,33852.70078328719,48102.91,29.596163,772.6957,107076.43483486047,23.594169869080698,3718.2389350635663,False,False,3000.0,train
2023-08-11 11:00:00,23.603134917788797,30.66568071674782,120626.98355775936,120626.98355775936,38464.8524450741,49560.277,32.366135,943.638,125085.3772433173,23.76009475196972,4134.704614119315,False,False,3000.0,train
2023-08-11 12:00:00,23.633196637282456,31.48788534969251,126639.3274564912,126639.3274564912,40182.66498756891,49899.992,32.63953,1024.9156,132931.6479760532,23.904209766826696,4293.456338751934,False,False,3000.0,train
2023-08-11 13:00:00,23.665615986895705,32.32234299368475,133123.1973791411,133123.1973791411,42035.19925118317,49972.953,34.365337,1020.63257,136664.4384843425,23.814756859011535,4466.498305429118,False,False,3000.0,train
2023-08-11 14:00:00,23.65556624285034,33.06234832200674,131113.24857006822,131113.24857006822,41460.92816287663,49972.953,34.143017,913.73975,,23.815042038573164,4412.665357302414,True,False,3000.0,train
2023-08-11 15:00:00,23.628370742131054,33.57717607240896,125674.14842621077,125674.14842621077,39906.89955034594,49899.992,34.52121,674.68463,132189.80793979965,23.33297496663334,4267.855717381732,False,False,3000.0,train
2023-08-11 16:00:00,23.603558915949158,33.83294889069816,120711.78318983158,120711.78318983158,38489.08091138045,49560.277,34.882313,483.65497,123466.53495192864,23.572065910543756,4136.931367666379,False,False,3000.0,train
2023-08-11 17:00:00,23.547205870738882,33.8386907141635,109441.17414777637,109441.17414777637,35268.90689936468,48102.91,33.93088,248.97499,109637.48237586336,23.095070835048535,3844.4288963329163,False,False,3000.0,train
2023-08-11 18:00:00,23.470053652297395,33.58591568235425,94010.73045947896,94010.73045947896,30860.208702708274,42702.97,32.93266,31.109577,95577.69526192867,22.869042913477337,3457.4869048735854,False,False,3000.0,train
2023-08-11 19:00:00,23.38241887140594,33.19790722546415,76483.77428118778,76483.77428118778,25852.506937482223,29999.998,31.719576,0.0,81413.27824005678,23.60461168435886,3043.8119119725698,False,False,3000.0,train
2023-08-11 20:00:00,23.293225663581236,32.81725604813382,58645.132716247164,58645.132716247164,20755.752204642045,17297.02,29.619648,37.213192,61653.105962165755,23.06728834544395,2663.7053951545804,False,False,3000.0,train
2023-08-11 21:00:00,23.238813447336323,32.44049223724174,47762.68946726461,47762.68946726461,17646.482704932743,11897.035,28.457376,0.0,51599.71297982961,23.500562997979237,2460.3144219045894,False,False,3000.0,train
2023-08-11 22:00:00,23.203824318479725,32.05609895120079,40764.86369594505,40764.86369594505,15647.103913127157,10439.478,26.677706,11.915582,45335.70962760918,23.536328591843738,2344.2689054231982,False,False,3000.0,train
2023-08-11 23:00:00,23.18182131548192,31.679274288637178,36364.26309638381,36364.26309638381,14389.78945610966,10098.905,25.692163,0.0,38510.305163688194,22.99602611809496,2278.184291818535,False,False,3000.0,train
2023-08-12 00:00:00,23.155571661369482,31.304047463707214,31114.332273896394,31114.332273896394,12889.809221113255,10000.037,24.119081,0.0,35783.44778353783,23.33266498973607,2207.100248191139,False,False,3000.0,train
2023-08-12 01:00:00,23.14053415247998,30.93773502747762,28106.830495995895,28106.830495995895,12030.52299885597,10000.165,23.365545,0.0,31929.10175849689,22.94218713389589,2170.482556593713,False,False,3000.0,train
2023-08-12 02:00:00,23.12808593829869,30.58322470462522,25617.187659737796,25617.187659737796,11319.1964742108,10000.74,22.75285,0.0,25971.511282807318,22.574322275910642,2142.5723495916773,False,False,3000.0,train
2023-08-12 03:00:00,23.121503827432473,30.241917515194352,24300.765486494667,24300.765486494667,10943.07585328419,10003.316,22.564774,0.0,30371.03722923721,23.15849664876521,2128.7260234484497,False,False,3000.0,train
2023-08-12 04:00:00,23.120619958799857,29.916012888378987,24123.991759971374,24123.991759971374,10892.569074277535,10014.836,22.769867,0.0,26058.949916239017,22.97935779488513,2126.915673126617,False,False,3000.0,train
2023-08-12 05:00:00,23.12385759064597,29.612078961583855,24771.518129193737,24771.518129193737,11077.576608341067,10065.922,23.122217,9.691935,24240.2003675133,22.991830887469828,2133.603829060699,False,False,3000.0,train
2023-08-12 06:00:00,23.131107466879808,29.32566771941549,26221.493375961556,26221.493375961556,11491.85525027473,10284.556,23.91508,0.0,26975.54636216924,23.723710402233465,2149.1416992322856,False,False,3000.0,train
2023-08-12 07:00:00,23.178293548451467,29.15057728738643,35658.70969029348,35658.70969029348,14188.20276865528,11094.553,25.31358,172.19559,36342.852039602374,22.720536453631667,2268.1246039622615,False,False,3000.0,train
2023-08-12 08:00:00,23.24441294524978,29.185828768718743,48882.58904995624,48882.58904995624,17966.45401427321,13000.0,27.455023,342.7014,52011.980529156295,23.359274285861222,2480.031604839787,False,False,3000.0,train
2023-08-12 09:00:00,23.31660774883725,29.472314582107014,63321.549767449884,63321.549767449884,22091.87136212854,14905.445,28.728987,605.6058,65566.1661800242,23.018165577693825,2758.3793789934825,False,False,3000.0,train
2023-08-12 10:00:00,23.38322707432698,30.017812165913515,76645.41486539633,76645.41486539633,25898.68996154181,15715.437,30.367018,814.78204,78618.929866353,23.655705497107178,3047.469057742809,False,False,3000.0,train
2023-08-12 11:00:00,23.436768252710014,30.733434276034544,87353.65054200272,87353.65054200272,28958.185869143636,15934.041,32.13131,935.9718,92396.5621728198,23.526297623562535,3296.6034394074304,False,False,3000.0,train
2023-08-12 12:00:00,23.459239880037735,31.52213990415212,91847.97600754705,91847.97600754705,30242.27885929916,15984.999,32.35019,992.6563,96005.17278594039,23.57304318479192,3404.768072426468,False,False,3000.0,train
2023-08-12 13:00:00,23.488001640566694,32.30558267699012,97600.32811333872,97600.32811333872,31885.80803238249,15995.943,33.979454,979.5385,101720.99489712491,23.204534755286016,3545.8767100744262,False,False,3000.0,train
2023-08-12 14:00:00,23.482733283358566,33.0029700960785,96546.6566717133,96546.6566717133,31584.75904906094,15995.943,33.944847,891.6953,100989.1789786953,23.25305690937207,3519.8197713856193,False,False,3000.0,train
2023-08-12 15:00:00,23.46895039302108,33.529260203126604,93790.07860421567,93790.07860421567,30797.16531549019,15984.999,34.445587,725.3441,98917.03053690832,23.747125545224844,3452.0893615499667,False,False,3000.0,train
2023-08-12 16:00:00,23.431090952992406,33.791847764554895,86218.19059848122,86218.19059848122,28633.768742423206,15934.041,34.568573,455.98627,82326.04743722937,23.962330269510677,3269.5899973954583,False,False,3000.0,train
2023-08-12 17:00:00,23.39222058704546,33.770978745832444,78444.11740909223,78444.11740909223,26412.60497402635,15715.437,34.42121,235.49352,80318.59120551558,23.536312932212716,3088.3865691461456,False,False,3000.0,train
2023-08-12 18:00:00,23.33024269704873,33.518549539531776,66048.53940974636,66048.53940974636,22871.01125992753,14905.445,32.509098,49.479904,62910.49546691347,23.0610164808173,2815.3452012754556,False,False,3000.0,train
2023-08-12 19:00:00,23.302305068718212,33.166840530906654,60461.01374364241,60461.01374364241,21274.575355326404,13000.0,31.541403,52.906498,63558.37541754703,23.40398662545683,2699.996437889877,False,False,3000.0,train
2023-08-12 20:00:00,23.26776393013357,32.79634577826543,53552.78602671376,53552.78602671376,19300.796007632503,11094.553,30.59473,0.0,56540.90074998701,23.99600554343485,2565.367576410969,False,False,3000.0,train
2023-08-12 21:00:00,23.223635191871434,32.40095195386352,44727.03837428682,44727.03837428682,16779.153821224805,10284.556,27.983398,0.0,50245.11276221969,23.25436203508711,2408.413827721771,False,False,3000.0,train
2023-08-12 22:00:00,23.20561481287022,32.01155132893648,41122.96257404395,41122.96257404395,15749.417878298273,10065.922,27.171253,0.0,46913.774079705894,23.6441670706883,2349.8911136007127,False,False,3000.0,train
2023-08-12 23:00:00,23.178315288424088,31.632429085410795,35663.05768481755,35663.05768481755,14189.445052805013,10014.836,25.45601,2.5642664,39122.989236539564,22.956216478672474,2268.186128845594,False,False,3000.0,train
2023-08-13 00:00:00,23.152678827042536,31.25932093934179,30535.765408507134,30535.765408507134,12724.50440243061,10000.037,23.948769,0.0,32435.063191296602,23.14005301155162,2199.8158268762054,False,False,3000.0,train
2023-08-13 01:00:00,23.140528165401513,30.894578165751756,28105.633080302538,28105.633080302538,12030.180880086438,10000.165,23.406588,0.0,32158.660041714178,23.326397727239176,2170.468601422314,False,False,3000.0,train
2023-08-13 02:00:00,23.130749452255877,30.54294505043392,26149.890451175394,26149.890451175394,11471.3972717644,10000.74,22.986504,0.0,28015.735232068044,23.249947944734735,2148.3563702392644,False,False,3000.0,train
2023-08-13 03:00:00,23.116075158645078,30.202928341850626,23215.03172901558,23215.03172901558,10632.866208290165,10003.316,22.179249,0.0,26212.082382610115,22.88615855461173,2117.792229743343,False,False,3000.0,train
2023-08-13 04:00:00,23.12167486820895,29.877904543109953,24334.97364178976,24334.97364178976,10952.849611939931,10014.836,22.90053,0.0,29434.53448230136,22.878819631069767,2129.0776988949797,False,False,3000.0,train
2023-08-13 05:00:00,23.128460316393127,29.5806946697129,25692.063278625454,25692.063278625454,11340.589508178702,10065.922,23.417284,16.059313,27496.5478411662,23.424945637323926,2143.3790854539952,False,False,3000.0,train
2023-08-13 06:00:00,23.13300575347445,29.311665197709377,26601.15069488995,26601.15069488995,11600.328769968557,10284.556,23.804722,21.16206,31336.048105780206,23.490470997269494,2153.3367355021414,False,False,3000.0,train
2023-08-13 07:00:00,23.184525615358826,29.13320320246236,36905.12307176519,36905.12307176519,14544.320877647198,11094.553,26.165453,139.63396,41453.661607613954,23.638168682795403,2285.9985341307465,False,False,3000.0,train
2023-08-13 08:00:00,23.247475174208436,29.16624809580398,49495.03484168716,49495.03484168716,18141.438526196333,13000.0,27.427135,364.42682,50116.70560865926,23.788654319184296,2490.940108991351,False,False,3000.0,train
2023-08-13 09:00:00,23.303953003234522,29.44372324455449,60790.60064690438,60790.60064690438,21368.74304197268,14905.445,28.200117,569.8904,66426.58996419825,23.3443388341313,2706.6487423214467,False,False,3000.0,train
2023-08-13 10:00:00,23.371095993781584,29.95215110624364,74219.19875631673,74219.19875631673,25205.485358947637,15715.437,29.86235,787.62665,79309.96015756732,23.277736220512107,2992.9317596007236,False,False,3000.0,train
2023-08-13 11:00:00,23.43389821069125,30.66098474734939,86779.64213825007,86779.64213825007,28794.18346807145,15934.041,31.8524,950.09534,90114.25778910515,23.83919549232479,3282.930955819582,False,False,3000.0,train
2023-08-13 12:00:00,23.47053816597413,31.49182157205433,94107.63319482598,94107.63319482598,30887.895198521706,15984.999,32.58855,1048.6152,94470.10177510703,,3459.8586622835796,False,True,3000.0,train
2023-08-13 13:00:00,23.483550893568385,32.33258843157777,96710.17871367696,96710.17871367696,31631.47963247913,15995.943,33.004353,1029.0527,96682.45900455133,23.188814315968106,3523.8576588943265,False,False,3000.0,train
2023-08-13 14:00:00,23.496856129154946,33.06633237822944,99371.22583098912,99371.22583098912,32391.778808854033,15995.943,34.759197,911.20935,100441.08633811962,23.18676542949927,3589.8713724642134,False,False,3000.0,train
2023-08-13 15:00:00,23.46858726842148,33.59234919083597,93717.45368429601,93717.45368429601,30776.415338370287,15984.999,34.5476,705.174,98589.5748247423,23.616166328828374,3450.313755669381,False,False,3000.0,train
2023-08-13 16:00:00,23.44131498871072,33.852839753332546,88262.99774214377,88262.99774214377,29217.99935489822,15934.041,35.102455,473.28394,88091.91705741243,23.38813259026552,3318.3310704911146,False,False,3000.0,train
2023-08-13 17:00:00,23.38837916826345,33.845870854828476,77675.83365269033,77675.83365269033,26193.095329340093,15715.437,33.88323,248.26402,82019.37255072866,23.380450181841244,3070.8600782641297,False,False,3000.0,train
2023-08-13 18:00:00,23.332570633491432,33.586732040852496,66514.12669828645,66514.12669828645,23004.036199510414,14905.445,32.863125,32.131855,66005.92752575128,23.65433064290449,2825.19311647755,False,False,3000.0,train
2023-08-13 19:00:00,23.30991579441155,33.19795793053456,61983.15888230965,61983.15888230965,21709.473966374186,13000.0,32.69389,0.0,64425.87149806454,23.53762693790706,2730.8827852045715,False,False,3000.0,train
2023-08-13 20:00:00,23.261894520400375,32.80334181777669,52378.904080075015,52378.904080075015,18965.40116573572,11094.553,30.028255,7.8918366,55657.78888427325,23.660856494925905,2543.4611523211297,False,False,3000.0,train
2023-08-13 21:00:00,23.230730961399622,32.42818938159829,46146.19227992449,46146.19227992449,17184.62636569271,10284.556,28.163363,31.364033,55093.70382273236,22.651270129487614,2432.390584536576,False,False,3000.0,train
2023-08-13 22:00:00,23.20726924901716,32.06215374586537,41453.84980343181,41453.84980343181,15843.957086694803,10065.922,27.082853,12.527923,41210.10929061577,23.28328862418352,2355.117724695081,False,False,3000.0,train
2023-08-13 23:00:00,23.18575196700396,31.687777258470692,37150.39340079187,37150.39340079187,14614.398114511963,10014.836,25.99839,0.0,43520.67564724662,23.39415852372312,2289.571260487483,False,False,3000.0,train
2023-08-14 00:00:00,23.15162231570277,31.312109848193316,30324.46314055406,30324.46314055406,12664.132325872588,10000.246,23.79882,0.0,33653.694434679994,22.693646558696464,2197.183596854514,False,False,3000.0,train
2023-08-14 01:00:00,23.135322023698027,30.944507948196296,27064.40473960541,27064.40473960541,11732.687068458688,10001.102,22.94805,2.8444023,30951.929949474812,22.938853331305037,2158.525840363802,False,False,3000.0,train
2023-08-14 02:00:00,23.129832213542034,30.590308274987905,25966.442708406845,25966.442708406845,11418.983630973384,10004.936,22.891865,0.0,29220.459088924625,22.87768666484336,2146.352844300321,False,False,3000.0,train
2023-08-14 03:00:00,23.10634143702143,30.252590751827977,21268.287404286213,21268.287404286213,10076.653544081775,10022.111,21.22857,14.312669,25201.90723893238,23.112850888339405,2099.3108498267206,False,False,3000.0,train
2023-08-14 04:00:00,23.115328042819705,29.933287371408753,23065.608563940998,23065.608563940998,10590.173875411714,10098.905,22.274881,9.730675,25740.361350724797,23.603684233427924,2116.322297898516,False,False,3000.0,train
2023-08-14 05:00:00,23.13074893593131,29.628610541268905,26149.78718626233,26149.78718626233,11471.367767503521,10439.478,23.629549,0.0,32273.603511351615,23.737525757330783,2148.3552389905467,False,False,3000.0,train
2023-08-14 06:00:00,23.141650669881656,29.342183838588888,28330.13397633124,28330.13397633124,12094.323993237496,11897.035,24.030172,6.735323,30338.179344199896,22.89736440395967,2173.093841049021,False,False,3000.0,train
2023-08-14 07:00:00,23.194999805573833,29.145773755847934,38999.961114766535,38999.961114766535,15142.846032790438,17297.02,24.856915,129.54839,44623.44837010546,23.352966980721906,2317.0881015313103,False,False,3000.0,train
2023-08-14 08:00:00,23.324686376740505,29.1495253936041,64937.27534810105,64937.27534810105,22553.507242314587,29999.998,27.724821,325.3282,66138.21380071221,23.4923257323832,2791.9822271410653,False,False,3000.0,train
2023-08-14 09:00:00,23.44001757459871,29.434821086378317,88003.51491974184,88003.51491974184,29143.861405640524,42702.97,27.943295,613.37524,90803.95341160879,23.556305306053133,3312.122699177418,False,False,3000.0,train
2023-08-14 10:00:00,23.531015460116077,29.98271365741904,106203.09202321536,106203.09202321536,34343.74057806153,48102.91,29.851076,806.1543,105170.57647780627,23.65070935053785,3761.8063586211338,False,False,3000.0,train
2023-08-14 11:00:00,23.589839472106338,30.69858986392602,117967.89442126751,117967.89442126751,37705.11269179072,49560.277,31.358416,938.7368,122817.59700202402,23.680962222841735,4065.0684745485637,False,False,3000.0,train
2023-08-14 12:00:00,23.64258456887631,31.54160738164785,128516.9137752618,128516.9137752618,40719.11822150337,49899.992,32.783405,1074.9379,137793.64288941558,24.148855605118236,4343.3785713067045,False,False,3000.0,train
2023-08-14 13:00:00,23.65403098010639,32.390962194987694,130806.19602127826,130806.19602127826,41373.19886322236,49972.953,33.55586,1006.3203,133465.4841118744,23.984770934416808,4404.456246326142,False,False,3000.0,train
2023-08-14 14:00:00,23.651416930410683,33.0971794806756,130283.38608213658,130283.38608213658,41223.82459489616,49972.953,34.270676,877.0224,132418.96179039075,23.333370761131203,4390.487970616063,False,False,3000.0,train
2023-08-14 15:00:00,23.634803093731364,33.61304268747964,126960.61874627275,126960.61874627275,40274.46249893507,49899.992,34.530506,714.695,125165.55019411558,23.873519417995528,4301.987777899048,False,False,3000.0,train
2023-08-14 16:00:00,23.596410208377627,33.887394127024095,119282.04167552537,119282.04167552537,38080.583335864394,49560.277,34.268394,484.05127,121342.07085409014,23.864122220731062,4099.437146688993,False,False,3000.0,train
2023-08-14 17:00:00,23.54294626892733,33.88168535667668,108589.25378546615,108589.25378546615,35025.50108156176,48102.91,33.74097,237.37079,105500.59830687237,23.637436455072866,3822.6252018627115,False,False,3000.0,train
2023-08-14 18:00:00,23.45020599467125,33.598677491019394,90041.19893425013,90041.19893425013,29726.05683835718,42702.97,31.798578,0.0,89972.96784393842,23.78963330582207,3361.0527747962374,False,False,3000.0,train
2023-08-14 19:00:00,23.380889373035306,33.18897009932737,76177.87460706111,76177.87460706111,25765.10703058889,29999.998,31.683935,0.0,79866.60115466005,23.437311583325016,3036.9000183878647,False,False,3000.0,train
2023-08-14 20:00:00,23.285539959005092,32.7873896941557,57107.99180101844,57107.99180101844,20316.56908600527,17297.02,29.49864,0.0,63581.58005167967,23.345680275327968,2633.474977058007,False,False,3000.0,train
2023-08-14 21:00:00,23.227134198307464,32.38828173907196,45426.839661492835,45426.839661492835,16979.09704614081,11897.035,27.64085,0.0,55225.61630799744,23.263506361710576,2420.173131300296,False,False,3000.0,train
2023-08-14 22:00:00,23.213837814638588,32.00659247433229,42767.5629277175,42767.5629277175,16219.303693633572,10439.478,27.507133,12.460249,44373.74023977669,22.608364588898688,2376.1645555177042,False,False,3000.0,train
2023-08-14 23:00:00,23.173427647026074,31.63552130658565,34685.529405214766,34685.529405214766,13910.15125863279,10098.905,24.993301,4.989181,40921.41587006166,23.14930812885431,2254.501575760819,False,False,3000.0,train
2023-08-15 00:00:00,23.15715040630679,31.263237407037572,31430.08126135811,31430.08126135811,12980.023217530888,10000.246,24.2989,0.0,34969.04798183018,22.95667523397042,2211.1230194826376,False,False,3000.0,train
2023-08-15 01:00:00,23.134937439161707,30.898004118733756,26987.487832341372,26987.487832341372,11710.710809240392,10001.102,22.964417,0.0,29661.146997001026,22.77900304570394,2157.6589279936475,False,False,3000.0,train
2023-08-15 02:00:00,23.12488142239004,30.55027735969767,24976.284478007925,24976.284478007925,11136.081279430837,10004.936,22.40265,13.526233,28900.198609486797,23.555086907811898,2135.7512279508915,False,False,3000.0,train
2023-08-15 03:00:00,23.122460981410946,30.217049725404387,24492.19628218913,24492.19628218913,10997.770366339751,10022.111,22.663055,0.0,27624.12171102162,23.273723236971282,2130.699629429909,False,False,3000.0,train
2023-08-15 04:00:00,23.11445228579592,29.892648533446337,22890.45715918405,22890.45715918405,10540.13061690973,10098.905,22.254747,3.2238994,26123.901071672128,23.105502961512556,2114.6100647780895,False,False,3000.0,train
2023-08-15 05:00:00,23.131156098452635,29.598399872056522,26231.21969052704,26231.21969052704,11494.634197293439,10439.478,23.42251,23.202253,28353.610244931788,22.961715093121907,2149.2485193219104,False,False,3000.0,train
2023-08-15 06:00:00,23.147854682022185,29.33234582580033,29570.93640443702,29570.93640443702,12448.83897269629,11897.035,24.379229,17.010141,29511.983574572885,23.236705557410808,2187.9205314297255,False,False,3000.0,train
2023-08-15 07:00:00,23.209983123643784,29.14813857050423,41996.62472875687,41996.62472875687,15999.035636787678,17297.02,25.935371,131.73209,41347.870606909986,23.507413951639037,2363.756510249571,False,False,3000.0,train
2023-08-15 08:00:00,23.313258656039746,29.15435398772144,62651.73120794927,62651.73120794927,21900.494630842648,29999.998,26.782194,326.96988,67444.61358613,23.065168902975664,2744.5792903499455,False,False,3000.0,train
2023-08-15 09:00:00,23.444591033907386,29.414565931841857,88918.20678147723,88918.20678147723,29405.20193756492,42702.97,28.888226,567.2247,90995.67844197738,23.443142522224402,3334.037004520224,False,False,3000.0,train
2023-08-15 10:00:00,23.537261003609995,29.92628846206343,107452.20072199899,107452.20072199899,34700.628777713995,48102.91,30.710785,774.2579,108190.87968428881,23.797680953265345,3793.5969601422717,False,False,3000.0,train
2023-08-15 11:00:00,23.600431942050136,30.63643675856149,120086.38841002721,120086.38841002721,38310.3966885792,49560.277,32.104267,945.579,123121.43599600274,23.019631603324896,4120.517760333952,False,False,3000.0,train
2023-08-15 12:00:00,23.643009834167803,31.48300174130637,128601.96683356051,128601.96683356051,40743.419095303005,49899.992,32.946663,1063.9774,135056.45918123267,23.62573890544618,4345.643713664775,False,False,3000.0,train
2023-08-15 13:00:00,23.656565996238953,32.328248789554635,131313.19924779065,131313.19924779065,41518.05692794018,49972.953,33.845413,1002.2688,135110.0495295313,23.527778585074692,4418.013203581557,False,False,3000.0,train
2023-08-15 14:00:00,23.667626602301848,33.04557964030489,133525.32046036955,133525.32046036955,42150.09156010558,49972.953,35.40493,887.15137,133587.97340045602,23.627477644975336,4477.288251122541,False,False,3000.0,train
2023-08-15 15:00:00,23.64379627672049,33.56728614963604,128759.25534409803,128759.25534409803,40788.358669742294,49899.992,35.362465,698.9965,137093.42549172998,23.49330770980892,4349.83347417921,False,False,3000.0,train
2023-08-15 16:00:00,23.590993430100653,33.83252756205939,118198.6860201306,118198.6860201306,37771.05314860874,49560.277,33.9585,476.35083,127627.70448070743,23.63228081166284,4071.0976946269507,False,False,3000.0,train
2023-08-15 17:00:00,23.54860442917176,33.83439333117475,109720.88583435208,109720.88583435208,35348.82452410059,48102.91,34.03519,254.19308,114625.71915332298,24.125692595298577,3851.597786561758,False,False,3000.0,train
2023-08-15 18:00:00,23.472117907139413,33.59094683074275,94423.58142788266,94423.58142788266,30978.166122252187,42702.97,32.95302,41.587585,100799.85445013708,23.37494116496085,3467.5973608106788,False,False,3000.0,train
2023-08-15 19:00:00,23.3822917968589,33.216814653345075,76458.3593717802,76458.3593717802,25845.245534794343,29999.998,31.4985,16.117111,83237.93823307329,23.469805099587134,3043.2371984519805,False,False,3000.0,train
2023-08-15 20:00:00,23.30355923017725,32.85891819439998,60711.846035449926,60711.846035449926,21346.241724414263,17297.02,30.083832,62.08216,66768.82953038611,23.901983155699984,2705.0573790825506,False,False,3000.0,train
2023-08-15 21:00:00,23.24271320644693,32.49628810857563,48542.641289385814,48542.641289385814,17869.326082681662,11897.035,28.664707,0.0,53061.93174103831,23.077708532935162,2474.0147980590145,False,False,3000.0,train
2023-08-15 22:00:00,23.21078843119213,32.105538854541926,42157.68623842635,42157.68623842635,16045.053210978958,10439.478,27.291622,0.0,46573.57606683611,23.755191035870823,2366.3354491871696,False,False,3000.0,train
2023-08-15 23:00:00,23.180829090538662,31.72156171260265,36165.818107732404,36165.818107732404,14333.090887923545,10098.905,25.5571,0.0,40348.2223276336,23.182425992526795,2275.3394822446667,False,False,3000.0,train
2023-08-16 00:00:00,23.158795597561127,31.34505369692797,31759.119512225454,31759.119512225454,13074.03414635013,10000.246,24.32363,0.68550867,32328.132028691572,23.693364465320606,2215.350424870214,False,False,3000.0,train
2023-08-16 01:00:00,23.147450671370454,30.981621143313536,29490.134274090706,29490.134274090706,12425.752649740201,10001.102,23.791058,3.926553,34022.57291828261,23.37251100885435,2186.9387777332745,False,False,3000.0,train
2023-08-16 02:00:00,23.129000260431354,30.628777773917683,25800.05208627085,25800.05208627085,11371.443453220243,10004.936,22.761887,0.0,25892.446381857288,23.22113276920608,2144.5462034866164,False,False,3000.0,train
2023-08-16 03:00:00,23.133174810985047,30.32090310431418,26634.962197009314,26634.962197009314,11609.989199145519,10022.111,22.648361,62.900684,27923.623130706193,23.113485606419072,2153.712861574751,False,False,3000.0,train
2023-08-16 04:00:00,23.12616755894022,30.02728575369849,25233.511788044183,25233.511788044183,11209.574796584053,10098.905,23.03089,0.0,31021.147543117648,22.938955126976456,2138.4707399077565,False,False,3000.0,train
2023-08-16 05:00:00,23.136277471690505,29.71899249748467,27255.494338101016,27255.494338101016,11787.284096600291,10439.478,23.887506,4.504436,32070.948571729026,23.15901493667981,2160.6887268768796,False,False,3000.0,train
2023-08-16 06:00:00,23.150339946273178,29.430299325760654,30067.989254635562,30067.989254635562,12590.854072753018,11897.035,24.67853,0.0,36331.35451860462,23.419548383979183,2194.0090200441728,False,False,3000.0,train
2023-08-16 07:00:00,23.207295333334553,29.235741710650515,41459.066666910614,41459.066666910614,15845.447619117318,17297.02,25.58124,138.2024,43819.21905763352,23.203361904035553,2355.200371094189,False,False,3000.0,train
2023-08-16 08:00:00,23.320732313519468,29.256347964627665,64146.46270389355,64146.46270389355,22327.560772541015,29999.998,26.960566,354.4627,63948.41855450888,23.22574547200091,2775.4804646546886,False,False,3000.0,train
2023-08-16 09:00:00,23.436989450403072,29.53644081096251,87397.89008061436,87397.89008061436,28970.82573731839,42702.97,27.940912,588.60223,89605.01029615718,23.36175469014974,3297.6585741232875,False,False,3000.0,train
2023-08-16 10:00:00,23.538352783049778,30.07811783477381,107670.55660995553,107670.55660995553,34763.01617427301,48102.91,30.100092,826.0833,111058.19033242486,23.836095767124693,3799.1648930558245,False,False,3000.0,train
2023-08-16 11:00:00,23.5886575273793,30.807187652994653,117731.50547586013,117731.50547586013,37637.5729931029,49560.277,31.015486,950.9425,121052.1124597298,23.95620596390926,4058.8959882523764,False,False,3000.0,train
2023-08-16 12:00:00,23.63216009156547,31.63268387657595,126432.01831309412,126432.01831309412,40123.43380374117,49899.992,32.26338,1045.4604,134293.18808619777,23.43201493743496,4287.954026018739,False,False,3000.0,train
2023-08-16 13:00:00,23.653107776143045,32.441707047860724,130621.55522860905,130621.55522860905,41320.44435103116,49972.953,33.886707,971.6592,132032.13813647916,23.452531418908798,4399.521749157118,False,False,3000.0,train
2023-08-16 14:00:00,23.655069611121107,33.14325419851956,131013.92222422134,131013.92222422134,41432.54920692038,49972.953,34.185677,905.43866,135566.3975590584,23.76887728702124,4410.0094143796205,False,False,3000.0,train
2023-08-16 15:00:00,23.635475459256796,33.668032925709646,127095.09185135915,127095.09185135915,40312.883386102614,49899.992,34.619236,706.29895,125838.49843117922,24.093735078683974,4305.5599096325295,False,False,3000.0,train
2023-08-16 16:00:00,23.591634208946584,33.92949851421056,118326.84178931672,118326.84178931672,37807.66908266192,49560.277,33.975124,474.93762,123161.63561570326,23.935431301440353,4074.446875227433,False,False,3000.0,train
2023-08-16 17:00:00,23.547057814234137,33.91440057938832,109411.56284682734,109411.56284682734,35260.44652766496,48102.91,34.106987,232.4839,112423.51108873103,23.171502150580164,3843.6702611080887,False,False,3000.0,train
2023-08-16 18:00:00,23.46933623502255,33.65353498301226,93867.24700450983,93867.24700450983,30819.213429859952,42702.97,32.730503,39.098316,94277.40931217936,23.39011344402499,3453.9765566930378,False,False,3000.0,train
2023-08-16 19:00:00,23.385596103277994,33.2668224171964,77119.22065559875,77119.22065559875,26034.063044456787,29999.998,31.905445,0.0,79398.00539027974,23.10641503687114,3058.208098719614,False,False,3000.0,train
2023-08-16 20:00:00,23.29649231181479,32.86507369093828,59298.46236295831,59298.46236295831,20942.417817988087,17297.02,30.252644,0.0,61805.48072534963,23.216238555240214,2676.691404467475,False,False,3000.0,train
2023-08-16 21:00:00,23.239801534379673,32.46796591916979,47960.30687593458,47960.30687593458,17702.944821695593,11897.035,28.496452,0.0,50294.7062619992,23.72112453319028,2463.7718912412397,False,False,3000.0,train
2023-08-16 22:00:00,23.202354673679512,32.07584705978878,40470.934735902374,40470.934735902374,15563.124210257822,10439.478,26.686028,0.0,47615.308079262,22.775574479044607,2339.6809403330835,False,False,3000.0,train
2023-08-16 23:00:00,23.179874730087782,31.695399393747007,35974.946017556416,35974.946017556416,14278.556005016118,10098.905,25.442957,8.321578,38751.21619655354,22.694215142103726,2272.614588281411,False,False,3000.0,train
2023-08-17 00:00:00,23.16045042213993,31.32440646987019,32090.0844279862,32090.0844279862,13168.5955508532,10000.246,24.478363,0.0,34548.723171618614,22.91188417610985,2219.6387468990883,False,False,3000.0,train
2023-08-17 01:00:00,23.144159037377715,30.96479062541197,28831.807475543057,28831.807475543057,12237.659278726587,10001.102,23.472712,10.76836,27261.41139540865,23.230352218150514,2179.024049907688,False,False,3000.0,train
2023-08-17 02:00:00,23.120121546532996,30.613186877375618,24024.309306599178,24024.309306599178,10864.08837331405,10004.936,22.11601,0.0,25123.31392144473,23.30634799272522,2125.899972692326,False,False,3000.0,train
2023-08-17 03:00:00,23.12599231572478,30.274299233672945,25198.463144955953,25198.463144955953,11199.560898558844,10022.111,22.800074,9.194911,27635.986183390876,23.25722684618324,2138.0987559934956,False,False,3000.0,train
2023-08-17 04:00:00,23.118424173805685,29.952880537091495,23684.834761137095,23684.834761137095,10767.09564603917,10098.905,22.508682,1.7174773,25229.133781700293,23.471129794774992,2122.4689062259854,False,False,3000.0,train
2023-08-17 05:00:00,23.129587259617264,29.643330881922513,25917.451923452718,25917.451923452718,11404.986263843633,10439.478,23.519754,0.0,31882.34752164586,22.600661581347083,2145.819862612898,False,False,3000.0,train
2023-08-17 06:00:00,23.13836380561551,29.351524422819594,27672.761123101707,27672.761123101707,11906.50317802906,11897.035,23.868164,0.0,30315.595481142533,23.49486476712319,2165.4568888247636,False,False,3000.0,train
2023-08-17 07:00:00,23.20913289473396,29.166303940447925,41826.57894679167,41826.57894679167,15950.451127654762,17297.02,25.644943,153.14395,47868.64914553646,23.115504298720072,2361.041387979672,False,False,3000.0,train
2023-08-17 08:00:00,23.311330594185247,29.18625058533069,62266.11883704933,62266.11883704933,21790.31966772838,29999.998,26.51825,335.29413,65434.98405690839,23.530778887126708,2736.6699836711396,False,False,3000.0,train
2023-08-17 09:00:00,23.437173418731845,29.4409210252382,87434.68374636905,87434.68374636905,28981.3382132483,42702.97,28.441544,555.99133,90557.48111508825,23.040145790702883,3298.5362707790273,False,False,3000.0,train
2023-08-17 10:00:00,23.532875715318514,29.967439178551256,106575.14306370288,106575.14306370288,34450.04087534368,48102.91,29.823503,822.0717,109240.26818357095,23.534362724421236,3771.2643777841754,False,False,3000.0,train
2023-08-17 11:00:00,23.58801740579508,30.689664517899843,117603.48115901636,117603.48115901636,37600.99461686182,49560.277,31.275572,933.86084,120618.87706370774,23.658898636971784,4055.5543274190277,False,False,3000.0,train
2023-08-17 12:00:00,23.626146910929428,31.48932863558452,125229.38218588564,125229.38218588564,39779.82348168161,49899.992,32.405807,1004.26587,135544.6993857693,23.972872222178953,4256.073113374904,False,False,3000.0,train
2023-08-17 13:00:00,23.65101938645555,32.297859032577776,130203.87729110965,130203.87729110965,41201.107797459896,49972.953,33.52452,1001.2196,123024.57947191541,23.17544299967322,4388.364694903387,False,False,3000.0,train
2023-08-17 14:00:00,23.636279584630145,32.989609523419325,127255.91692602905,127255.91692602905,40358.83340743687,49972.953,33.4891,853.64685,121629.58877821498,23.645505349190618,4309.833123615806,False,False,3000.0,train
2023-08-17 15:00:00,23.630114678003572,33.47612515175924,126022.93560071445,126022.93560071445,40006.55302877556,49899.992,34.74044,680.0449,126699.73850528554,23.30454409066093,4277.102087591508,False,False,3000.0,train
2023-08-17 16:00:00,23.589499005397094,33.70682799220224,117899.80107941886,117899.80107941886,37685.65745126253,49560.277,34.57003,425.94107,120958.8320788925,23.741147818659577,4063.2901428657397,False,False,3000.0,train
2023-08-17 17:00:00,23.528695189702493,33.65121487135909,105739.03794049854,105739.03794049854,34211.1536972853,48102.91,33.408844,190.97815,111326.94515085107,23.76186015063933,3750.02263061491,False,False,3000.0,train
2023-08-17 18:00:00,23.457878534557125,33.378117416968266,91575.70691142496,91575.70691142496,30164.48768897856,42702.97,32.08054,45.23754,96183.33344034186,23.84402960730955,3398.161133126928,False,False,3000.0,train
2023-08-17 19:00:00,23.37203174215684,33.00228165905609,74406.34843136778,74406.34843136778,25258.956694676508,29999.998,31.131117,0.0,76254.72078738121,23.211522905864328,2997.110978626099,False,False,3000.0,train
2023-08-17 20:00:00,23.29816750188715,32.62402218213169,59633.500377429984,59633.500377429984,21038.142964979994,17297.02,30.32176,25.082247,65367.98387588847,23.576335447593788,2683.3819948971945,False,False,3000.0,train
2023-08-17 21:00:00,23.24533560834965,32.2724498815254,49067.12166992975,49067.12166992975,18019.177619979928,11897.035,28.640009,36.08748,54625.41531008532,23.653606084592763,2483.309120120675,False,False,3000.0,train
2023-08-17 22:00:00,23.202169815911947,31.912643760662945,40433.963182389474,40433.963182389474,15552.560909254136,10439.478,26.716745,5.466781,43864.493879663176,22.709195724955308,2339.105564264115,False,False,3000.0,train
2023-08-17 23:00:00,23.182317193152095,31.543643499720584,36463.43863041892,36463.43863041892,14418.125322976834,10098.905,25.74871,8.234222,41657.92295943419,23.36602066918163,2279.610519601735,False,False,3000.0,train
2023-08-18 00:00:00,23.14862435940047,31.17776902633368,29724.871880093673,29724.871880093673,12492.82053716962,10000.246,23.688713,0.0,33321.90967908672,23.4361777355345,2189.7970699266143,False,False,3000.0,train
2023-08-18 01:00:00,23.1328732265201,30.8140979800842,26574.645304020094,26574.645304020094,11592.755801148598,10001.102,22.90674,0.0,28365.74866832215,23.05525531060387,2153.042172306671,False,False,3000.0,train
2023-08-18 02:00:00,23.126695087773616,30.4646447112238,25339.01755472314,25339.01755472314,11239.719301349469,10004.936,22.742235,1.9694576,29832.06174570362,22.763463014516084,2139.593239280474,False,False,3000.0,train
2023-08-18 03:00:00,23.120076224755017,30.139826714496433,24015.244951003468,24015.244951003468,10861.498557429562,10022.111,22.309582,19.64912,27250.38718946465,23.402962951587917,2125.807797297542,False,False,3000.0,train
2023-08-18 04:00:00,23.115934627950796,29.833752084152195,23186.92559015929,23186.92559015929,10624.835882902655,10098.905,22.316702,12.213954,26189.762735883403,22.75608197968347,2117.515092388063,False,False,3000.0,train
2023-08-18 05:00:00,23.11002966636699,29.529994153782695,22005.933273398172,22005.933273398172,10287.409506685191,10439.478,22.146944,0.0,28108.18295836131,23.056524236013722,2106.1422053864094,False,False,3000.0,train
2023-08-18 06:00:00,23.14313308616061,29.240361057532418,28626.617232121986,28626.617232121986,12179.033494891995,11897.035,24.373793,0.0,26292.07860914036,23.13109586881961,2176.587901450107,False,False,3000.0,train
2023-08-18 07:00:00,23.19929709107892,29.037390048524024,39859.41821578365,39859.41821578365,15388.405204509614,17297.02,25.477436,110.346146,39555.911136924544,23.413958506590117,2330.213702313732,False,False,3000.0,train
2023-08-18 08:00:00,23.300268876888488,29.025362520294294,60053.7753776976,60053.7753776976,21158.22153648503,29999.998,26.097864,313.46515,59858.41410974406,23.112279409034727,2691.804291437894,False,False,3000.0,train
2023-08-18 09:00:00,23.4376372779529,29.27689038084776,87527.4555905797,87527.4555905797,29007.844454451344,42702.97,28.588078,560.62164,89328.42304270447,23.23226217130454,3300.7499047860033,False,False,3000.0,train
2023-08-18 10:00:00,23.527423104552575,29.79697820537723,105484.62091051505,105484.62091051505,34138.46311729001,48102.91,29.895115,791.47864,107531.47779961296,23.55709774818151,3743.568447854475,False,False,3000.0,train
2023-08-18 11:00:00,23.59124864560827,30.521142912505823,118249.7291216542,118249.7291216542,37785.6368919012,49560.277,31.45948,952.2016,115111.24862267551,23.893165788894194,4072.431533323812,False,False,3000.0,train
2023-08-18 12:00:00,23.63389323928649,31.346736682417486,126778.64785729795,126778.64785729795,40222.47081637084,49899.992,32.968666,1014.4542,125545.27087479581,24.320128239482433,4297.155221454338,False,False,3000.0,train
2023-08-18 13:00:00,23.6463039637938,32.16791437750813,129260.79275876035,129260.79275876035,40931.65507393153,49972.953,33.248146,1000.61536,128504.76804613411,23.19405960386017,4363.200349532539,False,False,3000.0,train
2023-08-18 14:00:00,23.657029315164202,32.90210258257913,131405.8630328404,131405.8630328404,41544.532295097255,49972.953,34.42893,915.67377,145268.88691530307,23.751631920500177,4420.492139509474,False,False,3000.0,train
2023-08-18 15:00:00,23.63158397171425,33.43813466394176,126316.7943428499,126316.7943428499,40090.51266938569,49899.992,34.62149,695.45044,137037.07237441003,23.30562346384396,4284.896647499033,False,False,3000.0,train
2023-08-18 16:00:00,23.592081057190605,33.694085976020276,118416.21143812091,118416.21143812091,37833.203268034544,49560.277,34.44811,454.3596,119737.59843259273,23.89772443015263,4076.7829496089166,False,False,3000.0,train
2023-08-18 17:00:00,23.544938783554382,33.67654333942673,108987.75671087648,108987.75671087648,35139.35906025043,48102.91,34.198483,226.0113,110594.20793300905,23.263375419361612,3832.8185453504425,False,False,3000.0,train
2023-08-18 18:00:00,23.463087385082407,33.404412650640936,92617.47701648134,92617.47701648134,30462.13629042324,42702.97,32.85408,5.03088,91683.20313169429,23.260692919627708,3423.477376003616,False,False,3000.0,train
2023-08-18 19:00:00,23.373997105560917,33.014080439680505,74799.4211121835,74799.4211121835,25371.26317490957,29999.998,31.123323,11.135958,72063.76452394834,23.19721584784172,3005.903867199679,False,False,3000.0,train
2023-08-18 20:00:00,23.299122691668913,32.63098171750578,59824.538333782584,59824.538333782584,21092.725238223597,17297.02,30.620214,4.589637,62510.45715727122,23.276263010052972,2687.2063277994116,False,False,3000.0,train
2023-08-18 21:00:00,23.23059902488318,32.24888624316789,46119.80497663595,46119.80497663595,17177.087136181697,11897.035,27.905022,4.882722,46693.08870010435,23.32755830394079,2431.9401246689113,False,False,3000.0,train
2023-08-18 22:00:00,23.198713435501247,31.867025980188806,39742.687100249444,39742.687100249444,15355.053457214128,10439.478,26.609943,0.0,42545.11954623358,,2328.418574945987,False,True,3000.0,train
2023-08-18 23:00:00,23.169942810018384,31.4894129778446,33988.56200367675,33988.56200367675,13711.017715336215,10098.905,24.962158,0.0,33396.215662209834,23.16821254616355,2244.927640787115,False,False,3000.0,train
2023-08-19 00:00:00,23.151817346287057,31.119894879434376,30363.469257411423,30363.469257411423,12675.276930688979,10000.037,24.02106,0.0,31688.902096088223,22.752850039554882,2197.668364155791,False,False,3000.0,train
2023-08-19 01:00:00,23.141057839518943,30.7626029194239,28211.567903788648,28211.567903788648,12060.447972511043,10000.165,23.54154,0.83807343,31534.342133753624,23.359393684612,2171.7051612111322,False,False,3000.0,train
2023-08-19 02:00:00,23.139059233875678,30.44971776584323,27811.846775135506,27811.846775135506,11946.241935753002,10000.74,23.028364,56.84106,31605.4449372659,23.12317163477677,2167.059975851904,False,False,3000.0,train
2023-08-19 03:00:00,23.121520285216587,30.151394813465437,24304.057043317327,24304.057043317327,10944.016298090664,10003.316,22.490211,8.91315,28192.754584736376,23.470040722220997,2128.7598431688675,False,False,3000.0,train
2023-08-19 04:00:00,23.119496619441563,29.855286978079516,23899.323888312552,23899.323888312552,10828.378253803587,10014.836,22.265493,40.824974,24093.77111646431,22.90717498559758,2124.6317125767046,False,False,3000.0,train
2023-08-19 05:00:00,23.118761622356818,29.56864052530499,23752.32447136355,23752.32447136355,10786.378420389585,10065.922,22.887205,0.0,28566.94840684603,22.63807920415152,2123.1475751849284,False,False,3000.0,train
2023-08-19 06:00:00,23.129584521064906,29.279400332299453,25916.90421298125,25916.90421298125,11404.8297751375,10284.556,23.820887,3.0004654,27199.79882435643,23.119376720259982,2145.8139088901353,False,False,3000.0,train
2023-08-19 07:00:00,23.17870853490511,29.094831512570693,35741.706981021794,35741.706981021794,14211.916280291942,11094.553,25.685942,146.81769,40177.85146980453,23.56749434139039,2269.300036602807,False,False,3000.0,train
2023-08-19 08:00:00,23.233087964592336,29.128543151468673,46617.59291846721,46617.59291846721,17319.312262419204,13000.0,26.389275,364.73584,49591.62957752518,23.281370605577152,2440.4671627704256,False,False,3000.0,train
2023-08-19 09:00:00,23.30433116445709,29.390098383539474,60866.232891417836,60866.232891417836,21390.35225469081,14905.445,28.650616,541.63605,60138.73044629208,23.244430224705233,2708.178073124639,False,False,3000.0,train
2023-08-19 10:00:00,23.369073812877577,29.882921465470012,73814.7625755154,73814.7625755154,25089.932164432972,15715.437,29.84468,780.6172,75871.2550499285,23.10796970758035,2983.9164292372093,False,False,3000.0,train
2023-08-19 11:00:00,23.42898663476779,30.597258233160133,85797.32695355773,85797.32695355773,28513.52198673078,15934.041,31.373625,964.3245,89988.2705875093,23.956316574772035,3259.610894131095,False,False,3000.0,train
2023-08-19 12:00:00,23.477331456975303,31.439032433900287,95466.29139506066,95466.29139506066,31276.083255731617,15984.999,33.152134,1048.4948,100607.500770072,23.16845067850987,3493.1978921117493,False,False,3000.0,train
2023-08-19 13:00:00,23.479336089320405,32.2564915920717,95867.21786408106,95867.21786408106,31390.633675451732,15995.943,33.310825,977.87067,98373.32795987642,23.261717812031932,3503.0659592561574,False,False,3000.0,train
2023-08-19 14:00:00,23.487677509852833,32.938276549784256,97535.50197056668,97535.50197056668,31867.286277304764,15995.943,34.765053,860.6111,105964.5414296073,23.65868776867804,3544.270973019046,False,False,3000.0,train
2023-08-19 15:00:00,23.448684188627016,33.41432149394277,89736.83772540327,89736.83772540327,29639.096492972363,15984.999,33.741024,660.213,96115.74557696354,22.89187798166098,3353.7188374191155,False,False,3000.0,train
2023-08-19 16:00:00,23.417942662421982,33.640986782090856,83588.53248439643,83588.53248439643,27882.437852684696,15934.041,33.770454,455.78934,85765.30311427652,23.800319862036385,3207.5439960514177,False,False,3000.0,train
2023-08-19 17:00:00,23.36588628311344,33.605971210748926,73177.25662268799,73177.25662268799,24907.78760648228,15715.437,32.869602,212.56906,78404.93147236346,23.553144217378648,2969.7507973128754,False,False,3000.0,train
2023-08-19 18:00:00,23.328306852541488,33.358774092315585,65661.37050829752,65661.37050829752,22760.39157379929,14905.445,32.248734,79.22952,74089.88188699054,23.59807617408482,2807.1825767707255,False,False,3000.0,train
2023-08-19 19:00:00,23.296924354654067,33.015905786052265,59384.87093081335,59384.87093081335,20967.105980232383,13000.0,31.537958,28.175894,67635.86218071946,23.464359458238963,2678.414942820179,False,False,3000.0,train
2023-08-19 20:00:00,23.260532431146274,32.639169800264135,52106.486229254755,52106.486229254755,18887.567494072788,11094.553,30.152811,3.785482,51989.306476669866,23.212195375909364,2538.4202403155323,False,False,3000.0,train
2023-08-19 21:00:00,23.231862564747832,32.267944926305105,46372.512949566415,46372.512949566415,17249.28941416183,10284.556,28.427515,26.859095,47115.23621817615,22.912917951701207,2436.2612670918393,False,False,3000.0,train
2023-08-19 22:00:00,23.203123552477226,31.90814061483416,40624.71049544527,40624.71049544527,15607.060141555792,10065.922,26.858728,14.998743,47102.506445577696,23.16110092010974,2342.0782208446553,False,False,3000.0,train
2023-08-19 23:00:00,23.1687454540785,31.537892209416434,33749.0908157001,33749.0908157001,13642.597375914314,10014.836,24.835474,1.0343577,34376.77000726295,22.87617456055271,2241.6737090392385,False,False,3000.0,train
2023-08-20 00:00:00,23.1474461935737,31.172647875222637,29489.238714739942,29489.238714739942,12425.496775639984,10000.037,23.487015,14.584726,29596.936599297653,23.293292786596616,2186.927909186177,False,False,3000.0,train
2023-08-20 01:00:00,23.13889371865304,30.825759110410626,27778.743730608112,27778.743730608112,11936.78392303089,10000.165,23.185791,14.779702,29725.317695083268,23.38092766781747,2166.67781244137,False,False,3000.0,train
2023-08-20 02:00:00,23.130450207741028,30.48494240979463,26090.041548205532,26090.041548205532,11454.29758520158,10000.74,23.003956,0.5001117,29992.563034359377,23.57349279710049,2147.701385478992,False,False,3000.0,train
2023-08-20 03:00:00,23.114680231821307,30.147647784017327,22936.046364261387,22936.046364261387,10553.156104074682,10003.316,22.114735,0.0,25719.47173796112,23.226210523987167,2115.0546093520124,False,False,3000.0,train
2023-08-20 04:00:00,23.108508043402022,29.821671438831807,21701.608680404406,21701.608680404406,10200.459622972689,10014.836,21.957409,0.0,23333.279308314246,23.385880650380578,2103.2983234400353,False,False,3000.0,train
2023-08-20 05:00:00,23.11244221876003,29.513886848195135,22488.44375200605,22488.44375200605,10425.2696434303,10065.922,22.450924,4.281519,24065.36712224146,23.02329879759099,2110.724305102025,False,False,3000.0,train
2023-08-20 06:00:00,23.131572665163773,29.24105871241204,26314.53303275464,26314.53303275464,11518.43800935847,10284.556,23.745485,26.878757,27782.890865529305,22.988089523761314,2150.164920153508,False,False,3000.0,train
2023-08-20 07:00:00,23.176041092326212,29.053108166201856,35208.218465242426,35208.218465242426,14059.490990069264,11094.553,25.892204,113.357346,36218.959619116285,23.31814265957125,2261.7817716894383,False,False,3000.0,train
2023-08-20 08:00:00,23.230947373300594,29.05588592517161,46189.47466011889,46189.47466011889,17196.99276003397,13000.0,26.624378,336.3157,54740.9836949975,23.11500551148552,2433.129838796111,False,False,3000.0,train
2023-08-20 09:00:00,23.301746043174614,29.335125913013496,60349.20863492275,60349.20863492275,21242.631038549356,14905.445,27.845211,598.9693,64151.81743009875,23.38250177982291,2697.744295624641,False,False,3000.0,train
2023-08-20 10:00:00,23.364590904321563,29.85665074965299,72918.18086431263,72918.18086431263,24833.76596123218,15715.437,29.569513,777.6689,78546.54352583889,23.046233247520938,2964.0099511480303,False,False,3000.0,train
2023-08-20 11:00:00,23.423821690680484,30.56647305526498,84764.33813609675,84764.33813609675,28218.38232459907,15934.041,31.066969,960.56665,86182.07662527479,23.159333385937593,3235.1960864351777,False,False,3000.0,train
2023-08-20 12:00:00,23.460486965331896,31.372924096155035,92097.39306637914,92097.39306637914,30313.540876108327,15984.999,32.609272,991.71423,94463.12711991275,23.651109755637382,3410.8264143255406,False,False,3000.0,train
2023-08-20 13:00:00,23.476480934463353,32.16184161724995,95296.18689267068,95296.18689267068,31227.48196933448,15995.943,33.19253,981.49536,95806.5862213124,23.74248795708518,3489.015178048748,False,False,3000.0,train
2023-08-20 14:00:00,23.47384945665255,32.850545764070475,94769.89133051035,94769.89133051035,31077.111808717244,15995.943,33.699966,869.0293,88552.3155022197,23.17815260596255,3476.0896237751217,False,False,3000.0,train
2023-08-20 15:00:00,23.461823041765545,33.3639424565806,92364.60835310894,92364.60835310894,30389.888100888267,15984.999,34.18518,715.50525,90655.50509293664,23.66300733491747,3417.323336853111,False,False,3000.0,train
2023-08-20 16:00:00,23.425270008166702,33.62840407626679,85054.00163334045,85054.00163334045,28301.143323811557,15934.041,34.243412,459.30692,82183.91978010625,23.26544930625612,3242.03097987355,False,False,3000.0,train
2023-08-20 17:00:00,23.37598104553849,33.594411271638755,75196.2091076983,75196.2091076983,25484.631173628088,15715.437,33.74336,201.72577,71413.55954197563,23.380932598398584,3014.8006364852417,False,False,3000.0,train
2023-08-20 18:00:00,23.32558114369905,33.31327566049306,65116.22873981011,65116.22873981011,22604.63678280289,14905.445,32.72324,19.996988,64774.326792409935,23.750664468436245,2795.730838397313,False,False,3000.0,train
2023-08-20 19:00:00,23.291631250159895,32.94612241737141,58326.25003197904,58326.25003197904,20664.642866279726,13000.0,31.077389,39.353065,64847.18265199946,23.533877420366778,2657.3965263982795,False,False,3000.0,train
2023-08-20 20:00:00,23.247177904680658,32.57755691567757,49435.58093613163,49435.58093613163,18124.451696037606,11094.553,29.135271,10.792581,52324.94033062295,23.485939501087316,2489.877305459757,False,False,3000.0,train
2023-08-20 21:00:00,23.219889675598573,32.19282273860002,43977.93511971457,43977.93511971457,16565.12431991845,10284.556,27.94098,0.0,50070.081968340724,23.792526783135663,2395.9659637929835,False,False,3000.0,train
2023-08-20 22:00:00,23.201477516255267,31.820819196021233,40295.503251053335,40295.503251053335,15513.000928872381,10065.922,26.821106,16.792322,44255.9507006958,22.990313713940328,2336.9541767073833,False,False,3000.0,train
2023-08-20 23:00:00,23.166213998139593,31.454402264885402,33242.799627918626,33242.799627918626,13497.942750833894,10014.836,24.726934,0.0,37991.70486682943,22.870451505641828,2234.854660686406,False,False,3000.0,train
2023-08-21 00:00:00,23.153173164960652,31.090094676431637,30634.632992130406,30634.632992130406,12752.75228346583,10000.246,24.073114,7.649203,31651.71129439218,22.936536483892073,2201.0526265190188,False,False,3000.0,train
2023-08-21 01:00:00,23.130647868687372,30.735463913345015,26129.573737474486,26129.573737474486,11465.592496421283,10001.102,22.782564,0.0,30255.09053301554,23.05429755266539,2148.133878819452,False,False,3000.0,train
2023-08-21 02:00:00,23.118484940278965,30.387569503382732,23696.9880557929,23696.9880557929,10770.56801594083,10004.936,22.186287,2.5896618,28243.750324662018,22.412119755991398,2122.590991836334,False,False,3000.0,train
2023-08-21 03:00:00,23.120482575165223,30.054886597350137,24096.515033044598,24096.515033044598,10884.718580869885,10022.111,22.66251,0.0,25870.19652758291,23.05825410415618,2126.6353314717526,False,False,3000.0,train
2023-08-21 04:00:00,23.116868978874574,29.741148652411088,23373.795774914895,23373.795774914895,10678.227364261398,10098.905,22.506645,7.7240973,27559.665114289368,22.9534977593061,2119.3633232729794,False,False,3000.0,train
2023-08-21 05:00:00,23.131372807407885,29.456323891302038,26274.561481577053,26274.561481577053,11507.017566164872,10439.478,23.566658,21.031115,30491.709427604208,23.366500737627224,2149.724941229518,False,False,3000.0,train
2023-08-21 06:00:00,23.13328270029333,29.183770370091022,26656.540058665712,26656.540058665712,11616.154302475918,11897.035,23.596365,0.0,,23.23900851399634,2153.9531134890854,True,False,3000.0,train
2023-08-21 07:00:00,23.204964242414057,28.99640113028508,40992.84848281144,40992.84848281144,15712.242423660411,17297.02,25.667004,137.31046,41356.76316066956,23.024755254083257,2347.844173717937,False,False,3000.0,train
2023-08-21 08:00:00,23.314196781415795,29.010293870373424,62839.35628315902,62839.35628315902,21954.10179518829,29999.998,27.025425,323.16043,62584.85410156164,23.491185035024667,2748.4370519030663,False,False,3000.0,train
2023-08-21 09:00:00,23.41854485183383,29.26976008366485,83708.97036676582,83708.97036676582,27916.848676218804,42702.97,27.016706,567.9964,86986.68512311362,23.63552376978096,3210.3695344738226,False,False,3000.0,train
2023-08-21 10:00:00,23.5237302842129,29.786957318385873,104746.0568425798,104746.0568425798,33927.44481216566,48102.91,29.732313,789.0592,108964.1219779774,23.293166547275476,3724.8574176285006,False,False,3000.0,train
2023-08-21 11:00:00,23.59639540660045,30.51265783569214,119279.08132009009,119279.08132009009,38079.73752002574,49560.277,31.831598,955.2623,119030.23293073657,23.448488129985726,4099.359622734775,False,False,3000.0,train
2023-08-21 12:00:00,23.630764957342393,31.33858571137666,126152.9914684786,126152.9914684786,40043.71184813674,49899.992,32.76857,1010.3199,129266.79138616001,22.963156001212997,4280.551311548716,False,False,3000.0,train
2023-08-21 13:00:00,23.641763287156017,32.142933072622235,128352.65743120345,128352.65743120345,40672.1878374867,49972.953,33.234333,975.22534,133828.22047137696,23.31456529484523,4339.004978412295,False,False,3000.0,train
2023-08-21 14:00:00,23.638905273922674,32.82466525213393,127781.05478453483,127781.05478453483,40508.87279558138,49972.953,33.917145,848.0295,133453.98434561642,23.4161644057956,4323.794417599368,False,False,3000.0,train
2023-08-21 15:00:00,23.614976414350355,33.31429075214909,122995.28287007107,122995.28287007107,39141.509391448875,49899.992,33.69349,681.67,132508.5693341715,23.637226267332164,4197.029383678403,False,False,3000.0,train
2023-08-21 16:00:00,23.58182263665004,33.551804878955934,116364.52733000767,116364.52733000767,37247.00780857362,49560.277,34.09278,432.81015,124502.15511689124,23.298207832842095,4023.2614753036487,False,False,3000.0,train
2023-08-21 17:00:00,23.525447649659412,33.5314156980778,105089.52993188245,105089.52993188245,34025.57998053785,48102.91,32.693592,242.08734,104351.15390904255,23.37141205354468,3733.554388404382,False,False,3000.0,train
2023-08-21 18:00:00,23.45072655542142,33.26919477509729,90145.31108428372,90145.31108428372,29755.803166938207,42702.97,32.051228,9.20951,98808.1602030095,23.08312735094664,3363.563497161018,False,False,3000.0,train
2023-08-21 19:00:00,23.37820133998144,32.88276949570679,75640.2679962882,75640.2679962882,25611.505141796628,29999.998,31.662373,4.6018257,77034.17991234391,23.429535509540823,3024.781831520295,False,False,3000.0,train
2023-08-21 20:00:00,23.28578109070552,32.49830489844272,57156.21814110392,57156.21814110392,20330.348040315406,17297.02,29.759396,0.0,,23.413495469080992,2634.4164334770826,True,False,3000.0,train
2023-08-21 21:00:00,23.229984554664203,32.11454273365285,45996.91093284051,45996.91093284051,17141.974552240146,11897.035,28.069338,0.0,49162.10786137997,23.350694159190148,2429.8444875809023,False,False,3000.0,train
2023-08-21 22:00:00,23.197504492795076,31.73662503413946,39500.898559015244,39500.898559015244,15285.971016861498,10439.478,26.619429,0.0,41542.7696867157,23.201212832366654,2324.7126463872155,False,False,3000.0,train
2023-08-21 23:00:00,23.18859269669943,31.376616044369324,37718.53933988609,37718.53933988609,14776.72552568174,10098.905,26.311466,12.703453,36564.60323394383,22.726270797749013,2297.9163146078845,False,False,3000.0,train
2023-08-22 00:00:00,23.156958803739197,31.028317210176464,31391.76074783947,31391.76074783947,12969.074499382707,10000.246,24.339212,6.1927404,34012.494575352284,22.97097270457134,2210.6330266610594,False,False,3000.0,train
2023-08-22 01:00:00,23.12859446271038,30.676159641757284,25718.892542076333,25718.892542076333,11348.25501202181,10001.102,22.66137,0.0,25376.09158385575,23.006402461014837,2143.6686521549414,False,False,3000.0,train
2023-08-22 02:00:00,23.132085014104238,30.34375044114582,26417.002820847556,26417.002820847556,11547.71509167073,10004.936,23.038923,21.055035,31497.94929291706,23.01109642022805,2151.295478132421,False,False,3000.0,train
2023-08-22 03:00:00,23.113842081522908,30.024303730689994,22768.416304581508,22768.416304581508,10505.261801309003,10022.111,22.132261,0.0,28974.042201240896,23.13633644691986,2113.423928821868,False,False,3000.0,train
2023-08-22 04:00:00,23.11709188754225,29.706367176592305,23418.377508450307,23418.377508450307,10690.965002414374,10098.905,22.66811,0.0,24729.080645149585,23.544754299253558,2119.8062092124037,False,False,3000.0,train
2023-08-22 05:00:00,23.11844759313074,29.4112825015345,23689.518626147787,23689.518626147787,10768.433893185082,10439.478,22.736975,11.545099,27330.456343966704,23.36207645693612,2122.5159512862897,False,False,3000.0,train
2023-08-22 06:00:00,23.131442664235205,29.132532295957613,26288.532847041068,26288.532847041068,11511.009384868878,11897.035,23.549995,0.0,,22.835187330280597,2149.8786624656195,True,False,3000.0,train
2023-08-22 07:00:00,23.1972064862688,28.929633436422517,39441.29725376015,39441.29725376015,15268.942072502901,17297.02,25.488544,106.77163,40980.82337008919,23.400727348857792,2323.8016989738003,False,False,3000.0,train
2023-08-22 08:00:00,23.303297713080315,28.926248576693702,60659.54261606308,60659.54261606308,21331.297890303736,29999.998,26.30731,322.43695,65753.77716881986,23.495388423380035,2704.0011278383326,False,False,3000.0,train
2023-08-22 09:00:00,23.427340317821294,29.185919540784287,85468.06356425876,85468.06356425876,28419.44673264536,42702.97,27.855251,561.58923,88342.74420643625,23.185520075935823,3251.8165539405445,False,False,3000.0,train
2023-08-22 10:00:00,23.531696775810964,29.72002463279276,106339.35516219282,106339.35516219282,34382.67290348366,48102.91,30.079826,811.6262,115889.59846009251,23.786356552601596,3765.2692613782465,False,False,3000.0,train
2023-08-22 11:00:00,23.573842596891325,30.43247186373973,114768.51937826496,114768.51937826496,36791.00553664713,49560.277,30.702951,908.67975,115848.37211998315,23.525729606107745,3981.7875051603723,False,False,3000.0,train
2023-08-22 12:00:00,23.61876707547003,31.238396341025172,123753.4150940057,123753.4150940057,39358.11859828734,49899.992,31.842718,1026.5635,130967.65526903122,23.195781028465696,4217.038886788495,False,False,3000.0,train
2023-08-22 13:00:00,23.64178416748005,32.04308130525436,128356.83349601012,128356.83349601012,40673.38099886003,49972.953,33.58195,955.23724,131779.52161020352,23.778344984871193,4339.116158229717,False,False,3000.0,train
2023-08-22 14:00:00,23.629530246553752,32.722237204312435,125906.04931075049,125906.04931075049,39973.15694592871,49972.953,33.179382,857.4934,132307.20675195474,23.69461879363811,4274.002799219605,False,False,3000.0,train
2023-08-22 15:00:00,23.617485568627217,33.22549149960896,123497.11372544334,123497.11372544334,39284.889635840955,49899.992,33.86709,691.914,124614.45872895804,23.54918227987147,4210.271177568445,False,False,3000.0,train
2023-08-22 16:00:00,23.57845764984064,33.47562644626189,115691.52996812803,115691.52996812803,37054.72284803658,49560.277,33.817074,438.79163,118493.00938221806,23.56722172434565,4005.755496249071,False,False,3000.0,train
2023-08-22 17:00:00,23.523326197294264,33.450993865844076,104665.23945885271,104665.23945885271,33904.35413110077,48102.91,32.82581,223.34642,107235.25881509601,23.307600553627726,3722.81225901617,False,False,3000.0,train
2023-08-22 18:00:00,23.45323521479691,33.19871387445456,90647.04295938171,90647.04295938171,29899.15513125192,42702.97,31.963463,38.740616,90824.78387042621,23.636274365936043,3375.6773775869037,False,False,3000.0,train
2023-08-22 19:00:00,23.374061482819247,32.8279998205384,74812.2965638494,74812.2965638494,25374.941875385546,29999.998,31.434128,0.0,79802.64093112836,23.36102629246657,3006.1922336140815,False,False,3000.0,train
2023-08-22 20:00:00,23.29135417337856,32.461302527853164,58270.83467571228,58270.83467571228,20648.809907346364,17297.02,29.837675,32.870216,62998.09251269122,23.34128882656303,2656.302158344147,False,False,3000.0,train
2023-08-22 21:00:00,23.226394371652358,32.096625956033115,45278.87433047155,45278.87433047155,16936.82123727759,11897.035,27.789494,0.0,49713.89746419582,23.33353694898102,2417.6763254354732,False,False,3000.0,train
2023-08-22 22:00:00,23.204759548024292,31.73647516548607,40951.909604858374,40951.909604858374,15700.545601388107,10439.478,26.826658,30.76583,47559.477080496334,22.858383863696396,2347.2011013664855,False,False,3000.0,train
2023-08-22 23:00:00,23.179958017709335,31.385209684603982,35991.60354186708,35991.60354186708,14283.315297676309,10098.905,25.77549,0.0,42285.749695225524,22.91167311114472,2272.851946995986,False,False,3000.0,train
2023-08-23 00:00:00,23.145905145065626,31.033003713207993,29181.029013125226,29181.029013125226,12337.436860892922,10000.246,23.364008,21.63999,31362.44830912627,22.482921807180762,2183.203886227388,False,False,3000.0,train
2023-08-23 01:00:00,23.131979634902248,30.68679738178726,26395.9269804495,26395.9269804495,11541.693422985572,10001.102,22.947966,0.0,30198.385883997158,23.30140231244937,2151.0626362431894,False,False,3000.0,train
2023-08-23 02:00:00,23.130015592818932,30.34337901822028,26003.118563786385,26003.118563786385,11429.462446796111,10004.936,23.114721,0.0,27664.40227431597,22.766352585694904,2146.7524211091736,False,False,3000.0,train
2023-08-23 03:00:00,23.12017972852887,30.025877473096365,24035.945705774255,24035.945705774255,10867.413058792645,10022.111,22.364079,22.32176,27085.599536364505,23.159950641497566,2126.018348315422,False,False,3000.0,train
2023-08-23 04:00:00,23.120190412331127,29.731067738644864,24038.082466225318,24038.082466225318,10868.023561778662,10098.905,22.649414,18.206305,25762.99109294945,23.23148687981299,2126.0400908232527,False,False,3000.0,train
2023-08-23 05:00:00,23.12254058644877,29.452650360166057,24508.11728975424,24508.11728975424,11002.319225644067,10439.478,22.843401,24.890131,30960.267414405713,23.303246438116528,2130.8643860601537,False,False,3000.0,train
2023-08-23 06:00:00,23.134911541781403,29.189021294222385,26982.308356280526,26982.308356280526,11709.230958937293,11897.035,23.557789,16.529808,30767.02371368292,22.773706467630586,2157.600627505022,False,False,3000.0,train
2023-08-23 07:00:00,23.20122463376335,29.000213322724743,40244.92675266984,40244.92675266984,15498.55050076281,17297.02,25.576963,119.64298,42735.57371691192,23.18167614832114,2336.1696677242826,False,False,3000.0,train
2023-08-23 08:00:00,23.3119235309663,29.00546058252639,62384.706193260085,62384.706193260085,21824.20176950288,29999.998,26.82819,327.1729,68654.14630053737,23.813007657202625,2739.0995619249484,False,False,3000.0,train
2023-08-23 09:00:00,23.431351209792926,29.265313225613333,86270.2419585851,86270.2419585851,28648.640559595744,42702.97,28.099007,558.9333,82170.53781466428,23.94564561378822,3270.825458937474,False,False,3000.0,train
2023-08-23 10:00:00,23.51593875024884,29.76240487256253,103187.75004976786,103187.75004976786,33482.21429993367,48102.91,29.486395,756.5359,98764.76664764427,23.812135678456926,3685.5041153551883,False,False,3000.0,train
2023-08-23 11:00:00,23.576384469225292,30.464104226988894,115276.89384505848,115276.89384505848,36936.25538430242,49560.277,30.420525,952.4672,,23.677632410870945,3994.982606859308,True,False,3000.0,train
2023-08-23 12:00:00,23.62596346661911,31.289102691134072,125192.69332382166,125192.69332382166,39769.34094966333,49899.992,32.424618,1018.18713,128449.99271265745,23.324431549965496,4255.101575227695,False,False,3000.0,train
2023-08-23 13:00:00,23.640134011840733,32.10370517751832,128026.80236814651,128026.80236814651,40579.08639089901,49972.953,33.03908,985.1032,132111.31801616703,23.855720499458048,4330.332078738442,False,False,3000.0,train
2023-08-23 14:00:00,23.63919364542242,32.79678806768351,127838.72908448402,127838.72908448402,40525.35116699543,49972.953,33.862427,856.9773,125101.63022331453,23.591787276798367,4325.328494870937,False,False,3000.0,train
2023-08-23 15:00:00,23.621186031402225,33.28491633401209,124237.20628044492,124237.20628044492,39496.34465155569,49899.992,34.388004,663.99054,127138.93181659355,23.789344513984076,4229.822109963118,False,False,3000.0,train
2023-08-23 16:00:00,23.58567410468196,33.523597350362465,117134.820936392,117134.820936392,37467.091696112,49560.277,34.24317,444.81784,128235.6686981833,23.395821068226326,4043.3290304179495,False,False,3000.0,train
2023-08-23 17:00:00,23.53403190388417,33.50240214340042,106806.38077683398,106806.38077683398,34516.108793381136,48102.91,33.603367,220.04764,112919.50424919534,23.48215197003219,3777.1474259262695,False,False,3000.0,train
2023-08-23 18:00:00,23.47422115144534,33.26208257090723,94844.23028906832,94844.23028906832,31098.35151116238,42702.97,33.264282,54.88783,98434.45504430337,23.52346535946827,3477.913917452995,False,False,3000.0,train
2023-08-23 19:00:00,23.379939232454127,32.90957047179838,75987.84649082547,75987.84649082547,25710.81328309299,29999.998,31.585663,12.874894,77656.36619031627,23.453822659902286,3032.6123281556993,False,False,3000.0,train
2023-08-23 20:00:00,23.281084148638104,32.526887090562255,56216.829727620876,56216.829727620876,20061.951350748823,17297.02,29.374098,0.0,58184.56359283046,23.42920096297618,2616.161071142579,False,False,3000.0,train
2023-08-23 21:00:00,23.226594170368426,32.14053981747599,45318.83407368511,45318.83407368511,16948.238306767176,11897.035,27.792294,1.7177709,43169.688214335154,23.052835675010957,2418.350067632555,False,False,3000.0,train
2023-08-23 22:00:00,23.20975435466283,31.766176666665825,41950.87093256618,41950.87093256618,15985.963123590336,10439.478,27.497961,3.0823312,,22.80676901902977,2363.025182853696,True,False,3000.0,train
2023-08-23 23:00:00,23.169093806199008,31.400868320244104,33818.76123980163,33818.76123980163,13662.503211371893,10098.905,24.854284,6.1110063,38714.85730297335,23.656529318168946,2242.6185031376244,False,False,3000.0,train
2023-08-24 00:00:00,23.148115472214045,31.03760840548024,29623.094442808906,29623.094442808906,12463.741269373973,10000.246,23.809937,0.0,29174.764179289938,23.894891722921052,2188.555448676322,False,False,3000.0,train
2023-08-24 01:00:00,23.141111421069205,30.68560715040556,28222.284213840965,28222.284213840965,12063.509775383132,10001.102,23.572021,4.8020678,29785.79885326878,23.275337634429917,2171.8304707371003,False,False,3000.0,train
2023-08-24 02:00:00,23.12844361145463,30.34648765719009,25688.722290926336,25688.722290926336,11339.634940264667,10004.936,22.960802,0.0,26207.878521839324,22.7312459830356,2143.3430447892147,False,False,3000.0,train
2023-08-24 03:00:00,23.113989588485836,30.020449420282816,22797.917697167235,22797.917697167235,10513.69077061921,10022.111,22.048378,10.161791,23757.445090264082,22.882031053432975,2113.710137694885,False,False,3000.0,train
2023-08-24 04:00:00,23.114319194644064,29.710998730783906,22863.838928812896,22863.838928812896,10532.525408232257,10098.905,22.371452,7.18422,25976.91785321562,23.267054465359355,2114.3508737923394,False,False,3000.0,train
2023-08-24 05:00:00,23.11192550780889,29.418164276253147,22385.101561778243,22385.101561778243,10395.743303365212,10439.478,22.220034,13.851405,20987.564529420837,23.514260191313276,2109.735408703664,False,False,3000.0,train
2023-08-24 06:00:00,23.134815429665196,29.154919725329155,26963.08593303911,26963.08593303911,11703.738838011173,11897.035,23.46425,29.70305,31288.303359019825,22.770948239302637,2157.384342839543,False,False,3000.0,train
2023-08-24 07:00:00,23.19451598332187,28.980263811089916,38903.196664374205,38903.196664374205,15115.199046964059,17297.02,24.924128,133.82715,43648.84128504109,23.157216137067202,2315.6236394622247,False,False,3000.0,train
2023-08-24 08:00:00,23.310348728607682,29.001696696743856,62069.745721536405,62069.745721536405,21734.213063296116,29999.998,26.515053,346.4406,64383.56968400775,23.369128347940872,2732.652191652382,False,False,3000.0,train
2023-08-24 09:00:00,23.433580478239598,29.285900951030165,86716.09564791965,86716.09564791965,28776.02732797704,42702.97,27.940903,586.09717,81575.85067750604,23.69295401362536,3281.4193758154765,False,False,3000.0,train
2023-08-24 10:00:00,23.519706048855003,29.79944437830806,103941.20977100059,103941.20977100059,33697.48850600017,48102.91,29.684063,760.6167,103249.9665710911,23.41662572053489,3704.5104372633687,False,False,3000.0,train
2023-08-24 11:00:00,23.591839873859037,30.488896177053157,118367.97477180738,118367.97477180738,37819.421363373534,49560.277,31.947311,919.016,126392.69374834442,23.12269546646246,4075.5220164319203,False,False,3000.0,train
2023-08-24 12:00:00,23.624582553649628,31.28861557131512,124916.51072992553,124916.51072992553,39690.43163712158,49899.992,32.498608,998.1699,116116.17397793935,23.8109418214855,4247.790153438095,False,False,3000.0,train
2023-08-24 13:00:00,23.64197633487987,32.08452524840216,128395.26697597421,128395.26697597421,40684.36199313549,49972.953,33.389866,968.76025,129886.96691779798,23.97941512443124,4340.139412927714,False,False,3000.0,train
2023-08-24 14:00:00,23.64498451295771,32.791570105995056,128996.90259154185,128996.90259154185,40856.25788329767,49972.953,33.866516,894.36743,126856.62351397582,23.620207074434163,4356.165835960628,False,False,3000.0,train
2023-08-24 15:00:00,23.61884026253099,33.30733599651188,123768.05250619825,123768.05250619825,39362.30071605664,49899.992,34.00147,678.4992,130161.26780224858,23.740412289922922,4217.425487078502,False,False,3000.0,train
2023-08-24 16:00:00,23.584536650951335,33.54211088229723,116907.3301902671,116907.3301902671,37402.09434007631,49560.277,34.358963,426.97305,117181.6257296332,23.442189282123213,4037.399096818956,False,False,3000.0,train
2023-08-24 17:00:00,23.51963622873958,33.4917160653558,103927.24574791572,103927.24574791572,33693.498785118776,48102.91,32.869877,190.65768,108423.55519342043,23.26590439032181,3704.15782167457,False,False,3000.0,train
2023-08-24 18:00:00,23.466587433130314,33.25365044040592,93317.48662606288,93317.48662606288,30662.139036017965,42702.97,32.262638,97.6297,98262.97766457239,23.77451513729448,3440.543268029757,False,False,3000.0,train
2023-08-24 19:00:00,23.364973175360152,32.911203561870124,72994.63507203043,72994.63507203043,24855.610020580123,29999.998,30.63192,0.0,81440.3357982105,23.48122192970449,2965.7031332163046,False,False,3000.0,train
2023-08-24 20:00:00,23.28723301795699,32.53026135993443,57446.60359139786,57446.60359139786,20413.315311827962,17297.02,29.657997,20.041508,59910.81760256625,23.434343597777556,2640.094891811369,False,False,3000.0,train
2023-08-24 21:00:00,23.233219872431626,32.16336109207621,46643.97448632513,46643.97448632513,17326.84985323575,11897.035,28.117851,13.325272,50561.86900742729,23.68385441683001,2440.920793531174,False,False,3000.0,train
2023-08-24 22:00:00,23.207395876168626,31.81148885128561,41479.17523372513,41479.17523372513,15851.192923921466,10439.478,26.885519,35.47169,40981.09882999741,22.890943175873055,2355.5190044368287,False,False,3000.0,train
2023-08-24 23:00:00,23.17783870190707,31.458849481763007,35567.74038141413,35567.74038141413,14162.211537546895,10098.905,25.549295,0.0,41266.21592841172,23.012230821459244,2266.8387106840464,False,False,3000.0,train
2023-08-25 00:00:00,23.152229788149224,31.09278315746718,30445.957629844856,30445.957629844856,12698.84503709853,10000.246,24.042225,0.0,31773.830455297437,23.199609792799635,2198.6952272651333,False,False,3000.0,train
2023-08-25 01:00:00,23.139728399485474,30.736070728245497,27945.67989709478,27945.67989709478,11984.479970598508,10001.102,23.472391,0.0,29729.623379435045,22.970434428157102,2168.608983293161,False,False,3000.0,train
2023-08-25 02:00:00,23.127501822428385,30.3913546594953,25500.364485677095,25500.364485677095,11285.81842447917,10004.936,22.859486,0.0,28452.7248875458,23.36244278301012,2141.3177554982685,False,False,3000.0,train
2023-08-25 03:00:00,23.11407629308606,30.057606713116034,22815.25861721221,22815.25861721221,10518.64531920349,10022.111,22.145782,0.0,22511.510960788455,23.057856526814867,2113.8785261204694,False,False,3000.0,train
2023-08-25 04:00:00,23.11552547248308,29.74414536221904,23105.094496615664,23105.094496615664,10601.455570461618,10098.905,22.373425,12.392482,26589.334284470424,22.81776563023392,2116.709912228831,False,False,3000.0,train
2023-08-25 05:00:00,23.107886218014983,29.44437576566002,21577.243602996532,21577.243602996532,10164.926743713295,10439.478,22.048975,0.0,26610.999394144772,23.12761772057128,2102.1464500250095,False,False,3000.0,train
2023-08-25 06:00:00,23.1419526848991,29.177731252707222,28390.536979819815,28390.536979819815,12111.581994234233,11897.035,23.905096,37.7243,32027.31746128942,23.193054316141136,2173.8031950943177,False,False,3000.0,train
2023-08-25 07:00:00,23.19290977485707,28.995706848955567,38581.954971414234,38581.954971414234,15023.415706118352,17297.02,25.017603,111.27163,37910.360086588356,23.47331439372597,2310.781366653845,False,False,3000.0,train
2023-08-25 08:00:00,23.29995005331918,28.999353913763336,59990.01066383585,59990.01066383585,21140.00304681024,29999.998,25.791327,341.94846,62656.89874352402,23.417892324263406,2690.524343227993,False,False,3000.0,train
2023-08-25 09:00:00,23.423667074930542,29.249963122157226,84733.41498610836,84733.41498610836,28209.5471388881,42702.97,27.847086,535.219,90133.48294908955,23.562010992338493,3234.4669504707026,False,False,3000.0,train
2023-08-25 10:00:00,23.527550637094894,29.756635454393027,105510.12741897878,105510.12741897878,34145.7506911368,48102.91,29.955524,794.5073,101478.53312905657,23.62363814229706,3744.215310204826,False,False,3000.0,train
2023-08-25 11:00:00,23.569239957137953,30.448867010844033,113847.9914275905,113847.9914275905,36527.99755074014,49560.277,30.52413,894.166,112594.14023249407,23.512773200750374,3957.9323689127186,False,False,3000.0,train
2023-08-25 12:00:00,23.626592815997462,31.232439256280813,125318.56319949242,125318.56319949242,39805.30377128355,49899.992,32.77946,997.4569,132051.26710089474,23.411727081464083,4258.434930129455,False,False,3000.0,train
2023-08-25 13:00:00,23.641745064150296,32.03135993505378,128349.01283005919,128349.01283005919,40671.146522874056,49972.953,33.405712,968.5129,132520.93205633422,23.72839656964811,4338.907948436522,False,False,3000.0,train
2023-08-25 14:00:00,23.632867233756368,32.70620073359951,126573.44675127362,126573.44675127362,40163.84192893532,49972.953,33.72384,833.45746,131341.5082999775,23.532929803991276,4291.707548313112,False,False,3000.0,train
2023-08-25 15:00:00,23.613163134804104,33.17996564443704,122632.6269608208,122632.6269608208,39037.89341737737,49899.992,33.962708,657.6378,133419.2012589073,24.120109920936407,4187.467620863551,False,False,3000.0,train
2023-08-25 16:00:00,23.585088355934584,33.42554475860456,117017.67118691678,117017.67118691678,37433.62033911908,49560.277,34.147167,458.16006,121910.75325002774,23.98774304436655,4040.274969975241,False,False,3000.0,train
2023-08-25 17:00:00,23.518691044801184,33.406614526740015,103738.20896023673,103738.20896023673,33639.48827435335,48102.91,32.643234,209.52208,109171.99044410425,,3699.3856785214984,False,True,3000.0,train
2023-08-25 18:00:00,23.469999349579762,33.161374097306975,93999.86991595241,93999.86991595241,30857.105690272117,42702.97,33.078587,55.693916,106371.51664955233,23.583539431367658,3457.2211369529687,False,False,3000.0,train
2023-08-25 19:00:00,23.364836963456536,32.80297392048599,72967.39269130725,72967.39269130725,24847.82648323064,29999.998,30.694271,0.0,75333.4408557258,23.338449248162185,2965.0997211815143,False,False,3000.0,train
2023-08-25 20:00:00,23.27863803720285,32.41769841703409,55727.607440569926,55727.607440569926,19922.17355444855,17297.02,29.266441,5.57633,56647.74735332404,22.90030091779871,2606.7239224638342,False,False,3000.0,train
2023-08-25 21:00:00,23.234688885795435,32.04044579755701,46937.77715908709,46937.77715908709,17410.793474024882,11897.035,28.507948,0.0,50984.16045346253,23.169837218798847,2445.9843483089803,False,False,3000.0,train
2023-08-25 22:00:00,23.201733980294044,31.6767888914688,40346.79605880882,40346.79605880882,15527.656016802519,10439.478,26.782747,15.894718,44373.04757197479,23.23215399031562,2337.7505335236265,False,False,3000.0,train
2023-08-25 23:00:00,23.176100550469542,31.31908024093434,35220.11009390838,35220.11009390838,14062.888598259537,10098.905,25.549797,0.0,37028.70705872054,23.24493749280294,2261.9483945316533,False,False,3000.0,train
2023-08-26 00:00:00,23.152092022061215,30.959644935704993,30418.40441224295,30418.40441224295,12690.972689212273,10000.037,24.14361,0.0,31148.832388067334,23.292952932165964,2198.3519723392988,False,False,3000.0,train
2023-08-26 01:00:00,23.13201757972023,30.610549543006414,26403.515944046063,26403.515944046063,11543.861698298875,10000.165,22.922264,5.6632166,34372.32959385179,23.408416639083537,2151.1464591670056,False,False,3000.0,train
2023-08-26 02:00:00,23.113146190855378,30.279850055666135,22629.238171075627,22629.238171075627,10465.496620307322,10000.74,21.661749,20.08957,26319.557128495875,22.905499969347517,2112.0781657369926,False,False,3000.0,train
2023-08-26 03:00:00,23.107387971291352,29.95683616185422,21477.59425827047,21477.59425827047,10136.455502362991,10003.316,21.778723,0.0,22938.89584302566,22.90246528912865,2101.2278195404238,False,False,3000.0,train
2023-08-26 04:00:00,23.11019501780991,29.639291728765382,22039.003561982183,22039.003561982183,10296.858160566338,10014.836,22.251678,0.0,26968.368057867196,23.54545202173286,2106.453396162506,False,False,3000.0,train
2023-08-26 05:00:00,23.114297300732733,29.339397008005182,22859.460146546695,22859.460146546695,10531.27432758477,10065.922,22.764833,0.0,25628.693650853365,23.34559177749068,2114.3082619079937,False,False,3000.0,train
2023-08-26 06:00:00,23.117452437967696,29.0660261188951,23490.4875935392,23490.4875935392,10711.567883868343,10284.556,22.904104,19.327925,25954.246377394054,23.0002211553277,2120.5241584674286,False,False,3000.0,train
2023-08-26 07:00:00,23.166270332023167,28.875299003033213,33254.06640463342,33254.06640463342,13501.161829895264,11094.553,25.38562,109.97772,37510.749372676924,23.134106981337496,2235.0055121183464,False,False,3000.0,train
2023-08-26 08:00:00,23.231913859397537,28.872854419806433,46382.771879507345,46382.771879507345,17252.220537002097,13000.0,27.1074,316.12778,46235.18208985302,23.201099675395067,2436.437024530652,False,False,3000.0,train
2023-08-26 09:00:00,23.3014669010069,29.125518670701037,60293.38020138013,60293.38020138013,21226.68005753718,14905.445,28.553495,549.29486,64244.281974832236,23.310939137691317,2696.620575182456,False,False,3000.0,train
2023-08-26 10:00:00,23.357795043693713,29.635658033069905,71559.00873874259,71559.00873874259,24445.43106821217,15715.437,29.113628,787.8761,80171.705041428,23.499599971365296,2934.0454254329966,False,False,3000.0,train
2023-08-26 11:00:00,23.415636703842278,30.336465907216173,83127.34076845559,83127.34076845559,27750.66879098731,15934.041,31.142244,918.92773,87617.58901437765,24.17613452767223,3196.7388546628963,False,False,3000.0,train
2023-08-26 12:00:00,23.443673283290554,31.13620384608535,88734.65665811082,88734.65665811082,29352.75904517452,15984.999,31.3599,1009.3225,90482.00845352084,23.50060025163935,3329.6329171561133,False,False,3000.0,train
2023-08-26 13:00:00,23.479289748159886,31.933707320072394,95857.94963197713,95857.94963197713,31387.98560913632,15995.943,33.84002,964.1122,97081.6421447483,23.67806919328746,3502.8376863454573,False,False,3000.0,train
2023-08-26 14:00:00,23.460182306282515,32.61583279947994,92036.46125650308,92036.46125650308,30296.13178757231,15995.943,32.98746,856.4111,93637.47036794115,22.954239294425474,3409.345858160743,False,False,3000.0,train
2023-08-26 15:00:00,23.44843538183319,33.096243753400884,89687.07636663779,89687.07636663779,29624.878961896513,15984.999,34.13206,654.68427,91835.6612520392,23.30296538399954,3352.5206189486153,False,False,3000.0,train
2023-08-26 16:00:00,23.419316040121565,33.331509436835354,83863.20802431299,83863.20802431299,27960.91657837514,15934.041,34.228443,445.8767,85648.94147831475,23.787960540936545,3213.990338211407,False,False,3000.0,train
2023-08-26 17:00:00,23.370223355876156,33.29731349696385,74044.67117523125,74044.67117523125,25155.620335780357,15715.437,33.68054,191.1706,79783.56147965745,23.490917973283143,2989.038640851488,False,False,3000.0,train
2023-08-26 18:00:00,23.321540651411834,33.03709076995497,64308.13028236671,64308.13028236671,22373.75150924763,14905.445,32.348087,46.6094,62491.8100447225,22.004806275952383,2778.845454208,False,False,3000.0,train
2023-08-26 19:00:00,23.27358915381884,32.67141841702016,54717.830763767946,54717.830763767946,19633.66593250513,13000.0,30.397598,0.0,59948.16938489557,23.4757961145137,2587.3996411731828,False,False,3000.0,train
2023-08-26 20:00:00,23.24634502367326,32.28671602934968,49269.0047346521,49269.0047346521,18076.858495614884,11094.553,29.480303,0.6454508,51324.76080877552,23.821794342061892,2486.9039677456094,False,False,3000.0,train
2023-08-26 21:00:00,23.21627374296712,31.91190327432919,43254.74859342435,43254.74859342435,16358.499598121243,10284.556,27.86053,2.750302,47153.42531411416,22.617501467131184,2384.0880747766664,False,False,3000.0,train
2023-08-26 22:00:00,23.19420159001239,31.549778775913772,38840.31800247811,38840.31800247811,15097.233714993747,10065.922,26.562288,11.220357,39231.70898583293,23.650017892706042,2314.6734699046133,False,False,3000.0,train
2023-08-26 23:00:00,23.171607943486006,31.19376971840525,34321.58869720112,34321.58869720112,13806.16819920032,10014.836,25.362957,0.0,40310.32185433318,22.34002125429823,2249.483119658794,False,False,3000.0,train
2023-08-27 00:00:00,23.147877051828058,30.838611451552524,29575.410365611533,29575.410365611533,12450.117247317581,10000.037,23.937077,0.0,35300.8284628943,23.429276735344082,2187.974956087224,False,False,3000.0,train
2023-08-27 01:00:00,23.145324813614305,30.518077686410138,29064.962722861055,29064.962722861055,12304.275063674588,10000.165,23.567394,44.35444,34158.60692260814,23.142730225810634,2181.809994539665,False,False,3000.0,train
2023-08-27 02:00:00,23.1237175934811,30.22104913459704,24743.51869621998,24743.51869621998,11069.576770348565,10000.74,22.383766,26.404425,24512.075059009392,22.418726228907715,2133.3114038328226,False,False,3000.0,train
2023-08-27 03:00:00,23.108342246259383,29.91083276617971,21668.44925187661,21668.44925187661,10190.985500536175,10003.316,21.759373,7.650891,26412.083082417143,23.242183594431317,2102.9906142641335,False,False,3000.0,train
2023-08-27 04:00:00,23.116687187443617,29.601284915646715,23337.437488723368,23337.437488723368,10667.83928249239,10014.836,22.771338,0.0,27195.326507476628,23.461939112189235,2119.0026875127046,False,False,3000.0,train
2023-08-27 05:00:00,23.113543751695744,29.309733343156385,22708.750339148763,22708.750339148763,10488.214382613933,10065.922,22.592937,9.756189,22317.059258314643,23.222709852842215,2112.8460918318706,False,False,3000.0,train
2023-08-27 06:00:00,23.12585871192225,29.03469989328534,25171.74238444966,25171.74238444966,11191.926395557046,10284.556,23.785006,0.0,28119.7990617176,23.301307003040133,2137.815462850381,False,False,3000.0,train
2023-08-27 07:00:00,23.165984211181247,28.853988259621275,33196.84223624932,33196.84223624932,13484.812067499806,11094.553,24.987211,141.50609,37011.299685199985,23.04248137747953,2234.2397590707637,False,False,3000.0,train
2023-08-27 08:00:00,23.21122243697244,28.8680927138081,42244.487394488315,42244.487394488315,16069.853541282375,13000.0,25.444695,325.56497,46561.12252684516,22.652805510406136,2367.7282453230932,False,False,3000.0,train
2023-08-27 09:00:00,23.294853186305602,29.124032951315165,58970.63726112037,58970.63726112037,20848.75350317725,14905.445,28.025629,558.8371,62443.95440300856,23.502412393006722,2670.165248272918,False,False,3000.0,train
2023-08-27 10:00:00,23.36625300815436,29.64807763978209,73250.60163087187,73250.60163087187,24928.74332310625,15715.437,29.583591,803.57007,77115.96017525808,23.89117918398825,2971.377723440125,False,False,3000.0,train
2023-08-27 11:00:00,23.416396571786663,30.37220183542766,83279.31435733262,83279.31435733262,27794.08981638075,15934.041,30.831018,945.21606,90995.30821994685,23.7552708280549,3200.296826834143,False,False,3000.0,train
2023-08-27 12:00:00,23.45228303479388,31.179836868094203,90456.60695877587,90456.60695877587,29844.744845364534,15984.999,32.101025,997.8623,97589.66127878371,22.855920285913477,3371.0766778946177,False,False,3000.0,train
2023-08-27 13:00:00,23.4629552325352,31.965214162018295,92591.04650704017,92591.04650704017,30454.58471629719,15995.943,32.59729,960.2788,85777.59370310849,23.00848691037192,3422.833870339311,False,False,3000.0,train
2023-08-27 14:00:00,23.465342120184037,32.62695762542358,93068.42403680732,93068.42403680732,30590.978296230664,15995.943,33.743443,829.23645,94978.19203492219,23.211551797644834,3434.4662463657255,False,False,3000.0,train
2023-08-27 15:00:00,23.459305379515733,33.11533239036587,91861.07590314663,91861.07590314663,30246.021686613323,15984.999,34.51607,689.64984,94300.42497328666,22.98141274413169,3405.0861280553977,False,False,3000.0,train
2023-08-27 16:00:00,23.412382176494113,33.368217165709126,82476.43529882254,82476.43529882254,27564.695799663583,15934.041,33.63955,445.75082,79902.08305401387,23.425639152360926,3181.5289000165903,False,False,3000.0,train
2023-08-27 17:00:00,23.364476455066416,33.344007229998326,72895.29101328328,72895.29101328328,24827.226003795222,15715.437,32.902203,220.49551,76174.4028059975,23.48250119662057,2963.5031814931685,False,False,3000.0,train
2023-08-27 18:00:00,23.3091672483013,33.06938600714051,61833.44966025999,61833.44966025999,21666.699902931425,14905.445,31.91445,3.1366236,68239.84432594418,22.88009126332859,2727.8265977145825,False,False,3000.0,train
2023-08-27 19:00:00,23.290628581650235,32.68135487991145,58125.716330047086,58125.716330047086,20607.347522870597,13000.0,31.721735,0.0,58242.5746965191,23.523767119432893,2653.43909087678,False,False,3000.0,train
2023-08-27 20:00:00,23.23990531639132,32.29846555968099,47981.06327826375,47981.06327826375,17708.87522236107,11094.553,28.925718,0.0,51810.00080271196,23.420236499597323,2464.1355867690145,False,False,3000.0,train
2023-08-27 21:00:00,23.221058724149458,31.921437647548064,44211.744829891584,44211.744829891584,16631.927094254737,10284.556,28.25288,1.345808,45013.91911525539,23.05661098669635,2399.83552411683,False,False,3000.0,train
2023-08-27 22:00:00,23.190694360108964,31.552638306380107,38138.87202179273,38138.87202179273,14896.820577655066,10065.922,26.406551,0.0,39590.68462300521,23.13893776431377,2304.151948805724,False,False,3000.0,train
2023-08-27 23:00:00,23.175625309556413,31.19088050993475,35125.06191128253,35125.06191128253,14035.731974652152,10014.836,25.68326,0.0,41464.884303769424,22.590684956860503,2260.6178307808436,False,False,3000.0,train
2023-08-28 00:00:00,23.150818592296144,30.83764634204928,30163.71845922876,30163.71845922876,12618.20527406536,10000.246,24.142649,0.0,31972.700243310737,23.05113994541002,2195.191317438837,False,False,3000.0,train
2023-08-28 01:00:00,23.125953686302985,30.489865649741144,25190.73726059702,25190.73726059702,11197.35350302772,10001.102,22.629303,0.0,29178.955336165174,23.128169178542084,2138.0168192414176,False,False,3000.0,train
2023-08-28 02:00:00,23.10562844688021,30.14852470146735,21125.68937604209,21125.68937604209,10035.91125029774,10004.936,21.44864,0.0,20199.846442233586,23.156252725448667,2098.014603488669,False,False,3000.0,train
2023-08-28 03:00:00,23.116017742795847,29.827652134397027,23203.548559169463,23203.548559169463,10629.585302619846,10022.111,22.432638,10.3616085,30147.33928524401,23.2296808164019,2117.6789650851147,False,False,3000.0,train
2023-08-28 04:00:00,23.121191626799504,29.546542881672554,24238.32535990087,24238.32535990087,10925.235817114535,10098.905,22.648445,38.163086,28520.821133742153,23.194464149768677,2128.085236692171,False,False,3000.0,train
2023-08-28 05:00:00,23.10858992041188,29.271362148530518,21717.984082376064,21717.984082376064,10205.138309250304,10439.478,22.22267,0.0,,23.02928681123218,2103.4504390030456,True,False,3000.0,train
2023-08-28 06:00:00,23.13637740944272,28.999009700543066,27275.48188854385,27275.48188854385,11792.994825298243,11897.035,23.916235,12.465542,31519.189385876125,23.222235892209014,2160.9157135406867,False,False,3000.0,train
2023-08-28 07:00:00,23.185914491832627,28.81538249661195,37182.89836652531,37182.89836652531,14623.68524757866,17297.02,24.540476,121.81816,36954.34688226201,23.4865240898257,2290.0460995014523,False,False,3000.0,train
2023-08-28 08:00:00,23.297473803899305,28.820921885115443,59494.76077986091,59494.76077986091,20998.50307996026,29999.998,25.997393,322.0775,65664.6631731123,23.268824381906413,2680.608868191626,False,False,3000.0,train
2023-08-28 09:00:00,23.423920303843282,29.10449371281942,84784.06076865639,84784.06076865639,28224.017362473252,42702.97,27.217058,602.03253,86735.75580804095,23.519198771092785,3235.661178859878,False,False,3000.0,train
2023-08-28 10:00:00,23.51604488843442,29.622825696354607,103208.97768688368,103208.97768688368,33488.27933910962,48102.91,29.78686,742.6758,105456.76948855857,23.460193569635184,3686.0390350150237,False,False,3000.0,train
2023-08-28 11:00:00,23.57857335361976,30.313118998400036,115714.67072395195,115714.67072395195,37061.3344925577,49560.277,30.969234,929.3079,116744.9228027662,23.384545678675888,4006.357013382277,False,False,3000.0,train
2023-08-28 12:00:00,23.613389995064942,31.10040970197685,122677.99901298844,122677.99901298844,39050.85686085384,49899.992,32.301224,958.77435,123245.84564964744,23.770253895140222,4188.6635455294945,False,False,3000.0,train
2023-08-28 13:00:00,23.638012680282,31.86689853369554,127602.53605639988,127602.53605639988,40457.86744468568,49972.953,33.637924,939.48926,133602.85103725267,23.47144489703094,4319.046942002639,False,False,3000.0,train
2023-08-28 14:00:00,23.63858834537535,32.55192700183431,127717.66907507,127717.66907507,40490.762592877145,49972.953,33.923786,864.39496,131823.72627105773,23.75443241567301,4322.1085935654355,False,False,3000.0,train
2023-08-28 15:00:00,23.612419982536082,33.045484437857326,122483.99650721638,122483.99650721638,38995.42757349039,49899.992,34.09461,648.1066,128210.61790047464,23.620896593989094,4183.550700104137,False,False,3000.0,train
2023-08-28 16:00:00,23.57890666016566,33.28415142843621,115781.33203313214,115781.33203313214,37080.3805808949,49560.277,33.956047,444.7409,118746.08212646512,23.48772625720962,4008.0899643882435,False,False,3000.0,train
2023-08-28 17:00:00,23.516799229314046,33.263630587508594,103359.84586280915,103359.84586280915,33531.38453223118,48102.91,32.631107,209.74403,108253.4719395092,23.418356379670048,3689.8417260236647,False,False,3000.0,train
2023-08-28 18:00:00,23.45409846390855,33.017333462726725,90819.69278171015,90819.69278171015,29948.483651917188,42702.97,32.089638,48.17618,92404.04630217282,23.301662166183846,3379.851318810902,False,False,3000.0,train
2023-08-28 19:00:00,23.35827655260738,32.65679263251366,71655.31052147571,71655.31052147571,24472.945863278776,29999.998,30.378279,0.0,81202.15982359945,22.864536200980673,2936.1599366070295,False,False,3000.0,train
2023-08-28 20:00:00,23.274673539537897,32.27853503129584,54934.707907579395,54934.707907579395,19695.63083073697,17297.02,29.053732,9.624716,53871.36551130291,23.389542068086406,2591.5323497116447,False,False,3000.0,train
2023-08-28 21:00:00,23.224047835364527,31.906707290019533,44809.56707290531,44809.56707290531,16802.733449401516,11897.035,27.824057,0.0,50848.166386995515,23.29351188294802,2409.794093099051,False,False,3000.0,train
2023-08-28 22:00:00,23.196669893857624,31.53768090295109,39333.97877152487,39333.97877152487,15238.279649007105,10439.478,26.732624,0.0,45510.48422497378,23.451570969592172,2322.164011735367,False,False,3000.0,train
2023-08-28 23:00:00,23.17621562550142,31.17775670244784,35243.12510028409,35243.12510028409,14069.464314366882,10098.905,25.684069,0.0,36315.31094564312,23.01677855480938,2262.2710005989215,False,False,3000.0,train
2023-08-29 00:00:00,23.137217145824316,30.821662453769772,27443.429164863177,27443.429164863177,11840.979761389479,10000.246,23.128803,0.0,35264.965923546326,23.705832233467316,2162.8286163943217,False,False,3000.0,train
2023-08-29 01:00:00,23.12571655914092,30.471311838217563,25143.31182818381,25143.31182818381,11183.803379481089,10001.102,22.678701,0.0,30271.186574697633,23.01179577478603,2137.5143313485314,False,False,3000.0,train
2023-08-29 02:00:00,23.112531135192455,30.132790740874647,22506.227038491033,22506.227038491033,10430.35058242601,10004.936,21.981602,0.0,27556.199403938703,22.849998242534046,2110.8948884199076,False,False,3000.0,train
2023-08-29 03:00:00,23.109052402808096,29.80722485026337,21810.48056161927,21810.48056161927,10231.565874748363,10022.111,22.016415,0.0,24869.447975142815,22.810946926855298,2104.311610977779,False,False,3000.0,train
2023-08-29 04:00:00,23.11647027881906,29.52303526259997,23294.05576381234,23294.05576381234,10655.444503946383,10098.905,22.24293,46.20457,25833.846281185495,22.596293557850164,2118.5730411139566,False,False,3000.0,train
2023-08-29 05:00:00,23.118226754918915,29.26400327633482,23645.350983782977,23645.350983782977,10755.814566795136,10439.478,22.754337,18.278532,26200.970237825055,23.578015122636852,2122.072656822018,False,False,3000.0,train
2023-08-29 06:00:00,23.126479734205564,28.999146516958305,25295.94684111274,25295.94684111274,11227.413383175068,11897.035,23.17601,8.546322,29131.34431527278,23.537799951436163,2139.1345058059255,False,False,3000.0,train
2023-08-29 07:00:00,23.19652664296738,28.83152711087358,39305.32859347622,39305.32859347622,15230.093883850348,17297.02,24.963392,156.24945,45558.50111556757,,2321.7273677710364,False,True,3000.0,train
2023-08-29 08:00:00,23.30061602209632,28.837973842480473,60123.2044192642,60123.2044192642,21178.058405504056,29999.998,26.609537,284.73657,63611.51965196433,23.031789379763588,2693.1987930111222,False,False,3000.0,train
2023-08-29 09:00:00,23.424223931634927,29.086482734336776,84844.7863269854,84844.7863269854,28241.367521995828,42702.97,27.600164,571.3782,84894.35814643299,23.967604236102662,3237.0934478610016,False,False,3000.0,train
2023-08-29 10:00:00,23.51884326462979,29.585297765643485,103768.6529259581,103768.6529259581,33648.18655027374,48102.91,30.149702,731.945,109819.16006014243,23.413327516173293,3700.154050449948,False,False,3000.0,train
2023-08-29 11:00:00,23.573230506185215,30.266156908550364,114646.10123704304,114646.10123704304,36756.02892486944,49560.277,30.711555,919.3731,121311.00290854284,23.49252275681722,3978.6122801762035,False,False,3000.0,train
2023-08-29 12:00:00,23.609168987852453,31.059283844611535,121833.79757049053,121833.79757049053,38809.656448711576,49899.992,31.794619,979.9181,127561.3897160355,24.040346711983275,4166.428543417316,False,False,3000.0,train
2023-08-29 13:00:00,23.62841385774575,31.827947262601548,125682.77154914966,125682.77154914966,39909.363299757046,49972.953,33.120224,925.4899,131864.623689848,23.82608703309001,4268.0842491506855,False,False,3000.0,train
2023-08-29 14:00:00,23.631225563928314,32.50145546359106,126245.11278566289,126245.11278566289,40070.03222447511,49972.953,33.49804,860.2689,128084.72897522071,24.29155650555469,4282.994939529846,False,False,3000.0,train
2023-08-29 15:00:00,23.60676764222449,33.01311171273169,121353.52844489802,121353.52844489802,38672.43669854229,49899.992,33.25865,688.2066,120494.69810241008,23.681384320320195,4153.79476857295,False,False,3000.0,train
2023-08-29 16:00:00,23.574364486144685,33.273554525087754,114872.89722893693,114872.89722893693,36820.827779696265,49560.277,33.590614,448.89755,114413.58442487704,23.45525524627107,3984.4954844989993,False,False,3000.0,train
2023-08-29 17:00:00,23.53202334062748,33.265591454907636,106404.66812549577,106404.66812549577,34401.333750141646,48102.91,33.639954,223.35898,103243.99332507257,23.348481875589542,3766.9295266844592,False,False,3000.0,train
2023-08-29 18:00:00,23.46506471943927,33.03200915364183,93012.94388785379,93012.94388785379,30575.126825101084,42702.97,32.849174,46.945904,96826.41531849977,22.91096586628208,3433.1133039293263,False,False,3000.0,train
2023-08-29 19:00:00,23.361721346668237,32.6734321070385,72344.2693336473,72344.2693336473,24669.791238184942,29999.998,30.578705,0.0,75097.9847867726,23.278142614826375,2951.325799514071,False,False,3000.0,train
2023-08-29 20:00:00,23.282407096407365,32.2920181929081,56481.41928147297,56481.41928147297,20137.54836613513,17297.02,29.720545,0.0,58328.08606101402,23.62578509805558,2621.2851145277177,False,False,3000.0,train
2023-08-29 21:00:00,23.227203336138363,31.924596404905948,45440.66722767255,45440.66722767255,16983.047779335015,11897.035,27.858534,14.1691,41286.86748771963,23.406853587935185,2420.406745629021,False,False,3000.0,train
2023-08-29 22:00:00,23.193138790402536,31.564808299929396,38627.758080507134,38627.758080507134,15036.502308716324,10439.478,26.366161,6.033669,38744.62123251015,23.199231192370657,2311.4699489488426,False,False,3000.0,train
2023-08-29 23:00:00,23.176301783616854,31.221902208538374,35260.356723370736,35260.356723370736,14074.387635248782,10098.905,25.31247,31.211264,40796.2728731353,22.877821450471956,2262.5126476184437,False,False,3000.0,train
2023-08-30 00:00:00,23.148016935346003,30.884371399960067,29603.387069200693,29603.387069200693,12458.110591200199,10000.246,23.84732,3.8825066,31148.975730156995,23.216078840749823,2188.3154419260554,False,False,3000.0,train
2023-08-30 01:00:00,23.12606923646745,30.535573595246273,25213.84729349023,25213.84729349023,11203.956369568637,10001.102,22.614708,0.0,28984.88676734343,23.429913348026062,2138.261977823461,False,False,3000.0,train
2023-08-30 02:00:00,23.109171381070226,30.197190262857205,21834.27621404519,21834.27621404519,10238.36463258434,10004.936,21.582079,8.249019,21907.531873258515,23.23838715801122,2104.533690871234,False,False,3000.0,train
2023-08-30 03:00:00,23.102104967928877,29.87675182177078,20420.99358577545,20420.99358577545,9834.569595935842,10022.111,21.29954,13.0349245,26430.370431782823,,2091.7254315820837,False,True,3000.0,train
2023-08-30 04:00:00,23.10529819549863,29.567260236220815,21059.639099726013,21059.639099726013,10017.039742778861,10098.905,21.927969,0.0,23757.553054663153,22.866210899514268,2097.416877759316,False,False,3000.0,train
2023-08-30 05:00:00,23.115896260750656,29.275968027254486,23179.25215013119,23179.25215013119,10622.643471466054,10439.478,22.682425,12.015084,26793.39513683428,23.37605080498426,2117.4394813584227,False,False,3000.0,train
2023-08-30 06:00:00,23.134812122736676,29.013073863572117,26962.424547335217,26962.424547335217,11703.549870667204,11897.035,23.70776,16.378094,34980.00815295078,22.19524067711342,2157.3769034926813,False,False,3000.0,train
2023-08-30 07:00:00,23.191108390080213,28.82539092360156,38221.67801604266,38221.67801604266,14920.479433155046,17297.02,25.06192,109.888084,44717.65858125282,23.305962102739755,2305.3865192903845,False,False,3000.0,train
2023-08-30 08:00:00,23.30910753112196,28.839944531201517,61821.50622439195,61821.50622439195,21663.287492683416,29999.998,26.58805,343.9864,63985.323061615316,24.080204125405338,2727.582953581298,False,False,3000.0,train
2023-08-30 09:00:00,23.41489337902797,29.120512549994558,82978.67580559384,82978.67580559384,27708.193087312527,42702.97,26.7879,575.6171,84084.36903996856,22.962381362828417,3193.26080591687,False,False,3000.0,train
2023-08-30 10:00:00,23.512980546583048,29.618498959465953,102596.10931660958,102596.10931660958,33313.174090459885,48102.91,29.663422,736.9582,104401.16108686861,23.44056971017264,3670.608325906638,False,False,3000.0,train
2023-08-30 11:00:00,23.56656568725666,30.291766582900433,113313.13745133187,113313.13745133187,36375.182128951965,49560.277,30.330153,908.8308,118324.22426291827,23.56419239021924,3944.0943709751655,False,False,3000.0,train
2023-08-30 12:00:00,23.61966620500035,31.08616130169371,123933.24100006993,123933.24100006993,39409.49742859141,49899.992,32.4374,993.06476,126489.00689457236,23.480891360783378,4221.789123381611,False,False,3000.0,train
2023-08-30 13:00:00,23.633703953815687,31.880261257539814,126740.79076313731,126740.79076313731,40211.65450375352,49972.953,33.07994,956.5435,128042.76261042454,23.94461622658338,4296.150048466512,False,False,3000.0,train
2023-08-30 14:00:00,23.636005087876136,32.569013005386104,127201.01757522713,127201.01757522713,40343.14787863632,49972.953,33.79691,859.5865,136522.18354811968,23.777740392182725,4308.374285615853,False,False,3000.0,train
2023-08-30 15:00:00,23.605890798660383,33.060174770892395,121178.15973207656,121178.15973207656,38622.33135202187,49899.992,33.53276,654.16895,123704.28182292427,23.651580910424578,4149.184468838111,False,False,3000.0,train
2023-08-30 16:00:00,23.57044665457977,33.283034462792926,114089.33091595373,114089.33091595373,36596.95169027249,49560.277,33.65775,416.9005,126205.32030340465,23.80962842293055,3964.1818684269515,False,False,3000.0,train
2023-08-30 17:00:00,23.51231288520846,33.251313904009734,102462.57704169181,102462.57704169181,33275.02201191195,48102.91,32.1984,221.54381,105795.35269824573,23.517338097929983,3667.249885762104,False,False,3000.0,train
2023-08-30 18:00:00,23.45135530255263,32.98709954020564,90271.06051052627,90271.06051052627,29791.731574436075,42702.97,32.42987,4.064177,99281.5087416678,24.405314649199685,3366.597381500435,False,False,3000.0,train
2023-08-30 19:00:00,23.36171765320818,32.60870438091264,72343.53064163627,72343.53064163627,24669.580183324648,29999.998,30.616796,5.5009418,76398.09084952672,23.407121733305203,2951.3095031066514,False,False,3000.0,train
2023-08-30 20:00:00,23.2672490000326,32.24508161073346,53449.800006519865,53449.800006519865,19271.371430434247,17297.02,28.266415,29.873886,58918.28571842279,23.32583362957951,2563.4338315359873,False,False,3000.0,train
2023-08-30 21:00:00,23.229314268720675,31.888750912665667,45862.853744134925,45862.853744134925,17103.672498324264,11897.035,28.173725,7.752463,47103.814900516074,22.71617385384869,2427.5628144705793,False,False,3000.0,train
2023-08-30 22:00:00,23.19862715379475,31.52645418247625,39725.4307589499,39725.4307589499,15350.123073985686,10439.478,26.866928,0.0,40737.74821022658,23.035592055603722,2328.1535310382155,False,False,3000.0,train
2023-08-30 23:00:00,23.15907927993194,31.163103107050755,31815.855986388186,31815.855986388186,13090.244567539481,10098.905,24.39868,0.0,35834.6025341513,23.503292584471883,2216.082990984754,False,False,3000.0,train
2023-08-31 00:00:00,23.146885591996455,30.806034489017822,29377.118399290935,29377.118399290935,12393.46239979741,10000.246,23.934074,0.0,34537.670110568804,22.746248536888494,2185.5693942086036,False,False,3000.0,train
2023-08-31 01:00:00,23.12624858509709,30.480581943280576,25249.71701941823,25249.71701941823,11214.204862690924,10001.102,22.195578,41.32787,28335.811300987505,22.478981432806506,2138.642884776378,False,False,3000.0,train
2023-08-31 02:00:00,23.102129988574966,30.16819773592305,20425.997714993115,20425.997714993115,9835.999347140889,10004.936,20.989468,15.774076,20735.15949365586,23.111824629931238,2091.769405165783,False,False,3000.0,train
2023-08-31 03:00:00,23.10272672085858,29.844756335870077,20545.344171716097,20545.344171716097,9870.098334776027,10022.111,21.548475,0.0,20698.56679580227,23.513950073101075,2092.821074631284,False,False,3000.0,train
2023-08-31 04:00:00,23.10627444308405,29.53070582382921,21254.888616810065,21254.888616810065,10072.82531908859,10098.905,22.026531,0.0,21259.059986602762,23.118988811692887,2099.188714980552,False,False,3000.0,train
2023-08-31 05:00:00,23.11254583678507,29.23650277748783,22509.167357014092,22509.167357014092,10431.190673432597,10439.478,22.5489,4.075238,21777.85299858279,23.011708455997166,2110.9231046145337,False,False,3000.0,train
2023-08-31 06:00:00,23.134445726097344,28.98134904439173,26889.1452194687,26889.1452194687,11682.612919848201,11897.035,23.49043,37.04579,30125.256267762827,22.57689934477505,2156.5536203791244,False,False,3000.0,train
2023-08-31 07:00:00,23.186182657201353,28.79987629792918,37236.53144027068,37236.53144027068,14639.00898293448,17297.02,24.810202,100.93472,42813.816116204245,23.32185889401201,2290.830274448991,False,False,3000.0,train
2023-08-31 08:00:00,23.298761242355557,28.79113131655514,59752.24847111136,59752.24847111136,21072.070991746103,29999.998,26.22534,312.8093,62716.21690894907,23.49714377502047,2685.7583803495963,False,False,3000.0,train
2023-08-31 09:00:00,23.41940327649683,29.039852927761384,83880.65529936597,83880.65529936597,27965.901514104564,42702.97,27.605217,542.6277,79614.77791347384,22.8848835267665,3214.4000840134922,False,False,3000.0,train
2023-08-31 10:00:00,23.506680539006375,29.534818285094563,101336.10780127498,101336.10780127498,32953.17365750714,48102.91,29.003994,756.62006,103641.93611957935,23.84704027361554,3638.970468399058,False,False,3000.0,train
2023-08-31 11:00:00,23.56953203968676,30.223446101708028,113906.40793735188,113906.40793735188,36544.687982100535,49560.277,30.585312,912.6365,116261.81430351455,23.79924069745439,3959.4447580780034,False,False,3000.0,train
2023-08-31 12:00:00,23.613776326634362,31.032748768125327,122755.26532687238,122755.26532687238,39072.93295053497,49899.992,31.793604,1012.87213,134538.96807941754,23.953471109398567,4190.700376896892,False,False,3000.0,train
2023-08-31 13:00:00,23.630085913151596,31.841557758126847,126017.18263031926,126017.18263031926,40004.90932294836,49972.953,32.766617,964.91547,122785.07731781305,23.8051434407016,4276.949530480213,False,False,3000.0,train
2023-08-31 14:00:00,23.617351849492245,32.50415265949776,123470.36989844895,123470.36989844895,39277.24854241398,49972.953,33.046005,807.8841,124825.78706529623,23.81345666213564,4209.565181651643,False,False,3000.0,train
2023-08-31 15:00:00,23.599845637509578,32.95517157593752,119969.12750191556,119969.12750191556,38276.893571975874,49899.992,33.474594,633.0068,129992.8777565608,23.7560619071201,4117.44245839742,False,False,3000.0,train
2023-08-31 16:00:00,23.570054320764527,33.18071499038519,114010.86415290536,114010.86415290536,36574.532615115815,49560.277,33.520077,435.31622,118793.74565680957,23.830596017214887,3962.1495971761356,False,False,3000.0,train
2023-08-31 17:00:00,23.521844627598608,33.16475396544458,104368.9255197215,104368.9255197215,33819.69300563471,48102.91,33.01155,219.2391,109461.81253274817,22.97621729686143,3715.317665116545,False,False,3000.0,train
2023-08-31 18:00:00,23.45155928418946,32.930376539596146,90311.85683789218,90311.85683789218,29803.387667969193,42702.97,31.90866,51.014267,93697.72932226544,23.001241454103006,3367.581971824463,False,False,3000.0,train
2023-08-31 19:00:00,23.3605396601425,32.57553594947743,72107.93202849998,72107.93202849998,24602.266293857137,29999.998,30.618168,0.0,76079.98391026881,23.13973729008557,2946.1158285586966,False,False,3000.0,train
2023-08-31 20:00:00,23.277870071098466,32.19775951214269,55574.01421969317,55574.01421969317,19878.289777055194,17297.02,29.458326,0.0,60598.731443157434,23.2389240195967,2603.771101852387,False,False,3000.0,train
2023-08-31 21:00:00,23.225984613141637,31.826302068337213,45196.922628327484,45196.922628327484,16913.406465236425,11897.035,28.01742,0.0,46240.964195549976,23.342425690134093,2416.2958497592795,False,False,3000.0,train
2023-08-31 22:00:00,23.191691939276968,31.460451343678482,38338.387855393565,38338.387855393565,14953.825101541019,10439.478,26.41075,0.0,43364.183134676816,23.28909643524562,2307.1299887556247,False,False,3000.0,train
2023-08-31 23:00:00,23.152651214903372,31.097119945349597,30530.242980674415,30530.242980674415,12722.926565906975,10098.905,23.991669,0.0,30509.983932120147,23.48778295834018,2199.746840618965,False,False,3000.0,train
2023-09-01 00:00:00,23.139386855958463,30.750209518378412,27877.371191692648,27877.371191692648,11964.963197626472,10000.246,23.208235,19.805845,31589.213054538493,23.48393544553257,2167.8175758360003,False,False,3000.0,train
2023-09-01 01:00:00,23.125849104372048,30.414390051656756,25169.82087440951,25169.82087440951,11191.377392688431,10001.102,22.719147,0.0,28551.932430100525,22.864133571883908,2137.795101164954,False,False,3000.0,train
2023-09-01 02:00:00,23.116182922775195,30.090778688567173,23236.58455503903,23236.58455503903,10639.024158582579,10004.936,22.043642,21.485512,24931.272742523557,23.187755755790338,2118.0049517423536,False,False,3000.0,train
2023-09-01 03:00:00,23.107473860626886,29.77875512381632,21494.77212537718,21494.77212537718,10141.36346439348,10022.111,21.904963,0.0,24447.101607642555,22.853124396310335,2101.3859012208354,False,False,3000.0,train
2023-09-01 04:00:00,23.105001236815276,29.468673543269908,21000.24736305528,21000.24736305528,10000.070675158651,10098.905,21.963223,0.0,22694.854830962307,23.048527125309207,2096.8808622281235,False,False,3000.0,train
2023-09-01 05:00:00,23.107499618650543,29.181269413770288,21499.923730108607,21499.923730108607,10142.835351459602,10439.478,22.09547,14.413287,22247.814840015155,23.204037029365093,2101.4333318857484,False,False,3000.0,train
2023-09-01 06:00:00,23.133092821436232,28.91338216661963,26618.56428724647,26618.56428724647,11605.30408207042,11897.035,23.879423,0.0,28857.044192564375,22.110479198494726,2153.5303964055965,False,False,3000.0,train
2023-09-01 07:00:00,23.179386867824757,28.726508597501798,35877.3735649514,35877.3735649514,14250.678161414686,17297.02,24.089203,124.3588,36369.965921817835,23.90276007971666,2271.2259554098014,False,False,3000.0,train
2023-09-01 08:00:00,23.30254260040812,28.737258816911176,60508.52008162408,60508.52008162408,21288.14859474974,29999.998,26.474426,321.5869,64380.38120688733,23.47246520362736,2700.9540725864767,False,False,3000.0,train
2023-09-01 09:00:00,23.42010644173322,28.99697370756636,84021.28834664424,84021.28834664424,28006.082384755497,42702.97,27.626488,547.6731,83320.65362062388,23.2413954591092,3217.7040270800144,False,False,3000.0,train
2023-09-01 10:00:00,23.49997634244453,29.49232364021978,99995.26848890596,99995.26848890596,32570.076711115988,48102.91,28.59689,751.26135,105562.25406435119,24.078187269013597,3605.433170667784,False,False,3000.0,train
2023-09-01 11:00:00,23.567317658649717,30.178438790716264,113463.53172994341,113463.53172994341,36418.151922840974,49560.277,30.474575,913.1922,111799.07156294402,23.46308830750386,3947.9837549524805,False,False,3000.0,train
2023-09-01 12:00:00,23.611294926640294,30.95858253616892,122258.98532805886,122258.98532805886,38931.13866515968,49899.992,32.357178,953.7599,122893.21869010842,23.651050742388712,4177.622953798231,False,False,3000.0,train
2023-09-01 13:00:00,23.627931286896533,31.7440376691403,125586.25737930668,125586.25737930668,39881.787822659055,49972.953,32.59383,972.98096,125921.9949225031,23.481796543777246,4265.526607382412,False,False,3000.0,train
2023-09-01 14:00:00,23.622558150312347,32.44119081941873,124511.63006246944,124511.63006246944,39574.75144641984,49972.953,32.94435,855.6082,133126.3803394384,24.118155701545348,4237.078170004882,False,False,3000.0,train
2023-09-01 15:00:00,23.60666022616021,32.94321193408873,121332.04523204171,121332.04523204171,38666.298637726206,49899.992,33.51752,672.5444,125703.81531294413,23.575164814268444,4153.229909380311,False,False,3000.0,train
2023-09-01 16:00:00,23.5667353076205,33.19605624061706,113347.06152410021,113347.06152410021,36384.87472117149,49560.277,33.101364,446.5441,115511.77769178442,23.611580537842354,3944.9715741096716,False,False,3000.0,train
2023-09-01 17:00:00,23.513188035059308,33.18326800443869,102637.60701186158,102637.60701186158,33325.03057481759,48102.91,32.32895,221.78943,107468.73138953898,23.87432268096694,3671.652289611477,False,False,3000.0,train
2023-09-01 18:00:00,23.455932376776197,32.95718483009957,91186.47535523934,91186.47535523934,30053.278672925524,42702.97,32.050694,68.14683,87045.77411252812,23.63147421401452,3388.72777881914,False,False,3000.0,train
2023-09-01 19:00:00,23.368362222786683,32.621824045396615,73672.44455733655,73672.44455733655,25049.26987352473,29999.998,30.952307,17.231358,76543.87414173533,23.35205780324646,2980.7492645890975,False,False,3000.0,train
2023-09-01 20:00:00,23.27306945395227,32.25386060850206,54613.89079045418,54613.89079045418,19603.968797272624,17297.02,28.96526,5.2759547,62778.30883459302,23.60618674565951,2585.4224723523407,False,False,3000.0,train
2023-09-01 21:00:00,23.225190587394895,31.884945781995622,45038.11747897899,45038.11747897899,16868.033565422567,11897.035,27.842487,7.9401393,48357.55240275706,23.98673555622328,2413.6256593443154,False,False,3000.0,train
2023-09-01 22:00:00,23.190869943126028,31.53628799628398,38173.988625205624,38173.988625205624,14906.853892915893,10439.478,25.925312,31.698877,41330.50642620618,23.286093077765855,2304.6752627651463,False,False,3000.0,train
2023-09-01 23:00:00,23.16673429712156,31.20569885730986,33346.85942431221,33346.85942431221,13527.674121232061,10098.905,24.593151,32.7411,37572.61122744141,23.20176232348333,2236.249478506,False,False,3000.0,train
2023-09-02 00:00:00,23.145169603517786,30.879819915096796,29033.920703557214,29033.920703557214,12295.40591530206,10000.037,23.380087,29.175268,33987.62800373706,23.19635772860351,2181.4379881808245,False,False,3000.0,train
2023-09-02 01:00:00,23.130849263274694,30.544793963657792,26169.852654938808,26169.852654938808,11477.100758553945,10000.165,22.974527,0.0,24878.145404922216,23.523978113524148,2148.57512532913,False,False,3000.0,train
2023-09-02 02:00:00,23.11813186455519,30.220470082170575,23626.372911037663,23626.372911037663,10750.392260296474,10000.74,21.980835,29.535057,23056.673947247426,22.93837254404531,2121.8824065527933,False,False,3000.0,train
2023-09-02 03:00:00,23.099105755232138,29.904360684012893,19821.15104642759,19821.15104642759,9663.186013265025,10003.316,21.173721,0.0,23259.929266509564,23.01561048731864,2086.5258747316716,False,False,3000.0,train
2023-09-02 04:00:00,23.10851784922529,29.596244657647194,21703.569845058013,21703.569845058013,10201.01995573086,10014.836,21.984144,17.97382,23199.958151389015,22.647284964487298,2103.3165357637877,False,False,3000.0,train
2023-09-02 05:00:00,23.109505352031977,29.31249555271357,21901.07040639546,21901.07040639546,10257.44868754156,10065.922,22.288738,12.262547,27663.09119232862,22.754344993239986,2105.158235489984,False,False,3000.0,train
2023-09-02 06:00:00,23.11719040902596,29.03549170310902,23438.081805191756,23438.081805191756,10696.59480148336,10284.556,23.144182,0.0,25769.91140652763,22.961850408216566,2120.002195950791,False,False,3000.0,train
2023-09-02 07:00:00,23.154361733384945,28.845788027962787,30872.34667698908,30872.34667698908,12820.670479139737,11094.553,24.237463,133.96439,29608.56386636101,23.13758063516682,2204.0398386621277,False,False,3000.0,train
2023-09-02 08:00:00,23.220384226861682,28.863710278636304,44076.845372336495,44076.845372336495,16593.38439209614,13000.0,26.009949,340.28342,44036.65369587505,23.751109224592717,2397.6011903940935,False,False,3000.0,train
2023-09-02 09:00:00,23.286754434102683,29.120135980369664,57350.88682053657,57350.88682053657,20385.967663010448,14905.445,27.549314,544.3185,53096.63288916029,23.44755227558025,2638.221332108395,False,False,3000.0,train
2023-09-02 10:00:00,23.34977029968395,29.60559298935667,69954.05993679,69954.05993679,23986.874267654286,15715.437,28.965408,755.1853,72275.32950141148,23.07614674662701,2899.0021475459457,False,False,3000.0,train
2023-09-02 11:00:00,23.393793740090835,30.263914028301585,78758.74801816707,78758.74801816707,26502.49943376202,15934.041,30.016909,880.47534,81175.58894388325,23.1753995944816,3095.584977100487,False,False,3000.0,train
2023-09-02 12:00:00,23.439965290278927,31.045705841649685,87993.05805578541,87993.05805578541,29140.873730224404,15984.999,31.133139,1017.5983,89587.29161698096,23.852389895248123,3311.872648428369,False,False,3000.0,train
2023-09-02 13:00:00,23.459070086438157,31.827749545275047,91814.01728763134,91814.01728763134,30232.57636789467,15995.943,32.820713,928.5943,98486.4607449936,23.797053191026915,3403.943653094763,False,False,3000.0,train
2023-09-02 14:00:00,23.461956182872314,32.486166612566294,92391.2365744627,92391.2365744627,30397.4961641322,15995.943,33.440205,843.9714,99487.7427552405,23.470401155939573,3417.971114006451,False,False,3000.0,train
2023-09-02 15:00:00,23.45199889019673,32.97022996756639,90399.77803934604,90399.77803934604,29828.508011241727,15984.999,34.446617,658.3579,92825.61941593389,23.31924095053508,3369.7044206586916,False,False,3000.0,train
2023-09-02 16:00:00,23.40775693875382,33.21769203934172,81551.38775076409,81551.38775076409,27300.39650021831,15934.041,33.297455,457.71323,77805.7672592814,23.745236789465213,3159.994613866917,False,False,3000.0,train
2023-09-02 17:00:00,23.36435386221742,33.19889951046341,72870.7724434841,72870.7724434841,24820.220698138313,15715.437,33.17809,206.67953,77699.75334264147,23.066355724200015,2962.9604332253643,False,False,3000.0,train
2023-09-02 18:00:00,23.322278795411645,32.958936363285865,64455.759082328965,64455.759082328965,22415.931166379705,14905.445,32.29409,63.14385,69000.72795756334,23.4398879148289,2781.922067742249,False,False,3000.0,train
2023-09-02 19:00:00,23.27933156527993,32.621683494023934,55866.31305598573,55866.31305598573,19961.803730281637,13000.0,30.54894,27.685305,59673.637764001665,23.961129262547928,2609.394650301572,False,False,3000.0,train
2023-09-02 20:00:00,23.243028900870037,32.257366026813756,48605.78017400741,48605.78017400741,17887.365764002116,11094.553,29.157001,6.8919744,54035.07037645712,23.304635605545474,2475.1302348950326,False,False,3000.0,train
2023-09-02 21:00:00,23.209249025928013,31.8831016401958,41849.805185602665,41849.805185602665,15957.087195886475,10284.556,27.40143,0.0,42099.166401891445,22.976566182149533,2361.4117757531417,False,False,3000.0,train
2023-09-02 22:00:00,23.196013839329634,31.520479674501477,39202.7678659268,39202.7678659268,15200.790818836229,10065.922,26.730516,12.515076,46863.41426545862,23.319124450131095,2320.1662241129984,False,False,3000.0,train
2023-09-02 23:00:00,23.15290733912171,31.16231559604299,30581.467824342213,30581.467824342213,12737.562235526346,10014.836,23.969994,0.0,31470.35533653519,23.011904723417107,2200.387137951445,False,False,3000.0,train
2023-09-03 00:00:00,23.138031594365177,30.80333879423554,27606.318873035463,27606.318873035463,11887.519678010132,10000.037,23.254139,3.3161478,32228.156875087352,22.71979684123915,2164.6935019876933,False,False,3000.0,train
2023-09-03 01:00:00,23.1324279792091,30.471458760427005,26485.595841820243,26485.595841820243,11567.313097662925,10000.165,22.870134,26.35954,25854.331824340872,23.342738787270733,2152.05439252511,False,False,3000.0,train
2023-09-03 02:00:00,23.109563609579997,30.149438239453897,21912.721915999355,21912.721915999355,10260.77769028553,10000.74,21.674011,4.274648,22954.26603670961,23.444913929744914,2105.2673567960737,False,False,3000.0,train
2023-09-03 03:00:00,23.099274992322428,29.821931561889926,19854.99846448562,19854.99846448562,9672.856704138749,10003.316,21.284262,0.0,26019.380037144972,23.006002990700658,2086.815484805078,False,False,3000.0,train
2023-09-03 04:00:00,23.10258225551076,29.50725959699069,20516.45110215219,20516.45110215219,9861.843172043482,10014.836,21.810236,0.0,22970.501014051002,22.98941155328188,2092.5659581586197,False,False,3000.0,train
2023-09-03 05:00:00,23.109441914846137,29.210980607109846,21888.382969227394,21888.382969227394,10253.823705493542,10065.922,22.52728,0.0,26656.45320634304,22.820972297509588,2105.039471864318,False,False,3000.0,train
2023-09-03 06:00:00,23.12084003631512,28.93380547586551,24168.00726302384,24168.00726302384,10905.144932292525,10284.556,23.496973,0.0,27672.097945655496,23.07585935617485,2127.3653465164407,False,False,3000.0,train
2023-09-03 07:00:00,23.150417996216635,28.72199525631915,30083.599243327088,30083.599243327088,12595.314069522025,11094.553,24.625296,81.70682,32853.2998897939,22.98170748133968,2194.2015971851356,False,False,3000.0,train
2023-09-03 08:00:00,23.21528124693989,28.695389282563838,43056.24938797834,43056.24938797834,16301.785539422384,13000.0,26.25976,298.27652,49303.37524895846,22.911971440928916,2380.852063909853,False,False,3000.0,train
2023-09-03 09:00:00,23.292111333073866,28.94864639074016,58422.26661477312,58422.26661477312,20692.076175649465,14905.445,27.890919,562.8941,60792.92119855339,23.859761982193746,2659.2941004647964,False,False,3000.0,train
2023-09-03 10:00:00,23.343171595348313,29.44931073839279,68634.31906966255,68634.31906966255,23609.805448475014,15715.437,28.622799,750.29865,66522.762278247,23.483119440373166,2870.470828756255,False,False,3000.0,train
2023-09-03 11:00:00,23.390500158058163,30.091103748291083,78100.03161163266,78100.03161163266,26314.29474618076,15934.041,30.36108,843.1094,78625.62792832333,23.56221869046697,3080.528111211488,False,False,3000.0,train
2023-09-03 12:00:00,23.44525682254734,30.845044116057238,89051.36450946785,89051.36450946785,29443.2470027051,15984.999,32.103153,982.6744,93890.82030337294,23.71027669322707,3337.2340296866055,False,False,3000.0,train
2023-09-03 13:00:00,23.459424367614726,31.624383765717468,91884.8735229453,91884.8735229453,30252.8210065558,15995.943,32.90424,935.65826,96231.8446309221,23.69073523264267,3405.6639564253674,False,False,3000.0,train
2023-09-03 14:00:00,23.45713805900725,32.287655615965015,91427.61180144986,91427.61180144986,30122.174800414246,15995.943,33.40203,829.0263,89108.12243958314,23.333205073168234,3394.570279099396,False,False,3000.0,train
2023-09-03 15:00:00,23.43586785826582,32.752621322165325,87173.57165316386,87173.57165316386,28906.734758046816,15984.999,33.781628,627.2424,87788.81117016272,23.51763364515726,3292.31050104518,False,False,3000.0,train
2023-09-03 16:00:00,23.40770538372962,32.98445701335287,81541.0767459241,81541.0767459241,27297.450498835457,15934.041,33.689053,444.59515,82702.97972895359,23.32699623845142,3159.755129309266,False,False,3000.0,train
2023-09-03 17:00:00,23.35031088254589,32.96444601699839,70062.17650917819,70062.17650917819,24017.764716908052,15715.437,32.36557,201.25136,72001.82093088716,23.48184996997889,2901.3510162479333,False,False,3000.0,train
2023-09-03 18:00:00,23.30125458318673,32.71077576850261,60250.91663734585,60250.91663734585,21214.547610670244,14905.445,31.2645,36.28556,59541.77522599379,23.403761848974177,2695.7662472989678,False,False,3000.0,train
2023-09-03 19:00:00,23.264649985656373,32.349197963771566,52929.99713127458,52929.99713127458,19122.856323221306,13000.0,30.051165,0.0,54325.32061019882,23.149851907397114,2553.708310807063,False,False,3000.0,train
2023-09-03 20:00:00,23.247025619377794,31.978559582504904,49405.12387555884,49405.12387555884,18115.749678731096,11094.553,29.809021,0.0,50591.3696255123,22.848236002501256,2489.3331714825526,False,False,3000.0,train
2023-09-03 21:00:00,23.206837870005327,31.62886290715746,41367.574001065324,41367.574001065324,15819.306857447236,10284.556,27.090864,26.244926,46183.57196795808,23.250708987094978,2353.752017707102,False,False,3000.0,train
2023-09-03 22:00:00,23.17999242335331,31.28112241513107,35998.484670661666,35998.484670661666,14285.281334474761,10065.922,25.865889,0.0,40837.57697338393,23.11871157701112,2272.9500233673148,False,False,3000.0,train
2023-09-03 23:00:00,23.155871346335015,30.92546893126705,31174.26926700304,31174.26926700304,12906.934076286583,10014.836,24.438446,0.0,33852.33999820328,22.588759672022388,2207.86130857408,False,False,3000.0,train
2023-09-04 00:00:00,23.140258031161455,30.578136908416276,28051.606232290993,28051.606232290993,12014.744637797427,10000.246,23.620651,0.0,30200.942807103493,23.29255656182807,2169.8394758576856,False,False,3000.0,train
2023-09-04 01:00:00,23.110817837665167,30.244463505893307,22163.567533033303,22163.567533033303,10332.447866580944,10001.102,21.559385,14.090788,25458.476115757014,23.400420471338,2107.6293206378095,False,False,3000.0,train
2023-09-04 02:00:00,23.105009396185977,29.91891380657968,21001.879237195455,21001.879237195455,10000.536924912987,10004.936,21.639605,0.0,22289.606510464117,23.863516338748664,2096.8955716354517,False,False,3000.0,train
2023-09-04 03:00:00,23.10712908270209,29.607018286751952,21425.816540418196,21425.816540418196,10121.661868690913,10022.111,21.936623,9.822725,22016.606726263195,22.989769831705892,2100.752020820471,False,False,3000.0,train
2023-09-04 04:00:00,23.11098579767112,29.33101441292647,22197.15953422394,22197.15953422394,10342.04558120684,10098.905,22.101273,36.47242,23215.222623218033,22.949372228706398,2107.947461928074,False,False,3000.0,train
2023-09-04 05:00:00,23.109933098712478,29.067889562352327,21986.619742495604,21986.619742495604,10281.891354998745,10439.478,22.41844,8.008952,23649.728192501032,22.777106789580706,2105.960660347431,False,False,3000.0,train
2023-09-04 06:00:00,23.12175176451138,28.800027781259455,24350.35290227603,24350.35290227603,10957.24368636458,11897.035,23.103851,0.0,24873.042664414315,23.18434433645748,2129.2359469581675,False,False,3000.0,train
2023-09-04 07:00:00,23.194608585633645,28.62928523448085,38921.71712672905,38921.71712672905,15120.49060763687,17297.02,25.15394,142.34268,42297.0314630322,23.255304039801153,2315.9037237510115,False,False,3000.0,train
2023-09-04 08:00:00,23.283248339064453,28.644003582945604,56649.66781289067,56649.66781289067,20185.619375111623,29999.998,25.229174,304.24338,61564.84359533587,23.03985943862843,2624.55070002082,False,False,3000.0,train
2023-09-04 09:00:00,23.419178456522527,28.888512973640832,83835.6913045054,83835.6913045054,27953.054658430112,42702.97,27.843262,536.325,81735.79821563029,23.366699491921374,3213.3441805779053,False,False,3000.0,train
2023-09-04 10:00:00,23.50798531699073,29.388777999628548,101597.06339814604,101597.06339814604,33027.7323994703,48102.91,29.207052,757.4623,104688.67044820516,22.914385616923923,3645.5132645505782,False,False,3000.0,train
2023-09-04 11:00:00,23.567629607825662,30.078903729635364,113525.92156513239,113525.92156513239,36435.97759003783,49560.277,30.687283,900.90784,115657.2636710226,23.845542632175636,3949.59762260554,False,False,3000.0,train
2023-09-04 12:00:00,23.59881634058777,30.841252918800926,119763.26811755414,119763.26811755414,38218.07660501547,49899.992,31.799831,928.11554,124167.5672945998,23.36761256268612,4112.045275915313,False,False,3000.0,train
2023-09-04 13:00:00,23.628495138998684,31.618966182087185,125699.02779973674,125699.02779973674,39914.00794278192,49972.953,32.72909,977.5518,128643.79847290534,23.61809823357479,4268.515084993737,False,False,3000.0,train
2023-09-04 14:00:00,23.62791184539709,32.3185393299866,125582.36907941804,125582.36907941804,39880.67687983373,49972.953,33.618736,840.4059,122382.15244098936,23.199903819007755,4265.423575829164,False,False,3000.0,train
2023-09-04 15:00:00,23.599327516338352,32.820758349723086,119865.50326767044,119865.50326767044,38247.28664790584,49899.992,32.98965,677.1365,117671.11797509363,23.42462143649988,4114.7253840627955,False,False,3000.0,train
2023-09-04 16:00:00,23.55842354466914,33.0714637476207,111684.70893382789,111684.70893382789,35909.91683823654,49560.277,32.747803,433.70984,114799.521696824,23.474546198613883,3902.066989259727,False,False,3000.0,train
2023-09-04 17:00:00,23.520201797606042,33.070101016882475,104040.35952120836,104040.35952120836,33725.81700605953,48102.91,32.712,244.68356,110854.06534482252,23.516814543517793,3707.014535764874,False,False,3000.0,train
2023-09-04 18:00:00,23.444977840599144,32.84118606839271,88995.56811982876,88995.56811982876,29427.30517709393,42702.97,31.714369,31.124283,84609.27333863835,23.588897595255897,3335.8941875416212,False,False,3000.0,train
2023-09-04 19:00:00,23.357836918980198,32.47837201226463,71567.3837960395,71567.3837960395,24447.82394172557,29999.998,30.51633,0.0,75581.82484426921,23.789559444026064,2934.2292652532547,False,False,3000.0,train
2023-09-04 20:00:00,23.27925675921144,32.10523618867695,55851.35184228775,55851.35184228775,19957.5290977965,17297.02,29.639954,0.0,61955.20221751493,23.499070042042245,2609.106389618851,False,False,3000.0,train
2023-09-04 21:00:00,23.21693909770024,31.74429194039119,43387.819540048156,43387.819540048156,16396.519868585186,11897.035,27.219143,15.145797,46022.659505812946,23.505588460644113,2386.2633123768646,False,False,3000.0,train
2023-09-04 22:00:00,23.1876769196488,31.387021666837473,37535.38392976026,37535.38392976026,14724.39540850293,10439.478,26.19848,0.0,41798.2172688059,23.621508152631744,2295.2155763847227,False,False,3000.0,train
2023-09-04 23:00:00,23.162664627738547,31.03810613392445,32532.92554770937,32532.92554770937,13295.12158505982,10098.905,24.604647,17.444466,33968.292400730796,23.333576992195358,2225.4330185884096,False,False,3000.0,train
2023-09-05 00:00:00,23.148087910643863,30.6974991878174,29617.582128772567,29617.582128772567,12462.166322506448,10000.246,24.092058,0.0,32356.350597835975,23.137075751958164,2188.488303381841,False,False,3000.0,train
2023-09-05 01:00:00,23.11108213389386,30.35243075162551,22216.42677877185,22216.42677877185,10347.550508220527,10001.102,21.631046,0.0,21799.330148119156,23.413815705770375,2108.1301328274017,False,False,3000.0,train
2023-09-05 02:00:00,23.103382706302607,30.016844917885173,20676.541260521473,20676.541260521473,9907.583217291849,10004.936,21.374117,5.7941427,18767.52476082136,23.425285492091103,2093.98362521015,False,False,3000.0,train
2023-09-05 03:00:00,23.0966947332511,29.694838015853705,19338.946650219666,19338.946650219666,9525.41332863419,10022.111,21.205359,0.0,24302.208697493348,23.29126448464091,2082.4493683607384,False,False,3000.0,train
2023-09-05 04:00:00,23.10759448124193,29.393346147763012,21518.896248385743,21518.896248385743,10148.256070967356,10098.905,22.12076,11.943684,22448.822929777016,22.6712062021311,2101.6081000447994,False,False,3000.0,train
2023-09-05 05:00:00,23.10159623745352,29.107600219876655,20319.24749070413,20319.24749070413,9805.499283058321,10439.478,21.863955,0.0,22366.81462177358,22.849158191525127,2090.8334789575274,False,False,3000.0,train
2023-09-05 06:00:00,23.132341534605864,28.838651407485216,26468.306921172767,26468.306921172767,11562.373406049363,11897.035,23.80861,8.221926,26484.873207730427,23.049885303396717,2151.8629473426186,False,False,3000.0,train
2023-09-05 07:00:00,23.191820812800945,28.665340882300093,38364.16256018893,38364.16256018893,14961.189302911123,17297.02,25.027317,129.21617,38110.63552740344,23.425707119021716,2307.515562688612,False,False,3000.0,train
2023-09-05 08:00:00,23.308548429952218,28.718173743806275,61709.68599044358,61709.68599044358,21631.33885441245,29999.998,26.181404,383.22888,64235.92557310273,23.302144504231048,2725.3030676486665,False,False,3000.0,train
2023-09-05 09:00:00,23.410504000708674,28.97899477810556,82100.80014173471,82100.80014173471,27457.37146906706,42702.97,27.563025,489.5271,82786.01746409423,23.751564590743843,3172.772800804016,False,False,3000.0,train
2023-09-05 10:00:00,23.49116839119361,29.42751495217882,98233.67823872218,98233.67823872218,32066.765211063477,48102.91,28.318518,725.408,102579.85313503722,23.885739379816894,3561.5825115077596,False,False,3000.0,train
2023-09-05 11:00:00,23.5683047594371,30.1095582051853,113660.95188742022,113660.95188742022,36474.55768212007,49560.277,30.460934,927.9395,118449.87757208165,23.928055900040263,3953.091294867728,False,False,3000.0,train
2023-09-05 12:00:00,23.59071989969249,30.886534642297292,118143.97993849823,118143.97993849823,37755.42283957092,49899.992,31.058447,936.0021,122449.73157022025,23.952382069036577,4069.668290676458,False,False,3000.0,train
2023-09-05 13:00:00,23.617039473380185,31.635968288981246,123407.89467603699,123407.89467603699,39259.39847886771,49972.953,32.439175,929.10785,127411.9067776311,23.30594130198257,4207.91606636048,False,False,3000.0,train
2023-09-05 14:00:00,23.619320518109635,32.29428843666095,123864.10362192706,123864.10362192706,39389.74389197916,49972.953,33.26487,819.63416,133522.22647635563,23.764111167946368,4219.962624177747,False,False,3000.0,train
2023-09-05 15:00:00,23.595576167207064,32.76267094949841,119115.23344141273,119115.23344141273,38032.92384040364,49899.992,33.264526,635.5682,117743.36266240074,23.41331745492044,4095.0695908643634,False,False,3000.0,train
2023-09-05 16:00:00,23.574210846475616,33.017713985575774,114842.16929512314,114842.16929512314,36812.04837003518,49560.277,33.56395,471.12595,117623.3253667212,23.079490947067857,3983.6982144194544,False,False,3000.0,train
2023-09-05 17:00:00,23.513454853040635,33.02442180107234,102690.97060812697,102690.97060812697,33340.27731660771,48102.91,32.532555,214.05371,109851.33459839085,23.427213513423883,3672.994949628338,False,False,3000.0,train
2023-09-05 18:00:00,23.435053365271504,32.77915708017617,87010.67305430073,87010.67305430073,28860.19230122878,42702.97,31.011282,33.768944,94169.02362990589,23.83247445495968,3288.4299449473106,False,False,3000.0,train
2023-09-05 19:00:00,23.353742977112464,32.43172555570176,70748.59542249286,70748.59542249286,24213.884406426532,29999.998,29.96405,27.50994,69602.3008050097,23.491965580148005,2916.303718550251,False,False,3000.0,train
2023-09-05 20:00:00,23.262631724776746,32.069825277938826,52526.3449553492,52526.3449553492,19007.52713009977,17297.02,28.431425,0.0,54731.026708534184,23.867974536258515,2546.19622632104,False,False,3000.0,train
2023-09-05 21:00:00,23.21384496417041,31.69803401126512,42768.992834081844,42768.992834081844,16219.7122383091,11897.035,27.261501,0.0,48996.143502228035,23.26701400775084,2376.187718434209,False,False,3000.0,train
2023-09-05 22:00:00,23.188796632671398,31.335113133464603,37759.32653427958,37759.32653427958,14788.379009794166,10439.478,26.334194,0.0,41927.15606335224,23.92313745874927,2298.5191028769186,False,False,3000.0,train
2023-09-05 23:00:00,23.165129117265007,30.99972586842728,33025.82345300138,33025.82345300138,13435.949558000395,10098.905,24.590372,36.684036,36461.64225071038,23.218385484920123,2231.9575518530664,False,False,3000.0,train
2023-09-06 00:00:00,23.136287101161606,30.66841967018826,27257.420232321296,27257.420232321296,11787.834352091799,10000.246,23.21744,0.0,29787.06660952251,23.143031190007726,2160.7105919000865,False,False,3000.0,train
2023-09-06 01:00:00,23.11000766825045,30.3216242497019,22001.533650090012,22001.533650090012,10286.15247145429,10001.102,21.613972,0.0,24193.210199302266,22.726190641874002,2106.10083677407,False,False,3000.0,train
2023-09-06 02:00:00,23.11888180863174,29.99522574694554,23776.361726348227,23776.361726348227,10793.246207528064,10004.936,22.476387,13.131032,27388.363117695433,23.452050630719572,2123.3897049877446,False,False,3000.0,train
2023-09-06 03:00:00,23.09881782861505,29.682363879067818,19763.565723010146,19763.565723010146,9646.733063717184,10022.111,21.312971,0.0,22237.104667490068,22.948180289932907,2086.0341984442553,False,False,3000.0,train
2023-09-06 04:00:00,23.11066520958499,29.3764156073911,22133.041916998052,22133.041916998052,10323.726261999444,10098.905,22.495487,0.0,25043.31426032414,22.916550917762372,2107.3405965931643,False,False,3000.0,train
2023-09-06 05:00:00,23.10134766570824,29.08916308205429,20269.533141647855,20269.533141647855,9791.295183327959,10439.478,21.781157,5.93158,23433.835809539363,23.48571683483701,2090.3991428438553,False,False,3000.0,train
2023-09-06 06:00:00,23.118150406495573,28.81616952405333,23630.081299114638,23630.081299114638,10751.45179974704,11897.035,22.854498,0.0,25191.268051916537,23.46561720713436,2121.9195715159635,False,False,3000.0,train
2023-09-06 07:00:00,23.189605073723033,28.617184553103545,37921.014744606655,37921.014744606655,14834.575641316187,17297.02,25.364141,93.34691,42145.39841499139,23.529220483886238,2300.913519308061,False,False,3000.0,train
2023-09-06 08:00:00,23.286381689111963,28.61463206593492,57276.33782239252,57276.33782239252,20364.667949255003,29999.998,25.341366,318.7026,67960.51131698208,23.177724348895467,2636.763354362759,False,False,3000.0,train
2023-09-06 09:00:00,23.41170025431584,28.85732673521693,82340.05086316785,82340.05086316785,27525.72881804796,42702.97,27.49176,517.9362,79692.16905240303,23.396407494724265,3178.347932265151,False,False,3000.0,train
2023-09-06 10:00:00,23.498729501518827,29.338134073340242,99745.90030376546,99745.90030376546,32498.828658218703,48102.91,28.741909,743.24585,103912.08976036838,23.480773182210072,3599.211047530812,False,False,3000.0,train
2023-09-06 11:00:00,23.55122028599301,29.997003623068213,110244.05719860227,110244.05719860227,35498.3020567435,49560.277,29.998913,861.9228,110305.90756462171,23.78597574019473,3865.019654910932,False,False,3000.0,train
2023-09-06 12:00:00,23.60785157935411,30.750481249242178,121570.3158708223,121570.3158708223,38734.37596309209,49899.992,32.43135,944.42285,126972.0196210511,24.07392097990238,4159.4960669338725,False,False,3000.0,train
2023-09-06 13:00:00,23.618099906492233,31.534371483324723,123619.98129844664,123619.98129844664,39319.99465669904,49972.953,32.11878,965.12854,126816.1519169926,23.728543873051755,4213.515135680121,False,False,3000.0,train
2023-09-06 14:00:00,23.618882757978604,32.208191223255774,123776.55159572072,123776.55159572072,39364.72902734878,49972.953,33.478806,804.3751,129989.78835906937,24.21135008358581,4217.6499679839835,False,False,3000.0,train
2023-09-06 15:00:00,23.60297930322842,32.68033641646784,120595.86064568393,120595.86064568393,38455.960184481126,49899.992,33.766003,646.04474,128455.27252901199,23.872137628638338,4133.887449409563,False,False,3000.0,train
2023-09-06 16:00:00,23.559430355582695,32.932602179344904,111886.07111653894,111886.07111653894,35967.4488904397,49560.277,32.71511,451.31604,115637.90953989448,23.488990537348368,3907.2552538714035,False,False,3000.0,train
2023-09-06 17:00:00,23.50483745888883,32.93857017045588,100967.49177776587,100967.49177776587,32847.85479364739,48102.91,31.76154,235.30537,108076.54389661486,23.75345088072752,3629.737036798106,False,False,3000.0,train
2023-09-06 18:00:00,23.43523578671751,32.717811526000375,87047.15734350188,87047.15734350188,28870.61638385768,42702.97,30.854662,55.405876,82336.06100704866,23.947017870330143,3289.298837355149,False,False,3000.0,train
2023-09-06 19:00:00,23.349531838702898,32.36927800818239,69906.3677405796,69906.3677405796,23973.24792587989,29999.998,30.004444,0.0,77515.44532694218,23.9490185337053,2897.966567373239,False,False,3000.0,train
2023-09-06 20:00:00,23.272511441058526,32.010072905668814,54502.288211705265,54502.288211705265,19572.082346201503,17297.02,28.966257,23.399872,58471.18703732997,23.628578844438252,2583.3020493702643,False,False,3000.0,train
2023-09-06 21:00:00,23.216553332396625,31.65635538410182,43310.666479325024,43310.666479325024,16374.476136950007,11897.035,27.458454,0.0,48881.32456570259,23.224255668494024,2385.0015613820874,False,False,3000.0,train
2023-09-06 22:00:00,23.18655333336904,31.31680915922118,37310.666673808155,37310.666673808155,14660.190478230901,10439.478,25.695744,41.185898,37514.8143854612,23.121545357152264,2291.9156317106476,False,False,3000.0,train
2023-09-06 23:00:00,23.155738850568618,30.983502932451614,31147.770113723538,31147.770113723538,12899.362889635297,10098.905,24.282154,4.211292,32313.825094431886,23.328559701637033,2207.5246827049596,False,False,3000.0,train
2023-09-07 00:00:00,23.13795040629673,30.634599015057187,27590.081259346276,27590.081259346276,11882.880359813222,10000.246,23.406473,0.0,30905.96574463157,23.640142754878045,2164.50717843753,False,False,3000.0,train
2023-09-07 01:00:00,23.127675135815892,30.320058155364542,25535.02716317837,25535.02716317837,11295.722046622392,10001.102,22.370604,49.288364,28498.537294734382,23.257805872480226,2141.689485196636,False,False,3000.0,train
2023-09-07 02:00:00,23.106556634099864,30.013196209622446,21311.32681997272,21311.32681997272,10088.950519992206,10004.936,21.615442,0.0,24905.68696525534,23.242916195660506,2099.703642361207,False,False,3000.0,train
2023-09-07 03:00:00,23.095599567953574,29.693291955399765,19119.913590714787,19119.913590714787,9462.832454489939,10022.111,21.012709,8.871606,24376.386490719553,23.1110189242487,2080.6282671695008,False,False,3000.0,train
2023-09-07 04:00:00,23.104050039499,29.398570328810845,20810.007899800097,20810.007899800097,9945.716542800028,10098.905,21.77497,18.472256,20111.56558289844,23.005682720709636,2095.1732114340257,False,False,3000.0,train
2023-09-07 05:00:00,23.10836906943577,29.127519214080944,21673.813887154127,21673.813887154127,10192.518253472608,10439.478,22.135826,20.715643,26721.79470567233,23.059728717442596,2103.040367556813,False,False,3000.0,train
2023-09-07 06:00:00,23.117191341261034,28.86169369269133,23438.26825220674,23438.26825220674,10696.64807205907,11897.035,22.71772,0.0,26455.82593486862,23.157819136834693,2120.0040511272996,False,False,3000.0,train
2023-09-07 07:00:00,23.17442663695722,28.663453336494285,34885.32739144432,34885.32739144432,13967.23639755552,17297.02,24.028736,107.341805,37425.3358247175,23.68985663582917,2257.2743432040843,False,False,3000.0,train
2023-09-07 08:00:00,23.29762636159051,28.665439854295936,59525.27231810194,59525.27231810194,21007.22066231484,29999.998,26.19804,319.67264,58580.89104704851,23.22571222803127,2681.2184245394433,False,False,3000.0,train
2023-09-07 09:00:00,23.43208459109896,28.955882777080955,86416.91821979194,86416.91821979194,28690.548062797698,42702.97,27.997648,598.2214,91064.05469111317,23.447868213872376,3274.308381803032,False,False,3000.0,train
2023-09-07 10:00:00,23.499938138508327,29.47989359148793,99987.62770166536,99987.62770166536,32567.893629047245,48102.91,28.60052,747.131,94284.18359798746,23.240324840386375,3605.2424501087517,False,False,3000.0,train
2023-09-07 11:00:00,23.548132565484295,30.142801983326578,109626.51309685895,109626.51309685895,35321.860884816844,49560.277,29.428268,881.1096,115122.29738541938,23.76312188542624,3849.178501498496,False,False,3000.0,train
2023-09-07 12:00:00,23.601449374063566,30.90075094222452,120289.8748127133,120289.8748127133,38368.535660775226,49899.992,31.737122,952.98004,117133.66084482486,24.01145312767905,4125.856103187848,False,False,3000.0,train
2023-09-07 13:00:00,23.61577543551069,31.668834157905245,123155.08710213834,123155.08710213834,39187.1677434681,49972.953,32.09434,944.8772,126379.67687993386,24.10312478929772,4201.244807342433,False,False,3000.0,train
2023-09-07 14:00:00,23.626155460715534,32.35274035131365,125231.0921431068,125231.0921431068,39780.31204088766,49972.953,33.34805,854.14624,127723.8954624004,23.68716481812425,4256.118395371512,False,False,3000.0,train
2023-09-07 15:00:00,23.595474706030245,32.84014473698274,119094.94120604904,119094.94120604904,38027.12605887115,49899.992,33.10911,640.7184,126883.66003323215,23.767780991014014,4094.5383767630083,False,False,3000.0,train
2023-09-07 16:00:00,23.571367728209793,33.06463719302195,114273.54564195866,114273.54564195866,36649.58446913105,49560.277,33.946888,416.20096,116564.47142549772,23.52530263155878,3968.954385001965,False,False,3000.0,train
2023-09-07 17:00:00,23.510905428746643,33.0326164754123,102181.08574932856,102181.08574932856,33194.59592837959,48102.91,32.500546,200.51259,102640.41753709843,23.669311032655,3660.1744297807,False,False,3000.0,train
2023-09-07 18:00:00,23.445696058050306,32.78053226050981,89139.21161006116,89139.21161006116,29468.346174303188,42702.97,31.863276,30.523952,90447.4908768492,23.53988560380007,3339.344118508444,False,False,3000.0,train
2023-09-07 19:00:00,23.35028388737135,32.4280569864985,70056.77747427014,70056.77747427014,24016.222135505755,29999.998,29.773474,17.81452,76749.70783303778,23.367763203546797,2901.233679501095,False,False,3000.0,train
2023-09-07 20:00:00,23.253877082674997,32.06334258720499,50775.41653499935,50775.41653499935,18507.26186714267,17297.02,27.684692,9.955096,55123.6812622381,23.295203190358137,2514.0263785156308,False,False,3000.0,train
2023-09-07 21:00:00,23.216356784199213,31.70292350222083,43271.356839842665,43271.356839842665,16363.244811383618,11897.035,27.313627,14.260796,45351.87640550356,23.351933469217308,2384.359303981868,False,False,3000.0,train
2023-09-07 22:00:00,23.187689060931696,31.365590188293094,37537.81218633918,37537.81218633918,14725.089196096907,10439.478,25.811365,35.03774,39995.108229455276,23.099443330478028,2295.2513172555173,False,False,3000.0,train
2023-09-07 23:00:00,23.159138585822518,31.02566317097057,31827.71716450361,31827.71716450361,13093.63347557246,10098.905,24.547615,0.0,31354.482448665407,23.086389548199108,2216.236273936801,False,False,3000.0,train
2023-09-08 00:00:00,23.132985393270605,30.683443794601512,26597.078654121022,26597.078654121022,11599.165329748863,10000.246,22.729582,21.97699,30433.57683522327,23.645193997372072,2153.291465092487,False,False,3000.0,train
2023-09-08 01:00:00,23.10985445909279,30.351135693204835,21970.891818558157,21970.891818558157,10277.397662445188,10001.102,21.48086,9.278889,21265.049154222816,23.923018489746706,2105.8129258252043,False,False,3000.0,train
2023-09-08 02:00:00,23.094321195077885,30.01486310849089,18864.239015577055,18864.239015577055,9389.782575879159,10004.936,20.757994,0.0,23426.86810059173,22.733011110517673,2078.5267768958706,False,False,3000.0,train
2023-09-08 03:00:00,23.098996067467063,29.688374013794153,19799.21349341254,19799.21349341254,9656.91814097501,10022.111,21.415003,0.0,23067.561662441996,22.721154706154245,2086.33841201804,False,False,3000.0,train
2023-09-08 04:00:00,23.09995336980073,29.379722250453327,19990.673960145956,19990.673960145956,9711.621131470274,10098.905,21.682308,0.0,27974.583785224015,22.812807521458286,2087.98092444418,False,False,3000.0,train
2023-09-08 05:00:00,23.098475111010483,29.086854820018566,19695.022202096625,19695.022202096625,9627.149200599037,10439.478,21.647291,1.9253819,20400.743771172365,23.067488586498918,2085.450673016979,False,False,3000.0,train
2023-09-08 06:00:00,23.11939077997622,28.82150503404046,23878.1559952443,23878.1559952443,10822.330284355514,11897.035,22.739893,18.98877,26660.058852787963,23.388124933287397,2124.417496717606,False,False,3000.0,train
2023-09-08 07:00:00,23.177545300867955,28.652332885124338,35509.060173590966,35509.060173590966,14145.445763883134,17297.02,23.902473,138.04216,42583.9991576607,23.354921183482436,2266.010595511533,False,False,3000.0,train
2023-09-08 08:00:00,23.280903410656936,28.668708499685522,56180.68213138727,56180.68213138727,20051.62346611065,29999.998,24.88275,323.06525,62296.71661463943,23.332512751691077,2615.462127478274,False,False,3000.0,train
2023-09-08 09:00:00,23.415234951585546,28.93121583351905,83046.99031710924,83046.99031710924,27727.71151917407,42702.97,27.273394,557.56726,83822.69116226552,23.573915615672917,3194.8587356340236,False,False,3000.0,train
2023-09-08 10:00:00,23.503939851381,29.42923000716071,100787.9702761997,100787.9702761997,32796.56293605706,48102.91,29.085068,740.1533,104599.90683349848,23.29631400439249,3625.2439169187637,False,False,3000.0,train
2023-09-08 11:00:00,23.55752813424197,30.096954658503407,111505.62684839401,111505.62684839401,35858.75052811258,49560.277,30.104406,885.4335,114513.41924975836,23.484291302716183,3897.454853743396,False,False,3000.0,train
2023-09-08 12:00:00,23.588146001320002,30.852460465713417,117629.20026400039,117629.20026400039,37608.34293257154,49899.992,30.8674,941.8349,,23.58211763680726,4056.2255705610696,True,False,3000.0,train
2023-09-08 13:00:00,23.620190685546003,31.623998077026435,124038.13710920062,124038.13710920062,39439.46774548589,49972.953,32.31057,962.0945,124086.51916409023,23.144925783884446,4224.56074779009,False,False,3000.0,train
2023-09-08 14:00:00,23.627570312689407,32.317273577039614,125514.06253788144,125514.06253788144,39861.16072510898,49972.953,33.535072,847.8373,128133.23484395434,23.27917725127263,4263.613714360964,False,False,3000.0,train
2023-09-08 15:00:00,23.606037351289068,32.80104713871313,121207.47025781355,121207.47025781355,38630.705787946725,49899.992,34.045708,630.74036,117575.62495531914,23.26956753290577,4149.9549107995,False,False,3000.0,train
2023-09-08 16:00:00,23.564632559433054,33.0377463922065,112926.51188661082,112926.51188661082,36264.71768188881,49560.277,33.09694,444.21658,116458.10130878979,23.793865026538185,3934.101851527127,False,False,3000.0,train
2023-09-08 17:00:00,23.5072104308206,33.026860243058124,101442.08616411987,101442.08616411987,32983.453189748536,48102.91,32.07432,216.34209,106080.89359614815,23.580816915392326,3641.626993638399,False,False,3000.0,train
2023-09-08 18:00:00,23.430463029292937,32.78201330350598,86092.60585858749,86092.60585858749,28597.887388167852,42702.97,30.642159,37.48737,88349.71525401456,23.613781389315122,3266.6103387410444,False,False,3000.0,train
2023-09-08 19:00:00,23.346409398063976,32.42680124559567,69281.8796127952,69281.8796127952,23794.822746512913,29999.998,29.575373,14.803281,67623.36590487338,22.794512901123237,2884.4377196281534,False,False,3000.0,train
2023-09-08 20:00:00,23.266445519710345,32.059770978486256,53289.10394206901,53289.10394206901,19225.458269162573,17297.02,28.711107,3.6109338,58820.161690954585,22.821375513894864,2560.421008165214,False,False,3000.0,train
2023-09-08 21:00:00,23.214807872518236,31.69323697474069,42961.57450364717,42961.57450364717,16274.73557247062,11897.035,27.284054,3.1969075,46828.893423570014,23.413772504595183,2379.3123366740197,False,False,3000.0,train
2023-09-08 22:00:00,23.18096498034617,31.330347985172246,36192.99606923434,36192.99606923434,14340.856019781239,10439.478,25.743488,0.0,37540.78290573454,22.347364087846355,2275.7283818638925,False,False,3000.0,train
2023-09-08 23:00:00,23.152137106137005,30.970920175379568,30427.42122740094,30427.42122740094,12693.548922114554,10098.905,24.088556,0.0,32810.53116961604,23.519525913416945,2198.464274509531,False,False,3000.0,train
2023-09-09 00:00:00,23.122464293118544,30.61573595452143,24492.858623708715,24492.858623708715,10997.959606773918,10000.037,22.267124,0.0,24295.37260029621,22.575469150061707,2130.70648171091,False,False,3000.0,train
2023-09-09 01:00:00,23.104619140362534,30.26699028743529,20923.828072506723,20923.828072506723,9978.236592144778,10000.165,21.300318,0.0,21774.3703375606,23.357622607940026,2096.1931979393116,False,False,3000.0,train
2023-09-09 02:00:00,23.101579245540524,29.930928117324395,20315.8491081048,20315.8491081048,9804.528316601372,10000.74,21.390429,0.0,22191.39112430116,22.835003858113435,2090.8037575260273,False,False,3000.0,train
2023-09-09 03:00:00,23.093099418632168,29.618085248540556,18619.883726433527,18619.883726433527,9319.966778981008,10003.316,20.797226,17.58842,24170.75213810616,23.407770533183644,2076.5428151105657,False,False,3000.0,train
2023-09-09 04:00:00,23.105992823812404,29.338670741637912,21198.564762480743,21198.564762480743,10056.732789280213,10014.836,21.853432,32.08187,22856.45430141349,24.068441097987353,2098.6760667597514,False,False,3000.0,train
2023-09-09 05:00:00,23.09361129479871,29.067777526372453,18722.258959741823,18722.258959741823,9349.21684564052,10065.922,21.347336,7.193824,23052.220312745474,22.411658005762373,2077.3710988891876,False,False,3000.0,train
2023-09-09 06:00:00,23.119427496859764,28.79718903383476,23885.49937195279,23885.49937195279,10824.428391986512,10284.556,23.559252,0.0,25741.851017732803,23.32804064121796,2124.4917915169267,False,False,3000.0,train
2023-09-09 07:00:00,23.14214902111398,28.600670965077093,28429.804222795952,28429.804222795952,12122.80120651313,11094.553,23.860455,102.38685,31968.907931956535,22.59970020703586,2174.2650232508126,False,False,3000.0,train
2023-09-09 08:00:00,23.20994932805597,28.600646904986686,41989.86561119398,41989.86561119398,15997.104460341137,13000.0,25.663414,323.9912,44655.65635358558,23.33798000472122,2363.6484367692074,False,False,3000.0,train
2023-09-09 09:00:00,23.27599406930527,28.84646843286125,55198.81386105396,55198.81386105396,19771.089674586845,14905.445,27.216318,524.3856,60465.77356222522,23.213962420239703,2596.578161061314,False,False,3000.0,train
2023-09-09 10:00:00,23.333652336724203,29.305335447451853,66730.46734484061,66730.46734484061,23065.847812811604,15715.437,28.542364,709.8384,68217.06845347637,23.372587033462757,2829.7808651651376,False,False,3000.0,train
2023-09-09 11:00:00,23.378655050757732,29.941809766282745,75731.01015154649,75731.01015154649,25637.431471870426,15934.041,29.32166,868.75287,73971.24292139595,23.10514916785926,3026.8246247042916,False,False,3000.0,train
2023-09-09 12:00:00,23.424307270200654,30.686161899826914,84861.45404013072,84861.45404013072,28246.129725751634,15984.999,31.176735,940.219,83387.4125140482,23.658469603049603,3237.4866399144717,False,False,3000.0,train
2023-09-09 13:00:00,23.455533018302525,31.44112716747369,91106.60366050496,91106.60366050496,30030.458188715704,15995.943,32.93219,926.56287,92305.24428806096,23.02102566691141,3386.7937503628855,False,False,3000.0,train
2023-09-09 14:00:00,23.436282932748163,32.08441776087127,87256.58654963269,87256.58654963269,28930.453299895053,15995.943,32.41029,793.3909,86141.82189686102,23.808774111617787,3294.2891049002037,False,False,3000.0,train
2023-09-09 15:00:00,23.415318018452307,32.535190359126766,83063.60369046146,83063.60369046146,27732.458197274704,15984.999,32.39021,635.1721,87374.33257246876,23.292542926469253,3195.247413306431,False,False,3000.0,train
2023-09-09 16:00:00,23.39214217783225,32.769695550626295,78428.43556644965,78428.43556644965,26408.124447557046,15934.041,32.83506,437.78296,79990.13038464363,22.97133497461132,3088.028101371597,False,False,3000.0,train
2023-09-09 17:00:00,23.34836675101145,32.7649488765115,69673.35020229015,69673.35020229015,23906.671486368614,15715.437,32.15825,224.49284,79542.87729492474,23.82684779801366,2892.91170891368,False,False,3000.0,train
2023-09-09 18:00:00,23.298356013397946,32.54673181607991,59671.20267958919,59671.20267958919,21048.915051311196,14905.445,30.852556,64.568794,58006.940014572756,23.2781532175552,2684.1362085977958,False,False,3000.0,train
2023-09-09 19:00:00,23.261703768867296,32.21182174170161,52340.75377345917,52340.75377345917,18954.50107813119,13000.0,29.826023,10.53323,55858.542899224405,23.833994559999905,2542.754226231173,False,False,3000.0,train
2023-09-09 20:00:00,23.22838184527215,31.849138796764418,45676.36905442995,45676.36905442995,17050.391158408558,11094.553,28.487535,2.2440035,45941.76387078491,23.594788684066152,2424.3963415656353,False,False,3000.0,train
2023-09-09 21:00:00,23.20552040836512,31.51081354336829,41104.08167302424,41104.08167302424,15744.023335149783,10284.556,26.961903,42.83843,42944.78894777185,22.96607669692919,2349.5937898207812,False,False,3000.0,train
2023-09-09 22:00:00,23.175876253343226,31.176282629214843,35175.25066864522,35175.25066864522,14050.07161961292,10065.922,25.639248,0.0,38495.04536120657,23.150379313062203,2261.3200643964187,False,False,3000.0,train
2023-09-09 23:00:00,23.15945897136907,30.84286468430311,31891.7942738139,31891.7942738139,13111.941221089686,10014.836,24.409718,32.930965,29736.294433336716,23.19577035326814,2217.0651519075714,False,False,3000.0,train
2023-09-10 00:00:00,23.131204914601636,30.515075217217458,26240.982920327126,26240.982920327126,11497.423691522035,10000.037,22.97162,0.0,29750.006503143028,23.589095874597568,2149.3557793353825,False,False,3000.0,train
2023-09-10 01:00:00,23.117071315265108,30.18861159189253,23414.2630530215,23414.2630530215,10689.789443720429,10000.165,21.999979,23.180115,30447.980267753323,23.24832662927524,2119.7653037269192,False,False,3000.0,train
2023-09-10 02:00:00,23.108798180906486,29.87310883949929,21759.636181297283,21759.636181297283,10217.03890894208,10000.74,21.935934,0.0,23805.675538298816,23.161685967235424,2103.8378240891525,False,False,3000.0,train
2023-09-10 03:00:00,23.101732323246285,29.5656991067043,20346.464649257003,20346.464649257003,9813.27561407343,10003.316,21.497553,15.046984,23889.741500271415,,2091.0716777172224,False,True,3000.0,train
2023-09-10 04:00:00,23.07750659306903,29.265715922151983,15501.318613806347,15501.318613806347,8428.948175373242,10014.836,20.098742,0.0,20605.845457832576,23.06233948231264,2053.353790969804,False,False,3000.0,train
2023-09-10 05:00:00,23.095000423778153,28.971691863609554,19000.084755630553,19000.084755630553,9428.595644465873,10065.922,21.718016,0.0,21659.12048428697,23.48637804948165,2079.6400887290642,False,False,3000.0,train
2023-09-10 06:00:00,23.100329212269212,28.698030749586135,20065.842453842462,20065.842453842462,9733.097843954989,10284.556,22.18617,0.0,21852.431720863377,23.101440817508454,2088.6297493917355,False,False,3000.0,train
2023-09-10 07:00:00,23.139467606225725,28.502138528211304,27893.521245145083,27893.521245145083,11969.577498612882,11094.553,23.783777,104.38292,25959.714395676503,23.020968424836273,2168.004537520165,False,False,3000.0,train
2023-09-10 08:00:00,23.20055568011555,28.471530480460796,40111.13602310985,40111.13602310985,15460.324578031386,13000.0,25.814947,258.93683,44607.27110184643,23.031203530431444,2334.0978792154324,False,False,3000.0,train
2023-09-10 09:00:00,23.278287876031072,28.713306012039496,55657.57520621446,55657.57520621446,19902.164344632703,14905.445,26.978958,571.3075,58362.72883876898,23.112158329880224,2605.3769612192164,False,False,3000.0,train
2023-09-10 10:00:00,23.333169517961657,29.209220069133774,66633.90359233148,66633.90359233148,23038.258169237564,15715.437,28.44099,721.20013,66770.30485694004,22.91254071914883,2827.73220039609,False,False,3000.0,train
2023-09-10 11:00:00,23.39054508255847,29.846264978850197,78109.01651169431,78109.01651169431,26316.86186048409,15934.041,30.58622,843.7316,81499.02719111572,23.165432490060528,3080.7331293673783,False,False,3000.0,train
2023-09-10 12:00:00,23.420753861573893,30.59539135661184,84150.77231477851,84150.77231477851,28043.077804222434,15984.999,30.700562,960.93945,85270.88501340948,23.87027994426899,3220.7479306919263,False,False,3000.0,train
2023-09-10 13:00:00,23.44834081086194,31.373721321278307,89668.16217238786,89668.16217238786,29619.474906396532,15995.943,32.21806,947.9655,90896.84330609826,23.386361032691692,3352.0652405101373,False,False,3000.0,train
2023-09-10 14:00:00,23.446422907493318,32.03942685645371,89284.58149866358,89284.58149866358,29509.880428189594,15995.943,33.07449,807.28894,94311.31433776076,23.65774640806015,3342.8375437721093,False,False,3000.0,train
2023-09-10 15:00:00,23.423913403194742,32.502270078975656,84782.68063894846,84782.68063894846,28223.62303969956,15984.999,33.069084,631.24945,83452.1721886192,22.680286447824493,3235.6286317643644,False,False,3000.0,train
2023-09-10 16:00:00,23.380132207135198,32.71511191219869,76026.44142703952,76026.44142703952,25721.840407725576,15934.041,32.389675,398.81482,82203.45431946224,23.55062559982496,3033.4827865760444,False,False,3000.0,train
2023-09-10 17:00:00,23.347006618558563,32.686360734248495,69401.3237117126,69401.3237117126,23828.949631917883,15715.437,32.24656,217.75731,68366.17462397822,23.29860080724783,2887.020845031107,False,False,3000.0,train
2023-09-10 18:00:00,23.300961511383477,32.446855221705086,60192.30227669539,60192.30227669539,21197.800650484398,14905.445,31.625078,21.515661,61406.59532916928,23.156529504516325,2694.5875246560763,False,False,3000.0,train
2023-09-10 19:00:00,23.270097953562995,32.112201605459155,54019.5907125991,54019.5907125991,19434.168775028316,13000.0,30.202332,38.379547,61969.563701682884,23.324385940789334,2574.1609434301213,False,False,3000.0,train
2023-09-10 20:00:00,23.230999066812483,31.77023302973079,46199.81336249666,46199.81336249666,17199.946674999046,11094.553,28.739424,0.0,51943.01302168729,23.082251490668874,2433.306491023392,False,False,3000.0,train
2023-09-10 21:00:00,23.20265281515751,31.41785589754196,40530.563031501995,40530.563031501995,15580.160866143427,10284.556,27.182411,10.668545,43759.01588555485,22.565490339191005,2340.6097251967276,False,False,3000.0,train
2023-09-10 22:00:00,23.173591361190095,31.070283581802105,34718.27223801895,34718.27223801895,13919.5063537197,10065.922,25.560595,0.0,35597.418814882556,23.450265743541674,2254.955118061971,False,False,3000.0,train
2023-09-10 23:00:00,23.141868342800766,30.720081393535256,28373.66856015322,28373.66856015322,12106.762445758062,10014.836,23.562927,0.0,30223.239644411784,23.214773611205224,2173.6049688950575,False,False,3000.0,train
2023-09-11 00:00:00,23.125478748059475,30.3798911300239,25095.749611895,25095.749611895,11170.214174827142,10000.246,22.624622,7.693409,28252.339781816314,23.03129601163512,2137.011226859755,False,False,3000.0,test
2023-09-11 01:00:00,23.11144863018776,30.04948381708321,22289.726037551816,22289.726037551816,10368.493153586234,10001.102,21.967087,0.0,25368.856019747185,22.821593018566027,2108.826379327185,False,False,3000.0,test
2023-09-11 02:00:00,23.08333050027325,29.730026275897718,16666.100054649745,16666.100054649745,8761.74287275707,10004.936,19.949547,16.945269,19478.765208705103,22.642373245441107,2061.548690166797,False,False,3000.0,test
2023-09-11 03:00:00,23.09411008754292,29.422503112701616,18822.017508583856,18822.017508583856,9377.719288166816,10022.111,21.293776,0.0,21757.94192476061,23.161277899663336,2078.1822607230806,False,False,3000.0,test
2023-09-11 04:00:00,23.093445436559602,29.127633008930616,18689.08731192036,18689.08731192036,9339.739231977246,10098.905,21.330318,6.1606135,21243.808287704003,23.577477724627208,2077.1022570151245,False,False,3000.0,test
2023-09-11 05:00:00,23.091505850285362,28.846231598063127,18301.17005707237,18301.17005707237,9228.905730592105,10439.478,21.36108,0.0,18310.518833042763,23.152455793307674,2073.9912109052184,False,False,3000.0,test
2023-09-11 06:00:00,23.11280585772872,28.58820541590611,22561.171545743975,22561.171545743975,10446.049013069707,11897.035,22.449724,18.131685,24470.59904028327,22.697977375900873,2111.4226993581456,False,False,3000.0,test
2023-09-11 07:00:00,23.166848904522556,28.399617608201464,33369.78090451126,33369.78090451126,13534.223115574645,17297.02,23.909369,87.10004,38415.38990568118,23.234383922634077,2236.5571868060015,False,False,3000.0,test
2023-09-11 08:00:00,23.285299573053294,28.395287010270735,57059.91461065878,57059.91461065878,20302.83274590251,29999.998,25.603365,311.44943,56457.724096419326,23.269296684379274,2632.536888599684,False,False,3000.0,test
2023-09-11 09:00:00,23.40223133400251,28.647945986616794,80446.26680050229,80446.26680050229,26984.64765728637,42702.97,26.841293,527.64935,82852.12466135972,23.66144442182478,3134.3965380793534,False,False,3000.0,test
2023-09-11 10:00:00,23.490963257802143,29.111240121192967,98192.6515604286,98192.6515604286,32055.0433029796,48102.91,29.01062,687.80774,98273.86510151922,23.67298321102566,3560.5641601326283,False,False,3000.0,test
2023-09-11 11:00:00,23.548828134515627,29.74564598663727,109765.62690312548,109765.62690312548,35361.60768660728,49560.277,30.156155,851.9508,113194.63170643734,22.65308137428265,3852.744938935424,False,False,3000.0,test
2023-09-11 12:00:00,23.583736764055768,30.495246678843245,116747.3528111536,116747.3528111536,37356.386517472456,49899.992,30.918917,935.3987,118179.90553085659,23.747309425384305,4033.23070869629,False,False,3000.0,test
2023-09-11 13:00:00,23.600648176066986,31.237561289691552,120129.63521339728,120129.63521339728,38322.75291811351,49972.953,31.998585,889.0257,129218.9379684713,23.299604353215763,4121.6521360800825,False,False,3000.0,test
2023-09-11 14:00:00,23.605949332082655,31.877701372071847,121189.86641653109,121189.86641653109,38625.67611900888,49972.953,32.87749,799.6229,126291.92925323936,23.179430709648045,4149.492179755372,False,False,3000.0,test
2023-09-11 15:00:00,23.581928045596516,32.32061977808178,116385.60911930326,116385.60911930326,37253.03117694379,49899.992,33.282253,578.43677,114107.16208165343,23.525386022484447,4023.8102600724255,False,False,3000.0,test
2023-09-11 16:00:00,23.55448474357946,32.5354392624364,110896.9487158923,110896.9487158923,35684.842490254945,49560.277,33.058464,422.86044,116502.51717355411,23.677776076288463,3881.7933885055913,False,False,3000.0,test
2023-09-11 17:00:00,23.49852688581942,32.52068944464926,99705.37716388392,99705.37716388392,32487.25061825255,48102.91,32.148018,189.8962,99918.02455630744,23.006306502733374,3598.2003851721643,False,False,3000.0,test
2023-09-11 18:00:00,23.430422600644192,32.27557457581718,86084.52012883846,86084.52012883846,28595.57717966813,42702.97,31.293343,17.926437,87199.80847796038,23.64179552576146,3266.418550221504,False,False,3000.0,test
2023-09-11 19:00:00,23.344402835766306,31.927667198120858,68880.56715326129,68880.56715326129,23680.16204378894,29999.998,29.980864,0.0,72783.03990545293,23.573404490025787,2875.7745527456505,False,False,3000.0,test
2023-09-11 20:00:00,23.262945426121874,31.574842531281668,52589.0852243748,52589.0852243748,19025.452921249944,17297.02,28.872614,0.0,54336.42677146611,23.277038285011724,2547.361516601619,False,False,3000.0,test
2023-09-11 21:00:00,23.20014710851261,31.2245338096477,40029.42170252197,40029.42170252197,15436.97762929199,11897.035,26.596407,0.0,45112.30700164139,22.939860019444495,2332.835000949382,False,False,3000.0,test
2023-09-11 22:00:00,23.17568132240553,30.8818397703251,35136.26448110614,35136.26448110614,14038.932708887469,10439.478,25.679127,6.17885,36385.27187827624,22.881867921148743,2260.774507445981,False,False,3000.0,test
2023-09-11 23:00:00,23.13921587121388,30.5527999521012,27843.174242776313,27843.174242776313,11955.192640793233,10098.905,23.249943,17.735052,29501.655869202346,23.446995510687948,2167.421997840347,False,False,3000.0,test
2023-09-12 00:00:00,23.12709673647014,30.230275767419684,25419.34729402797,25419.34729402797,11262.670655436563,10000.246,22.859262,8.827946,27014.41780207832,22.673729930521368,2140.4506289959054,False,False,3000.0,test
2023-09-12 01:00:00,23.108178666272988,29.907543554352046,21635.73325459751,21635.73325459751,10181.638072742146,10001.102,21.827824,0.0,23446.37176449716,23.42751980451874,2102.68743709513,False,False,3000.0,test
2023-09-12 02:00:00,23.098588347586315,29.60214154444779,19717.669517262948,19717.669517262948,9633.619862075127,10004.936,21.125786,24.342415,25010.19098552318,23.049028599847183,2085.643268172388,False,False,3000.0,test
2023-09-12 03:00:00,23.07738240583203,29.304269392251086,15476.481166405876,15476.481166405876,8421.85176183025,10022.111,20.068447,0.0,19767.51638834367,23.048632055939173,2053.185165143345,False,False,3000.0,test
2023-09-12 04:00:00,23.095990446428175,29.00852990504379,19198.08928563498,19198.08928563498,9485.16836732428,10098.905,21.752626,0.0,25756.954672745385,22.583564134804178,2081.2760434400075,False,False,3000.0,test
2023-09-12 05:00:00,23.10012809460983,28.73300132919435,20025.618921965815,20025.618921965815,9721.605406275947,10439.478,22.084703,0.0,27761.10012538612,23.056113105571253,2088.2822778271657,False,False,3000.0,test
2023-09-12 06:00:00,23.11243692340379,28.473229644999474,22487.38468075828,22487.38468075828,10424.967051645224,11897.035,22.68903,0.0,23311.83565686344,23.296512578207203,2110.7141499507607,False,False,3000.0,test
2023-09-12 07:00:00,23.171135185263523,28.2914311618563,34227.03705270465,34227.03705270465,13779.153443629899,17297.02,24.104975,105.1921,37385.352360926205,22.770212158907928,2248.186170864525,False,False,3000.0,test
2023-09-12 08:00:00,23.280028613283875,28.313254418276834,56005.72265677499,56005.72265677499,20001.635044792856,29999.998,24.992825,334.24078,55933.389968444775,23.429619373459428,2612.0828611046854,False,False,3000.0,test
2023-09-12 09:00:00,23.403623382042095,28.575753630448357,80724.67640841907,80724.67640841907,27064.193259548305,42702.97,27.1264,518.17505,81282.34677876874,23.430327058145803,3140.832062228029,False,False,3000.0,test
2023-09-12 10:00:00,23.49510323605025,29.0511330925898,99020.64721005033,99020.64721005033,32291.61348858581,48102.91,29.09844,710.6914,99764.23212022899,23.30197655190056,3581.1422362854455,False,False,3000.0,test
2023-09-12 11:00:00,23.548438463129337,29.731243052822926,109687.69262586733,109687.69262586733,35339.34075024781,49560.277,29.450256,910.1667,108616.85687655483,23.804840389076727,3850.746800586618,False,False,3000.0,test
2023-09-12 12:00:00,23.601816762189106,30.516825524047402,120363.35243782119,120363.35243782119,38389.529267948914,49899.992,32.241234,937.45056,119021.38870283625,22.94113973149554,4127.784266293969,False,False,3000.0,test
2023-09-12 13:00:00,23.601414082728287,31.26496054538589,120282.81654565732,120282.81654565732,38366.51901304495,49972.953,31.942871,891.42346,122687.54668412643,23.705418307351398,4125.670898234689,False,False,3000.0,test
2023-09-12 14:00:00,23.60380776426778,31.889301400529657,120761.55285355625,120761.55285355625,38503.30081530179,49972.953,33.048008,770.516,118726.48192444103,24.089638311689768,4138.238439582963,False,False,3000.0,test
2023-09-12 15:00:00,23.576557190446973,32.32781622511597,115311.4380893946,115311.4380893946,36946.12516839846,49899.992,32.591045,603.38684,121676.47615259042,24.00854013217717,3995.879750295278,False,False,3000.0,test
2023-09-12 16:00:00,23.555032010946828,32.563933924212215,111006.40218936562,111006.40218936562,35716.11491124732,49560.277,32.873207,442.32663,110441.28946998245,23.671974027108384,3884.6079846394377,False,False,3000.0,test
2023-09-12 17:00:00,23.494699927426957,32.566465064713945,98939.98548539144,98939.98548539144,32268.567281540414,48102.91,31.608068,208.36432,111995.8126341024,23.404195694587703,3579.1351825635925,False,False,3000.0,test
2023-09-12 18:00:00,23.43091717681048,32.345107753188444,86183.43536209565,86183.43536209565,28623.83867488447,42702.97,30.900534,51.659504,87707.96556695057,23.24017640984619,3268.765222179664,False,False,3000.0,test
2023-09-12 19:00:00,23.344327140224703,32.01445269145709,68865.42804494056,68865.42804494056,23675.83658426873,29999.998,29.83006,6.5525208,72072.51104514858,23.25344940205301,2875.4482192923588,False,False,3000.0,test
2023-09-12 20:00:00,23.25503213521586,31.658562475340982,51006.427043171956,51006.427043171956,18573.2648694777,17297.02,28.212076,0.0,50744.45803007115,23.418174309591233,2518.231530209123,False,False,3000.0,test
2023-09-12 21:00:00,23.20355798418205,31.303015965607557,40711.59683641028,40711.59683641028,15631.884810402937,11897.035,26.824919,0.0,47709.713106266674,22.961384842544227,2343.435662712627,False,False,3000.0,test
2023-09-12 22:00:00,23.17924409406174,30.963090817084616,35848.81881234807,35848.81881234807,14242.519660670878,10439.478,25.758957,15.567027,41391.00348558255,23.406471239476854,2270.8201226025158,False,False,3000.0,test
2023-09-12 23:00:00,23.13956155729883,30.62648169349272,27912.31145976596,27912.31145976596,11974.946131361703,10098.905,23.410656,0.0,31556.091036021633,23.779509712699827,2168.2221790961103,False,False,3000.0,test
2023-09-13 00:00:00,23.11665138962886,30.28400316256123,23330.27792577198,23330.27792577198,10665.793693077709,10000.246,22.13027,0.0,23476.49526956607,23.09808641909064,2118.931731152372,False,False,3000.0,test
2023-09-13 01:00:00,23.106085274035358,29.950980596522573,21217.054807071632,21217.054807071632,10062.015659163324,10001.102,21.673883,0.0,24659.211766401408,22.702766833050365,2098.844223189909,False,False,3000.0,test
2023-09-13 02:00:00,23.09131278335194,29.629225195687567,18262.556670387654,18262.556670387654,9217.873334396472,10004.936,20.82998,1.3128053,18937.062094154015,22.687889359457014,2073.684855161268,False,False,3000.0,test
2023-09-13 03:00:00,23.08644801091148,29.332671139807612,17289.602182295737,17289.602182295737,8939.886337798782,10022.111,20.449713,26.70719,23311.069269029496,23.31941767642495,2066.1648794953035,False,False,3000.0,test
2023-09-13 04:00:00,23.089526726748975,29.05357614654485,17905.345349795,17905.345349795,9115.812957084287,10098.905,21.108469,7.3493385,22581.09000438026,23.071602873060844,2070.879342908679,False,False,3000.0,test
2023-09-13 05:00:00,23.09436156667839,28.78574694626707,18872.313335678115,18872.313335678115,9392.089524479461,10439.478,21.429312,18.100527,22070.692228439137,23.357410835497607,2078.592742596782,False,False,3000.0,test
2023-09-13 06:00:00,23.11348011789444,28.531518949775663,22696.023578888,22696.023578888,10484.578165396571,11897.035,22.743027,0.0,20548.636642217,22.953389843146635,2112.7230148943086,False,False,3000.0,test
2023-09-13 07:00:00,23.16660693777241,28.3409224969625,33321.38755448213,33321.38755448213,13520.39644413775,17297.02,23.835308,95.46194,34122.560164975424,23.41579400203436,2235.9077310346233,False,False,3000.0,test
2023-09-13 08:00:00,23.283396181347925,28.355552285601778,56679.23626958497,56679.23626958497,20194.067505595707,29999.998,25.217812,335.23474,61484.69533803698,23.235906429313008,2625.1251859088725,False,False,3000.0,test
2023-09-13 09:00:00,23.402758272889304,28.625667326415833,80551.65457786089,80551.65457786089,27014.758450817397,42702.97,26.823915,534.70197,87356.26640402093,23.18300705629212,3136.831546275304,False,False,3000.0,test
2023-09-13 10:00:00,23.494281074879922,29.11445835635511,98856.21497598436,98856.21497598436,32244.632850281247,48102.91,28.813421,726.01117,105823.77230956184,23.373981531239206,3577.0513157404143,False,False,3000.0,test
2023-09-13 11:00:00,23.552940804772856,29.772507374077108,110588.16095457118,110588.16095457118,35596.61741559177,49560.277,30.376854,856.7305,107420.93041588587,23.193824498145887,3873.8568906172472,False,False,3000.0,test
2023-09-13 12:00:00,23.58910203099001,30.536548838313212,117820.40619800185,117820.40619800185,37662.9731994291,49899.992,31.03001,956.63916,122045.07554479699,24.185909898564493,4061.216973395528,False,False,3000.0,test
2023-09-13 13:00:00,23.600078007382177,31.30003194281709,120015.6014764353,120015.6014764353,38290.171850410086,49972.953,31.635376,910.8236,127198.16460367297,23.57116346331463,4118.661206991354,False,False,3000.0,test
2023-09-13 14:00:00,23.5941449259806,31.940432174687285,118828.98519612013,118828.98519612013,37951.1386274629,49972.953,32.04225,790.9401,115050.40900977509,23.78749915258526,4087.5781277506812,False,False,3000.0,test
2023-09-13 15:00:00,23.570831853674495,32.39144762502878,114166.37073489894,114166.37073489894,36618.96306711398,49899.992,31.95778,619.74603,117135.0200236534,23.409771113813257,3966.177528313697,False,False,3000.0,test
2023-09-13 16:00:00,23.541513331700497,32.612574570411326,108302.66634009931,108302.66634009931,34943.61895431409,49560.277,32.176384,412.6183,112347.45748255048,23.225934985106548,3815.3008770917913,False,False,3000.0,test
2023-09-13 17:00:00,23.498230965716314,32.60383465151434,99646.1931432627,99646.1931432627,32470.340898075057,48102.91,31.706436,225.00923,101564.42577974203,23.42806681244093,3596.7245414612967,False,False,3000.0,test
2023-09-13 18:00:00,23.434276713326163,32.392216538380424,86855.34266523263,86855.34266523263,28815.812190066466,42702.97,31.072838,54.013344,83771.48701616636,23.76463447333992,3284.732180033173,False,False,3000.0,test
2023-09-13 19:00:00,23.335856607350344,32.06136807743971,67171.3214700688,67171.3214700688,23191.80613430537,29999.998,29.098995,11.120775,69246.61481687942,23.17963706993086,2839.1526526820976,False,False,3000.0,test
2023-09-13 20:00:00,23.271277825494945,31.72732012205834,54255.56509898897,54255.56509898897,19501.59002828256,17297.02,28.976002,38.172432,56411.56758963023,23.01011823367612,2578.6236076227888,False,False,3000.0,test
2023-09-13 21:00:00,23.212881160978235,31.39905736561799,42576.232195646924,42576.232195646924,16164.637770184836,11897.035,27.276634,9.322429,45224.845990617614,23.259520434288977,2373.070161874671,False,False,3000.0,test
2023-09-13 22:00:00,23.17899529449377,31.05394274444344,35799.058898754054,35799.058898754054,14228.302542501158,10439.478,25.796366,1.824598,37519.914802411215,23.328702074709092,2270.1135117506383,False,False,3000.0,test
2023-09-13 23:00:00,23.145660403056265,30.714470594421993,29132.08061125303,29132.08061125303,12323.451603215151,10098.905,23.646055,14.060547,31165.155430283954,23.63851485371222,2182.6154743029037,False,False,3000.0,test
2023-09-14 00:00:00,23.126557457353965,30.385111614882643,25311.491470792902,25311.491470792902,11231.85470594083,10000.246,22.635048,12.17764,28226.54782142805,23.23268260086571,2139.299988414065,False,False,3000.0,test
2023-09-14 01:00:00,23.10140219770691,30.054369438137822,20280.439541382122,20280.439541382122,9794.41129753775,10001.102,21.204988,0.0,24205.38839085458,23.294600001266282,2090.4943446927787,False,False,3000.0,test
2023-09-14 02:00:00,23.1021052402297,29.72827677080127,20421.04804594018,20421.04804594018,9834.58515598291,10004.936,21.604456,0.0,22784.27069834637,23.3178878113058,2091.7259100955694,False,False,3000.0,test
2023-09-14 03:00:00,23.08416236566372,29.422372059381647,16832.473132743788,16832.473132743788,8809.278037926797,10022.111,20.294878,15.464686,18987.463711524415,22.73825775108393,2062.764876709919,False,False,3000.0,test
2023-09-14 04:00:00,23.08743665400764,29.13706555056194,17487.33080152789,17487.33080152789,8996.38022900797,10098.905,20.779081,17.494009,20678.28773515219,22.798437032866776,2067.6619802825267,False,False,3000.0,test
2023-09-14 05:00:00,23.101916410272132,28.862307794774367,20383.28205442639,20383.28205442639,9823.794872693254,10439.478,22.153301,0.0,19365.88932118653,22.776747523390437,2091.394359889897,False,False,3000.0,test
2023-09-14 06:00:00,23.12501579017715,28.59983603167941,25003.15803543032,25003.15803543032,11143.759438694377,11897.035,23.533371,0.0,29022.121383685735,22.725372063469656,2136.034203979476,False,False,3000.0,test
2023-09-14 07:00:00,23.16551790045661,28.404649849714904,33103.580091322016,33103.580091322016,13458.165740377719,17297.02,23.743397,88.47528,36102.322698811244,23.40415586291773,2232.9940244828945,False,False,3000.0,test
2023-09-14 08:00:00,23.27816619198509,28.398772958200297,55633.23839701795,55633.23839701795,19895.210970576558,29999.998,25.06148,312.05386,58736.63642622549,23.365181219484217,2604.9091141699146,False,False,3000.0,test
2023-09-14 09:00:00,23.388182219433627,28.647473904323085,77636.44388672546,77636.44388672546,26181.84111049299,42702.97,25.777235,530.0568,83585.86311076967,23.41203103836106,3069.963465163552,False,False,3000.0,test
2023-09-14 10:00:00,23.497147997026744,29.132328633778904,99429.59940534877,99429.59940534877,32408.456972956792,48102.91,29.017181,730.441,95416.40268784606,22.719333042406063,3591.3257599551334,False,False,3000.0,test
2023-09-14 11:00:00,23.545858778667764,29.786965114566975,109171.7557335528,109171.7557335528,35191.93020958651,49560.277,29.90336,849.34546,104597.11199428093,24.162501836253348,3837.5285047738557,False,False,3000.0,test
2023-09-14 12:00:00,23.571352465944365,30.516059925288737,114270.49318887299,114270.49318887299,36648.71233967799,49899.992,30.269152,910.10095,118357.18650435649,23.3030708646983,3968.875288071602,False,False,3000.0,test
2023-09-14 13:00:00,23.609160043134594,31.25944414164466,121832.00862691876,121832.00862691876,38809.14532197679,49972.953,32.324783,919.5489,124802.35709363797,24.224703869916283,4166.3814627879,False,False,3000.0,test
2023-09-14 14:00:00,23.605002921936784,31.91272164538654,121000.58438735672,121000.58438735672,38571.59553924478,49972.953,32.821194,793.1851,124705.88574699945,23.170230477741388,4144.517737912778,False,False,3000.0,test
2023-09-14 15:00:00,23.581348753221775,32.375438768042734,116269.75064435498,116269.75064435498,37219.928755529996,49899.992,32.63833,627.3458,117411.63258403343,23.337628405654815,4020.79462586818,False,False,3000.0,test
2023-09-14 16:00:00,23.53973857656108,32.588393164386524,107947.71531221627,107947.71531221627,34842.20437491893,49560.277,32.35251,383.9644,113476.40269257528,22.878883761808193,3806.2367657588725,False,False,3000.0,test
2023-09-14 17:00:00,23.500781578532994,32.551785346979386,100156.31570659878,100156.31570659878,32616.090201885363,48102.91,32.26829,196.91542,106522.63279169991,23.609419071315802,3609.4540886854197,False,False,3000.0,test
2023-09-14 18:00:00,23.436489820627447,32.33650353290254,87297.96412548936,87297.96412548936,28942.275464425533,42702.97,31.116306,67.307465,91892.81915536668,23.106112774384076,3295.2755706328576,False,False,3000.0,test
2023-09-14 19:00:00,23.349744094053083,32.02737447343905,69948.81881061659,69948.81881061659,23985.376803033312,29999.998,29.974821,26.760838,72192.70623741033,23.027844047823578,2898.8883261865094,False,False,3000.0,test
2023-09-14 20:00:00,23.26363234687105,31.684610195597696,52726.46937420973,52726.46937420973,19064.705535488494,17297.02,28.823599,0.0,50352.03810629463,22.85187808171873,2549.9161781130238,False,False,3000.0,test
2023-09-14 21:00:00,23.21158092115104,31.336751515314955,42316.18423020791,42316.18423020791,16090.338351487973,11897.035,27.257362,9.478536,47138.41266896054,23.444787439972398,2368.880221333364,False,False,3000.0,test
2023-09-14 22:00:00,23.174725156602594,30.993305499158225,34945.031320518894,34945.031320518894,13984.294663005398,10439.478,25.531378,1.3902245,40703.82333655345,23.38816425207286,2258.105332484037,False,False,3000.0,test
2023-09-14 23:00:00,23.15421209427485,30.672099392438742,30842.418854970078,30842.418854970078,12812.119672848594,10098.905,24.0142,41.618816,35262.808189140924,23.697822261598485,2203.6627057566848,False,False,3000.0,test
2023-09-15 00:00:00,23.115758738387783,30.351959555617555,23151.7476775565,23151.7476775565,10614.785050730428,10000.246,21.954224,0.0,24289.396310047043,22.91004675206589,2117.1686466771416,False,False,3000.0,test
2023-09-15 01:00:00,23.098583686857744,30.013207567328845,19716.73737154873,19716.73737154873,9633.353534728209,10001.102,21.065804,0.0,24122.0267689157,23.164229498171785,2085.6353370905385,False,False,3000.0,test
2023-09-15 02:00:00,23.096790010847876,29.68724099022972,19358.00216957517,19358.00216957517,9530.857762735763,10004.936,21.239994,0.0,24150.148831331302,22.70998945162729,2082.6087062138076,False,False,3000.0,test
2023-09-15 03:00:00,23.092323110938075,29.383954100319094,18464.62218761502,18464.62218761502,9275.606339318576,10022.111,20.96702,14.968847,24699.625267456337,22.99181140411748,2075.29468877994,False,False,3000.0,test
2023-09-15 04:00:00,23.094230871704244,29.111352689950905,18846.174340848876,18846.174340848876,9384.621240242537,10098.905,21.119858,31.449123,20025.285621635383,22.93857727771989,2078.379286501168,False,False,3000.0,test
2023-09-15 05:00:00,23.09802646511829,28.845564106170947,19605.293023658276,19605.293023658276,9601.512292473793,10439.478,21.848125,0.0,22133.205504499878,23.23736145236692,2084.689608332414,False,False,3000.0,test
2023-09-15 06:00:00,23.107940923625822,28.580108027149954,21588.18472516444,21588.18472516444,10168.05277861841,11897.035,22.243896,3.0629718,26159.135561424704,23.41304746555128,2102.247546735408,False,False,3000.0,test
2023-09-15 07:00:00,23.172671138716765,28.403794268169797,34534.22774335308,34534.22774335308,13866.922212386595,17297.02,23.934109,124.38493,37663.538772418106,23.469991145966215,2252.4101751783132,False,False,3000.0,test
2023-09-15 08:00:00,23.277862951465394,28.428342639359695,55572.59029307886,55572.59029307886,19877.882940879674,29999.998,24.759672,331.73563,55663.355533172595,23.02501926980011,2603.7437494296864,False,False,3000.0,test
2023-09-15 09:00:00,23.393087159781338,28.66003272504545,78617.43195626758,78617.43195626758,26462.12341607645,42702.97,26.733091,478.6092,82899.57076096752,23.692627531168238,3092.350327284819,False,False,3000.0,test
2023-09-15 10:00:00,23.488353096193475,29.1048885822284,97670.61923869491,97670.61923869491,31905.89121105569,48102.91,28.632784,707.0901,102723.48978109342,23.475127555061135,3547.618197639524,False,False,3000.0,test
2023-09-15 11:00:00,23.54045754702206,29.75091184395968,108091.50940441228,108091.50940441228,34883.28840126065,49560.277,29.437393,859.88995,111426.6399237166,23.443078478252957,3809.9077370445248,False,False,3000.0,test
2023-09-15 12:00:00,23.590176624377907,30.490751747035482,118035.32487558144,118035.32487558144,37724.37853588041,49899.992,31.731943,909.9177,121928.33938768975,23.377623178332232,4066.8297390763296,False,False,3000.0,test
2023-09-15 13:00:00,23.60459482743186,31.219736838196088,120918.9654863721,120918.9654863721,38548.27585324917,49972.953,32.35792,882.76733,122847.3090655428,23.436614089123395,4142.373304383008,False,False,3000.0,test
2023-09-15 14:00:00,23.604180930991227,31.84478712528622,120836.18619824534,120836.18619824534,38524.624628070094,49972.953,33.052536,774.11896,129956.55476718883,24.126875084850095,4140.19872777181,False,False,3000.0,test
2023-09-15 15:00:00,23.57859739493199,32.294826921757775,115719.47898639791,115719.47898639791,37062.708281827974,49899.992,32.623676,616.6645,115110.87196269119,23.670820624880196,4006.4820023550647,False,False,3000.0,test
2023-09-15 16:00:00,23.53899306804962,32.52393273879204,107798.61360992413,107798.61360992413,34799.603888549755,49560.277,31.948114,419.48242,108565.36651167326,23.591376622299983,3802.4317201758595,False,False,3000.0,test
2023-09-15 17:00:00,23.496771506895072,32.524023870597254,99354.30137901449,99354.30137901449,32386.943251146997,48102.91,31.624855,228.81078,102393.73332776045,23.418097449333988,3589.449746445942,False,False,3000.0,test
2023-09-15 18:00:00,23.432960490351213,32.31191420662866,86592.09807024269,86592.09807024269,28740.59944864077,42702.97,31.171446,42.851643,92473.72338794643,24.166754073782624,3278.471031347673,False,False,3000.0,test
2023-09-15 19:00:00,23.339918806682395,31.97437448924638,67983.76133647891,67983.76133647891,23423.931810422546,29999.998,29.596539,0.0,66706.50953585807,23.731421953336323,2856.50356640943,False,False,3000.0,test
2023-09-15 20:00:00,23.25929332011027,31.618476588358003,51858.66402205406,51858.66402205406,18816.7611491583,17297.02,28.549599,2.582136,51538.57038458505,23.042974685670632,2533.8486400606203,False,False,3000.0,test
2023-09-15 21:00:00,23.206106811868032,31.27898053474016,41221.3623736065,41221.3623736065,15777.532106744713,11897.035,26.768322,21.236008,39429.76147114429,23.124022295456644,2351.442247715764,False,False,3000.0,test
2023-09-15 22:00:00,23.165611246480577,30.940076612922383,33122.24929611531,33122.24929611531,13463.499798890089,10439.478,24.919323,0.0,36195.26568462018,23.101337883469302,2233.2431705012805,False,False,3000.0,test
2023-09-15 23:00:00,23.147443789269634,30.595358224468384,29488.757853926727,29488.757853926727,12425.359386836208,10098.905,24.081825,0.0,30043.110177295668,23.191205382754415,2186.92207355241,False,False,3000.0,test
2023-09-16 00:00:00,23.129913489817888,30.26796847477914,25982.69796357755,25982.69796357755,11423.627989593586,10000.037,22.933445,15.490483,28157.249661315538,22.919545692028457,2146.529881953626,False,False,3000.0,test
2023-09-16 01:00:00,23.09965636512654,29.94513903082058,19931.273025307662,19931.273025307662,9694.649435802188,10000.165,21.146376,0.0,24311.880009470406,23.231301322135046,2087.469779414404,False,False,3000.0,test
2023-09-16 02:00:00,23.093517107277187,29.621841369823393,18703.421455437307,18703.421455437307,9343.834701553516,10000.74,21.044596,0.0,20370.797127589616,23.52914354688898,2077.218374828641,False,False,3000.0,test
2023-09-16 03:00:00,23.08556734437565,29.311836060680115,17113.468875130166,17113.468875130166,8889.562535751476,10003.316,20.698027,0.5173115,20591.030339604717,22.691478911674402,2064.8447242458797,False,False,3000.0,test
2023-09-16 04:00:00,23.087079307161943,29.021146606186743,17415.861432388625,17415.861432388625,8975.960409253894,10014.836,20.952185,10.1966715,19797.094352500437,22.74863528603432,2067.119011205921,False,False,3000.0,test
2023-09-16 05:00:00,23.088931425456153,28.745556577974366,17786.285091230526,17786.285091230526,9081.79574035158,10065.922,21.397593,0.0,22177.531972137458,22.94398385886696,2069.9557346986617,False,False,3000.0,test
2023-09-16 06:00:00,23.094676231899697,28.482707596748238,18935.246379939486,18935.246379939486,9410.070394268425,10284.556,21.891676,4.8932614,22923.088845722825,22.963637563867348,2079.1077893947945,False,False,3000.0,test
2023-09-16 07:00:00,23.142796157948226,28.300109212729527,28559.23158964515,28559.23158964515,12159.780454184329,11094.553,24.199198,105.3234,30053.72843918643,23.742335920372003,2175.79106030241,False,False,3000.0,test
2023-09-16 08:00:00,23.19079393845477,28.302151166436953,38158.787690954196,38158.787690954196,14902.510768844057,13000.0,24.665037,304.6774,40770.13837856686,23.491306704459223,2304.4486911708377,False,False,3000.0,test
2023-09-16 09:00:00,23.261883796000983,28.552349779292523,52376.759200196684,52376.759200196684,18964.788342913336,14905.445,26.287138,539.0279,58031.43849322765,23.545180501636462,2543.421399195157,False,False,3000.0,test
2023-09-16 10:00:00,23.330845503722525,29.035808655157876,66169.10074450502,66169.10074450502,22905.457355572864,15715.437,28.450811,721.9808,70277.59425088679,23.251535795668506,2817.8919255363235,False,False,3000.0,test
2023-09-16 11:00:00,23.385321787452465,29.706739190663995,77064.35749049306,77064.35749049306,26018.387854426586,15934.041,29.707338,894.91534,75793.89596361539,23.29942776541642,3056.9631459800526,False,False,3000.0,test
2023-09-16 12:00:00,23.411655824240622,30.46619917791017,82331.16484812442,82331.16484812442,27523.189956606977,15984.999,30.559614,923.9714,87414.81132558543,22.976144200111,3178.140751245,False,False,3000.0,test
2023-09-16 13:00:00,23.42277526694137,31.174281175279784,84555.05338827365,84555.05338827365,28158.5866823639,15995.943,31.568521,853.12274,84051.4754392527,23.657297335355715,3230.2633558495545,False,False,3000.0,test
2023-09-16 14:00:00,23.428328236407406,31.77494992946029,85665.64728148123,85665.64728148123,28475.89922328035,15995.943,32.367466,776.6226,93265.485371827,23.575644617850042,3256.4924092863534,False,False,3000.0,test
2023-09-16 15:00:00,23.411528616257133,32.226146199499645,82305.72325142659,82305.72325142659,27515.920928979027,15984.999,32.460957,627.41943,88559.84608173458,23.797327825660616,3177.547619146939,False,False,3000.0,test
2023-09-16 16:00:00,23.383329178361166,32.45726245995346,76665.83567223312,76665.83567223312,25904.52447778089,15934.041,32.689552,414.94324,80549.38669311524,23.320080264354317,3047.9313186798795,False,False,3000.0,test
2023-09-16 17:00:00,23.335017081941626,32.45378009321467,67003.41638832512,67003.41638832512,23143.833253807177,15715.437,31.365854,229.87552,70449.26264157606,23.292483338081507,2835.579663302822,False,False,3000.0,test
2023-09-16 18:00:00,23.287270072333722,32.21637900793201,57454.0144667445,57454.0144667445,20415.432704784143,14905.445,31.023357,3.7148829,59902.11913743344,23.338283730901914,2640.2400270639027,False,False,3000.0,test
2023-09-16 19:00:00,23.26283547271302,31.863714357129577,52567.09454260431,52567.09454260431,19019.16986931552,13000.0,30.247602,8.555927,57295.263143084216,23.53040474536515,2546.952980678283,False,False,3000.0,test
2023-09-16 20:00:00,23.22219145013043,31.516465103550505,44438.29002608624,44438.29002608624,16696.654293167496,11094.553,28.268848,2.5848207,46547.08819656413,22.781126763501188,2403.598439506545,False,False,3000.0,test
2023-09-16 21:00:00,23.186707623850968,31.168679711333024,37341.5247701935,37341.5247701935,14669.007077198143,10284.556,26.280071,4.2940564,40881.537576566945,23.40752446397248,2292.367886039821,False,False,3000.0,test
2023-09-16 22:00:00,23.160060855784455,30.823102302943415,32012.1711568909,32012.1711568909,13146.334616254544,10065.922,24.793259,0.0,36946.667386036606,23.153912187132605,2218.625969369391,False,False,3000.0,test
2023-09-16 23:00:00,23.139952367083986,30.481700311754786,27990.4734167971,27990.4734167971,11997.278119084885,10014.836,23.652855,0.0,29771.84263848599,22.822361186697876,2169.1288440032286,False,False,3000.0,test
2023-09-17 00:00:00,23.114452242606358,30.146339781309315,22890.44852127162,22890.44852127162,10540.12814893475,10000.037,22.06953,0.0,24587.44120329927,22.489070516810138,2114.6099806239654,False,False,3000.0,test
2023-09-17 01:00:00,23.11283992566906,29.8401061560655,22567.98513381213,22567.98513381213,10447.995752517752,10000.165,21.859545,36.09646,23046.096475473467,23.071897812105554,2111.4882329058737,False,False,3000.0,test
2023-09-17 02:00:00,23.079960830103463,29.540392344565383,15992.166020692623,15992.166020692623,8569.190291626463,10000.74,20.03015,0.0,16802.82363637215,23.514274725085684,2056.738786679061,False,False,3000.0,test
2023-09-17 03:00:00,23.094002881598293,29.24322290205516,18800.576319658547,18800.576319658547,9371.593234188156,10003.316,21.217442,19.952232,18001.15700306243,23.59640828162071,2078.00758010075,False,False,3000.0,test
2023-09-17 04:00:00,23.072099872994684,28.958986809502026,14419.974598936846,14419.974598936846,8119.992742553384,10014.836,19.956306,0.0,18913.387300270148,23.178712736195713,2046.2507423799718,False,False,3000.0,test
2023-09-17 05:00:00,23.086807633407794,28.676999379879405,17361.526681558815,17361.526681558815,8960.43619473109,10065.922,21.3493,0.0,24100.02413266365,23.67540933256047,2066.7076106317095,False,False,3000.0,test
2023-09-17 06:00:00,23.098945682166452,28.43521384650504,19789.136433290365,19789.136433290365,9654.038980940104,10284.556,21.886028,37.44201,25762.732311903525,23.08606335727943,2086.252364575734,False,False,3000.0,test
2023-09-17 07:00:00,23.13923908575791,28.2738330261437,27847.817151582178,27847.817151582178,11956.519186166337,11094.553,23.88993,109.27001,27323.31856709381,23.425230151250744,2167.4756810855247,False,False,3000.0,test
2023-09-17 08:00:00,23.194459909933286,28.291384339721226,38891.98198665724,38891.98198665724,15111.994853330641,13000.0,24.69933,328.08496,43570.34969957649,23.059090643261356,2315.4540886326,False,False,3000.0,test
2023-09-17 09:00:00,23.255866713002327,28.5407917647035,51173.34260046533,51173.34260046533,18620.955028704382,14905.445,26.10863,514.5544,57758.86724770104,23.10148706121708,2521.277432892727,False,False,3000.0,test
2023-09-17 10:00:00,23.323558013216754,29.0078042912038,64711.60264335083,64711.60264335083,22489.029326671665,15715.437,27.978762,719.745,66438.35330448877,23.120305278152564,2787.2625217233913,False,False,3000.0,test
2023-09-17 11:00:00,23.371502452905556,29.644565026594915,74300.49058111124,74300.49058111124,25228.71159460321,15934.041,29.397453,838.5605,77604.29991917539,22.75334376876826,2994.7465018819903,False,False,3000.0,test
2023-09-17 12:00:00,23.3975068659589,30.353656151371098,79501.37319177983,79501.37319177983,26714.678054794236,15984.999,30.030485,889.508,76251.55924050954,23.783634543942973,3112.622930173326,False,False,3000.0,test
2023-09-17 13:00:00,23.42897705887197,31.05899335311902,85795.41177439367,85795.41177439367,28512.974792683905,15995.943,31.939816,874.0822,89664.85579186703,23.236487327130565,3259.5655252478036,False,False,3000.0,test
2023-09-17 14:00:00,23.418747135713694,31.688267069440165,83749.42714273886,83749.42714273886,27928.407755068245,15995.943,31.400362,801.517,83333.99754743783,23.178315501787136,3211.31902682733,False,False,3000.0,test
2023-09-17 15:00:00,23.41771852550649,32.15517948003058,83543.70510129811,83543.70510129811,27869.630028942316,15984.999,33.03239,626.4273,87183.83333389813,23.06372702102269,3206.4927250576134,False,False,3000.0,test
2023-09-17 16:00:00,23.37737295920984,32.391108507318776,75474.59184196797,75474.59184196797,25564.169097705133,15934.041,32.225388,418.17682,73758.11212892244,23.316065128248955,3021.0548840331403,False,False,3000.0,test
2023-09-17 17:00:00,23.339575654681965,32.37668260384447,67915.13093639309,67915.13093639309,23404.323124683742,15715.437,32.139214,199.87524,72465.00956436615,23.868623347849887,2855.0338893079143,False,False,3000.0,test
2023-09-17 18:00:00,23.287017791611586,32.15037351483935,57403.55832231714,57403.55832231714,20401.01666351918,14905.445,30.564274,45.027782,63107.505554335716,23.915151446858403,2639.2521018760785,False,False,3000.0,test
2023-09-17 19:00:00,23.250596721662653,31.82364709653445,50119.3443325306,50119.3443325306,18319.812666437312,13000.0,29.244614,17.89682,51159.71096890231,22.75233665892203,2502.1498373779477,False,False,3000.0,test
2023-09-17 20:00:00,23.222820493175917,31.480957090791268,44564.09863518331,44564.09863518331,16732.599610052377,11094.553,28.375471,3.7869291,44829.01094987756,23.11648609438303,2405.693870476814,False,False,3000.0,test
2023-09-17 21:00:00,23.187047568617835,31.135891808996693,37409.51372356705,37409.51372356705,14688.432492447728,10284.556,26.328201,4.177567,35464.96522311367,22.876740237589726,2293.3653318497636,False,False,3000.0,test
2023-09-17 22:00:00,23.154457637153854,30.790512761728245,30891.527430770795,30891.527430770795,12826.150694505941,10065.922,24.3899,0.0,33304.27695253235,23.45095895951731,2204.281701667339,False,False,3000.0,test
2023-09-17 23:00:00,23.137642484487827,30.448769477283342,27528.49689756545,27528.49689756545,11865.284827875843,10014.836,23.527027,0.0,29270.043151362966,23.223620548676006,2163.8013604061125,False,False,3000.0,test
2023-09-18 00:00:00,23.109063001297972,30.113176141808225,21812.600259594463,21812.600259594463,10232.171502741276,10000.246,21.694098,0.0,21548.741431748258,22.918092203084022,2104.3313848052485,False,False,3000.0,test
2023-09-18 01:00:00,23.098875268996323,29.78502109619999,19775.053799264697,19775.053799264697,9650.015371218484,10001.102,21.286251,0.0,23720.110805500055,23.120647193173628,2086.132181211783,False,False,3000.0,test
2023-09-18 02:00:00,23.095421152549594,29.472870714375397,19084.230509918852,19084.230509918852,9452.637288548243,10004.936,21.243587,5.0082817,21148.142094045914,22.952195566127283,2080.3334032650023,False,False,3000.0,test
2023-09-18 03:00:00,23.092324485034556,29.19354295263189,18464.89700691123,18464.89700691123,9275.684859117493,10022.111,20.872633,36.217415,19232.425518073713,23.576598313347024,2075.296889442148,False,False,3000.0,test
2023-09-18 04:00:00,23.086095777414123,28.936918796537586,17219.15548282453,17219.15548282453,8919.758709378439,10098.905,20.692753,26.963917,19073.611119637095,23.250183631918933,2065.635346325076,False,False,3000.0,test
2023-09-18 05:00:00,23.089301433391626,28.678988650861196,17860.28667832511,17860.28667832511,9102.93905095003,10439.478,21.225126,10.873744,23078.45392759644,23.290248459666557,2070.529124694642,False,False,3000.0,test
2023-09-18 06:00:00,23.103776663709215,28.422742092333003,20755.332741843093,20755.332741843093,9930.095069098026,11897.035,22.118212,0.0,25018.295743272705,22.303701420299348,2094.6850487608303,False,False,3000.0,test
2023-09-18 07:00:00,23.16164880659056,28.249237229151284,32329.76131811185,32329.76131811185,13237.074662317671,17297.02,23.232548,124.81181,35040.743709192386,23.141612202941914,2222.7667714354275,False,False,3000.0,test
2023-09-18 08:00:00,23.28078313122899,28.282390985124252,56156.62624579798,56156.62624579798,20044.75035594228,29999.998,25.076681,336.62537,60775.58409394151,23.9057464189467,2614.9971327286808,False,False,3000.0,test
2023-09-18 09:00:00,23.39000217580112,28.531409354575505,78000.4351602237,78000.4351602237,26285.838617206773,42702.97,26.424412,493.00543,77426.85075849968,23.787840896812124,3078.2561778815348,False,False,3000.0,test
2023-09-18 10:00:00,23.47429786960382,28.97633517800344,94859.573920764,94859.573920764,31102.73540593257,48102.91,27.8878,689.12445,97972.16653500516,22.92017099382773,3478.290512304284,False,False,3000.0,test
2023-09-18 11:00:00,23.529434227758255,29.57739150381662,105886.84555165101,105886.84555165101,34253.38444332886,49560.277,29.595585,790.4121,109439.86033277617,23.435406477953176,3753.774321238728,False,False,3000.0,test
2023-09-18 12:00:00,23.557974771437213,30.26172480733238,111594.95428744251,111594.95428744251,35884.272653555,49899.992,29.922857,875.19855,112762.70693110289,23.197518931661595,3899.755176953387,False,False,3000.0,test
2023-09-18 13:00:00,23.608406640643786,30.998878142658356,121681.32812875712,121681.32812875712,38766.09375107346,49972.953,32.466312,923.58405,126493.8870879663,24.121737108752647,4162.416492094518,False,False,3000.0,test
2023-09-18 14:00:00,23.603139568345178,31.681230895221926,120627.91366903554,120627.91366903554,38465.11819115301,49972.953,32.535175,821.1487,120401.03280350906,23.67642305302795,4134.729035926038,False,False,3000.0,test
2023-09-18 15:00:00,23.570264759978574,32.16824412586354,114052.95199571483,114052.95199571483,36586.55771306138,49899.992,31.930061,630.7196,119073.49362306595,23.339926092059144,3963.239618423689,False,False,3000.0,test
2023-09-18 16:00:00,23.54214472997159,32.40874456752335,108428.94599431787,108428.94599431787,34979.69885551939,49560.277,32.32914,417.7408,113536.23392047113,23.552392113033825,3818.5275560737846,False,False,3000.0,test
2023-09-18 17:00:00,23.484777447452736,32.3924612109311,96955.48949054712,96955.48949054712,31701.568425870606,48102.91,31.232084,192.01428,89658.15053326378,22.70256778873219,3529.919297677559,False,False,3000.0,test
2023-09-18 18:00:00,23.42441707193045,32.17049672043352,84883.41438608983,84883.41438608983,28252.40411031138,42702.97,30.5145,57.33175,91737.62988467104,23.098928680893476,3238.0047303944107,False,False,3000.0,test
2023-09-18 19:00:00,23.331975351756075,31.84344586340185,66395.07035121496,66395.07035121496,22970.020100347134,29999.998,29.129522,0.0,60792.60453258573,23.342908469503968,2822.6715767599508,False,False,3000.0,test
2023-09-18 20:00:00,23.26252346759585,31.51244093290845,52504.69351917033,52504.69351917033,19001.34100547724,17297.02,28.477224,39.901115,53936.35942871209,23.516226078131847,2545.7942881128097,False,False,3000.0,test
2023-09-18 21:00:00,23.19123563095678,31.19365297618448,38247.12619135582,38247.12619135582,14927.750340387376,11897.035,25.719273,19.827847,43611.339171314816,22.608841394777578,2305.766335886563,False,False,3000.0,test
2023-09-18 22:00:00,23.165614768179847,30.865534728701682,33122.95363596931,33122.95363596931,13463.701038848374,10439.478,24.792894,21.003746,35414.37224063349,23.05126817586912,2233.25257232887,False,False,3000.0,test
2023-09-18 23:00:00,23.130688993210057,30.533017042394395,26137.79864201149,26137.79864201149,11467.942469146139,10098.905,22.827942,3.5807474,25988.102824326168,23.433594714765704,2148.2239329421186,False,False,3000.0,test
2023-09-19 00:00:00,23.115724176381924,30.194828782485697,23144.835276384867,23144.835276384867,10612.810078967104,10000.246,22.161718,0.0,23829.283858509312,22.680288179069944,2117.100625849865,False,False,3000.0,test
2023-09-19 01:00:00,23.10124496580786,29.877486831212362,20248.993161572314,20248.993161572314,9785.42661759209,10001.102,21.089304,24.270748,25395.452066880818,23.169999816243113,2090.2199768569008,False,False,3000.0,test
2023-09-19 02:00:00,23.07991221953127,29.56702173701123,15982.443906253962,15982.443906253962,8566.41254464399,10004.936,20.054296,0.0,15030.541701178796,23.09970457046307,2056.670771391206,False,False,3000.0,test
2023-09-19 03:00:00,23.088189790672182,29.256804030295225,17637.95813443636,17637.95813443636,9039.416609838961,10022.111,20.988432,0.0,22973.62975965001,23.60250388677916,2068.813140531768,False,False,3000.0,test
2023-09-19 04:00:00,23.093316426700813,28.978566211849323,18663.285340162616,18663.285340162616,9332.367240046462,10098.905,21.242361,24.993616,21548.844151645877,23.024275568767322,2076.893448812311,False,False,3000.0,test
2023-09-19 05:00:00,23.087965855563603,28.72201986776718,17593.17111272054,17593.17111272054,9026.620317920155,10439.478,20.990713,16.725075,18126.737269828245,23.036485676051083,2068.469894105621,False,False,3000.0,test
2023-09-19 06:00:00,23.107626334351345,28.46727161729631,21525.266870268923,21525.266870268923,10150.076248648264,11897.035,22.37867,0.23094927,23299.753273320275,23.364114260300752,2101.66681528083,False,False,3000.0,test
2023-09-19 07:00:00,23.163462566892385,28.291681942449976,32692.513378476917,32692.513378476917,13340.718108136261,17297.02,23.353016,122.113815,33426.60868085301,22.76555796647758,2227.536843219816,False,False,3000.0,test
2023-09-19 08:00:00,23.282479348484234,28.33130131707364,56495.86969684677,56495.86969684677,20141.677056241933,29999.998,24.957,354.2552,61766.735681799386,23.216214386518978,2621.5653651058906,False,False,3000.0,test
2023-09-19 09:00:00,23.39433550026595,28.57418227576025,78867.10005318989,78867.10005318989,26533.457158054254,42702.97,27.02539,465.6273,84136.21028985745,23.257617997013796,3098.066739713636,False,False,3000.0,test
2023-09-19 10:00:00,23.47624107117752,29.010462529424704,95248.21423550378,95248.21423550378,31213.775495858223,48102.91,27.857996,700.5955,92252.06211323549,23.43456752736599,3487.836017295994,False,False,3000.0,test
2023-09-19 11:00:00,23.546216328707242,29.650332895277813,109243.26574144843,109243.26574144843,35212.36164041384,49560.277,30.129406,848.24286,110693.73047404537,23.800738263396095,3839.359581866622,False,False,3000.0,test
2023-09-19 12:00:00,23.571521308246826,30.379195798478634,114304.2616493652,114304.2616493652,36658.3604712472,49899.992,30.539902,896.7223,113877.63006777281,23.737769753771477,3969.7503458134347,False,False,3000.0,test
2023-09-19 13:00:00,23.589049995311132,31.088968629808424,117809.99906222647,117809.99906222647,37659.99973206471,49972.953,31.57127,864.51886,126062.87221931548,23.36444530275253,4060.9452460157136,False,False,3000.0,test
2023-09-19 14:00:00,23.606515447805585,31.726612773843247,121303.08956111691,121303.08956111691,38658.025588890545,49972.953,32.96382,809.42883,118696.84534842795,23.64752520880375,4152.468613170377,False,False,3000.0,test
2023-09-19 15:00:00,23.583106881677768,32.22405622021572,116621.3763355536,116621.3763355536,37320.3932387296,49899.992,32.522625,658.3283,126086.33819668174,24.030239365907924,4029.9492399481833,False,False,3000.0,test
2023-09-19 16:00:00,23.532772798744542,32.48177118202181,106554.55974890842,106554.55974890842,34444.15992825955,49560.277,31.395317,427.89597,109429.01391352802,23.28336308910535,3770.740879847795,False,False,3000.0,test
2023-09-19 17:00:00,23.49697114373823,32.486622692337725,99394.22874764574,99394.22874764574,32398.351070755925,48102.91,31.698612,228.57463,98222.3677925982,23.540521177857332,3590.4444623897743,False,False,3000.0,test
2023-09-19 18:00:00,23.41634386294462,32.263626212068104,83268.77258892366,83268.77258892366,27791.077882549616,42702.97,30.142439,26.43073,84101.4613747857,23.358395659863028,3200.0499433007753,False,False,3000.0,test
2023-09-19 19:00:00,23.32719146770796,31.912801408178268,65438.293541591716,65438.293541591716,22696.655297597634,29999.998,28.747498,0.0,66191.76432241061,23.308289962956927,2802.490541549065,False,False,3000.0,test
2023-09-19 20:00:00,23.246047980701405,31.556282861095706,49209.596140281064,49209.596140281064,18059.884611508875,17297.02,27.588396,7.5758677,49041.092216938174,22.756850694026586,2485.8451112369426,False,False,3000.0,test
2023-09-19 21:00:00,23.201192790495707,31.216011254730024,40238.55809914139,40238.55809914139,15496.730885468967,11897.035,26.54297,17.1718,43460.080369786636,23.62442164678937,2336.0709325934818,False,False,3000.0,test
2023-09-19 22:00:00,23.157978457167424,30.875202931295014,31595.691433484775,31595.691433484775,13027.34040956708,10439.478,24.414278,0.0,31878.011950508007,22.92567288690097,2213.246246002461,False,False,3000.0,test
2023-09-19 23:00:00,23.13440462893974,30.542782094407276,26880.92578794823,26880.92578794823,11680.264510842351,10098.905,22.852036,27.400467,25179.050228823664,23.442226219985802,2156.461396384239,False,False,3000.0,test
2023-09-20 00:00:00,23.114427379549365,30.220921944249632,22885.475909873065,22885.475909873065,10538.707402820875,10000.246,21.942251,7.7522106,25082.62664693759,22.92801439713511,2114.5615400974366,False,False,3000.0,test
2023-09-20 01:00:00,23.103380049350037,29.90336241181808,20676.009870007307,20676.009870007307,9907.431391430659,10001.102,21.302488,18.38554,19900.867029771598,22.915728653781308,2093.9789028856467,False,False,3000.0,test
2023-09-20 02:00:00,23.088158122600483,29.607947120411186,17631.624520096524,17631.624520096524,9037.607005741864,10004.936,20.26269,32.22852,19075.580780057764,23.452095097740123,2068.764550376843,False,False,3000.0,test
2023-09-20 03:00:00,23.07559570121856,29.31747189879902,15119.140243712081,15119.140243712081,8319.75435534631,10022.111,19.814222,12.753377,,23.373761082261936,2050.7875466605824,True,False,3000.0,test
2023-09-20 04:00:00,23.068468992099476,29.020194065424146,13693.79841989513,13693.79841989513,7912.513834255751,10098.905,19.672165,0.0,14914.987662307209,23.131068761788672,2041.756132266596,False,False,3000.0,test
2023-09-20 05:00:00,23.082105536683464,28.732760174011933,16421.107336692843,16421.107336692843,8691.744953340813,10439.478,20.830162,0.0,23542.648122591403,23.31045070162536,2059.7785049725294,False,False,3000.0,test
2023-09-20 06:00:00,23.10812026773243,28.46783923548467,21624.053546486266,21624.053546486266,10178.30101328179,11897.035,22.431879,0.0,24742.663340029227,23.02155443365551,2102.579302333963,False,False,3000.0,test
2023-09-20 07:00:00,23.1667690664177,28.28688309211117,33353.81328354003,33353.81328354003,13529.660938154295,17297.02,23.737633,110.098694,36902.54697587395,23.164258778102035,2236.3428123831836,False,False,3000.0,test
2023-09-20 08:00:00,23.275855510231338,28.291775979802015,55171.10204626761,55171.10204626761,19763.172013219315,29999.998,25.099806,300.3434,53559.48672226563,23.07736819249219,2596.0480447980362,False,False,3000.0,test
2023-09-20 09:00:00,23.388953121172037,28.52486087078442,77790.62423440734,77790.62423440734,26225.892638402096,42702.97,26.26668,501.81696,78780.68547512445,23.660172605962114,3073.474108708399,False,False,3000.0,test
2023-09-20 10:00:00,23.477436279684415,28.983394854456723,95487.25593688303,95487.25593688303,31282.07312482372,48102.91,27.94145,704.90656,99239.46165468707,23.26941228033421,3493.713560342379,False,False,3000.0,test
2023-09-20 11:00:00,23.540627033911825,29.62033744986852,108125.40678236503,108125.40678236503,34892.97336639001,49560.277,29.843878,837.7868,107221.15934403811,23.986173937393183,3810.773311634624,False,False,3000.0,test
2023-09-20 12:00:00,23.568796275231165,30.349977224574545,113759.25504623297,113759.25504623297,36502.644298923704,49899.992,30.231966,909.648,120351.22056171208,23.474046024735216,3955.6353848410363,False,False,3000.0,test
2023-09-20 13:00:00,23.590750019708885,31.069668379993214,118150.00394177702,118150.00394177702,37757.14398336486,49972.953,31.67858,868.3968,116255.23848787307,23.596902588913785,4069.825682790079,False,False,3000.0,test
2023-09-20 14:00:00,23.58359559326688,31.699013968862115,116719.11865337634,116719.11865337634,37348.31961525038,49972.953,31.383993,798.23694,118564.34859019624,23.81121399946318,4032.4951820552556,False,False,3000.0,test
2023-09-20 15:00:00,23.567676343124315,32.13357616376245,113535.26862486305,113535.26862486305,36438.6481785323,49899.992,32.609715,563.7148,114220.45875099514,23.57483566948119,3949.8394270587546,False,False,3000.0,test
2023-09-20 16:00:00,23.53557615936762,32.33705547446582,107115.23187352369,107115.23187352369,34604.35196386391,49560.277,31.951933,412.9135,110737.18731905558,23.446203665082024,3785.010648516972,False,False,3000.0,test
2023-09-20 17:00:00,23.48327957539403,32.325601710835784,96655.91507880577,96655.91507880577,31615.97573680165,48102.91,31.070696,202.98257,97399.77761121585,23.474272541051487,3522.5174701836722,False,False,3000.0,test
2023-09-20 18:00:00,23.42790271970672,32.1104125735192,85580.54394134373,85580.54394134373,28451.583983241064,42702.97,30.88857,51.991745,87698.92661256528,23.696048225773993,3254.4779229803726,False,False,3000.0,test
2023-09-20 19:00:00,23.33407790079624,31.803565885368236,66815.58015924765,66815.58015924765,23090.165759785043,29999.998,28.892302,35.76207,69146.95706766534,23.135222234155226,2831.587819018715,False,False,3000.0,test
2023-09-20 20:00:00,23.246585327690998,31.47808783814584,49317.0655381995,49317.0655381995,18090.590153771285,17297.02,27.542797,18.486906,50490.084188832254,23.208714225509016,2487.7611738205815,False,False,3000.0,test
2023-09-20 21:00:00,23.20395609795488,31.141452061060072,40791.21959097591,40791.21959097591,15654.63416885026,11897.035,26.951523,4.408432,44928.610199829454,23.20704211615612,2344.681478612243,False,False,3000.0,test
2023-09-20 22:00:00,23.156730096713847,30.798192379404853,31346.01934276944,31346.01934276944,12956.005526505554,10439.478,24.36547,0.0,34872.86928113622,23.416105655372142,2210.0487858356314,False,False,3000.0,test
2023-09-20 23:00:00,23.13430681080833,30.46207196218486,26861.362161665882,26861.362161665882,11674.674903333109,10098.905,23.074394,13.50841,29670.289052421933,23.104353198646898,2156.2419853676347,False,False,3000.0,test
2023-09-21 00:00:00,23.10965811310759,30.131944988839372,21931.622621517734,21931.622621517734,10266.17789186221,10000.246,21.74442,0.0,24025.316498911416,23.652147841455704,2105.444481275011,False,False,3000.0,test
2023-09-21 01:00:00,23.100267973280193,29.80343025022687,20053.594656038596,20053.594656038596,9729.598473153885,10001.102,21.378128,0.0,24717.195884380642,23.053306399965663,2088.5238789072605,False,False,3000.0,test
2023-09-21 02:00:00,23.07848944509614,29.495895469126452,15697.889019227772,15697.889019227772,8485.111148350792,10004.936,19.730442,23.429417,18213.32101495307,23.007184353574555,2054.697385916961,False,False,3000.0,test
2023-09-21 03:00:00,23.085402202251025,29.203051606058896,17080.440450205002,17080.440450205002,8880.125842915715,10022.111,20.760519,5.6408763,19447.2336649104,23.034092565765704,2064.5985811715796,False,False,3000.0,test
2023-09-21 04:00:00,23.078385664535524,28.917272349290634,15677.132907104862,15677.132907104862,8479.180830601388,10098.905,20.367464,8.360826,18892.224305947002,22.683393235938123,2054.554756283786,False,False,3000.0,test
2023-09-21 05:00:00,23.0831407720025,28.642105144142533,16628.15440050025,16628.15440050025,8750.901257285786,10439.478,20.937462,0.52973884,23125.282552039294,22.772122717974895,2061.2728996642313,False,False,3000.0,test
2023-09-21 06:00:00,23.09691110994358,28.37926602217624,19382.221988716,19382.221988716,9537.777711061713,11897.035,21.659048,0.0,19590.512750861766,22.937711043021853,2082.811435607621,False,False,3000.0,test
2023-09-21 07:00:00,23.151927857018848,28.17573088424738,30385.571403769518,30385.571403769518,12681.591829648434,17297.02,23.20218,70.54456,35077.67318710576,23.492676811673885,2197.9432782900058,False,False,3000.0,test
2023-09-21 08:00:00,23.27791985112402,28.16810681681084,55583.97022480435,55583.97022480435,19881.1343499441,29999.998,25.295605,310.06732,53654.223780244545,23.26798203331542,2603.9623598195008,False,False,3000.0,test
2023-09-21 09:00:00,23.392137286113915,28.424208761314365,78427.45722278295,78427.45722278295,26407.844920795127,42702.97,26.345503,521.8018,82098.39798224237,23.246744029229202,3088.0057386261938,False,False,3000.0,test
2023-09-21 10:00:00,23.46938631703236,28.89441475501937,93877.26340647192,93877.26340647192,30822.075258991976,48102.91,27.44026,700.57104,102317.94845485242,23.837346740714338,3454.2215514091304,False,False,3000.0,test
2023-09-21 11:00:00,23.525319529759848,29.513603372633018,105063.90595196962,105063.90595196962,34018.25884341989,49560.277,29.12142,810.6211,109888.05927177357,23.990672669627525,3732.9052895159134,False,False,3000.0,test
2023-09-21 12:00:00,23.569465392824547,30.21857853123622,113893.07856490945,113893.07856490945,36540.87958997412,49899.992,30.716784,885.0966,117568.60025303125,23.946080131096874,3959.099646446572,False,False,3000.0,test
2023-09-21 13:00:00,23.58748001000755,30.9337921960201,117496.00200150993,117496.00200150993,37570.286286145696,49972.953,31.490643,872.2086,118224.64063288017,23.331553010837002,4052.749614484584,False,False,3000.0,test
2023-09-21 14:00:00,23.58097918161539,31.54196288915861,116195.83632307808,116195.83632307808,37198.81037802231,49972.953,31.952991,743.3228,119320.61102071697,23.432404595557294,4018.871127684688,False,False,3000.0,test
2023-09-21 15:00:00,23.570679313044398,31.977330340788725,114135.86260887953,114135.86260887953,36610.24645967987,49899.992,32.50219,603.8407,116136.33594790303,24.114800134138815,3965.387196747087,False,False,3000.0,test
2023-09-21 16:00:00,23.537008722105945,32.20784220507604,107401.744421189,107401.744421189,34686.21269176828,49560.277,32.20035,408.3014,107421.07683922847,23.60935062970595,3792.3108040142174,False,False,3000.0,test
2023-09-21 17:00:00,23.480984510641683,32.198775452476795,96196.9021283366,96196.9021283366,31484.829179524742,48102.91,31.025427,200.13326,98179.09358585202,23.40069639117286,3511.1906215954573,False,False,3000.0,test
2023-09-21 18:00:00,23.405475793279212,31.96361934559369,81095.15865584243,81095.15865584243,27170.045330240693,42702.97,29.737036,16.184603,84719.94223334391,23.620980181678462,3149.4098306944156,False,False,3000.0,test
2023-09-21 19:00:00,23.333164559365763,31.62165641088134,66632.91187315252,66632.91187315252,23037.97482090072,29999.998,29.460556,0.0,67463.44360010765,23.635354279573196,2827.7111681050064,False,False,3000.0,test
2023-09-21 20:00:00,23.255186850565657,31.27972712899482,51037.37011313143,51037.37011313143,18582.10574660898,17297.02,28.556253,0.0,52006.5109214126,23.08375197928718,2518.7957109019944,False,False,3000.0,test
2023-09-21 21:00:00,23.188096276832223,30.93933660204236,37619.25536644455,37619.25536644455,14748.358676127014,11897.035,25.932068,0.0,37495.52286280553,23.253928264418203,2296.45107435216,False,False,3000.0,test
2023-09-21 22:00:00,23.157664656540938,30.60023336220492,31532.93130818753,31532.93130818753,13009.408945196437,10439.478,24.651043,0.0,35397.387199269,23.435632677306057,2212.4405486245696,False,False,3000.0,test
2023-09-21 23:00:00,23.140004146028208,30.26891956854144,28000.82920564151,28000.82920564151,12000.236915897574,10098.905,23.801994,0.0,32183.77121780767,22.79191800224025,2169.2491310550654,False,False,3000.0,test
2023-09-22 00:00:00,23.119904325010207,29.9455742170379,23980.86500204144,23980.86500204144,10851.675714868983,10000.246,22.636469,0.0,27473.24965485895,,2125.458467630342,False,True,3000.0,test
2023-09-22 01:00:00,23.1006009843479,29.649933326346268,20120.196869579842,20120.196869579842,9748.627677022812,10001.102,21.013199,40.61978,25136.53484158969,22.766284088432684,2089.100306319346,False,False,3000.0,test
2023-09-22 02:00:00,23.089233008945513,29.362594908070985,17846.601789102577,17846.601789102577,9099.029082600737,10004.936,20.88759,2.3366446,21028.52495901509,22.79415885986747,2070.4229219840377,False,False,3000.0,test
2023-09-22 03:00:00,23.08086386707901,29.06715265376045,16172.773415802056,16172.773415802056,8620.792404514872,10022.111,20.48351,5.680432,19979.53561451557,22.91193384383492,2058.0094120200197,False,False,3000.0,test
2023-09-22 04:00:00,23.07280073831573,28.7811977120551,14560.14766314624,14560.14766314624,8160.042189470354,10098.905,20.165375,0.0,18182.14659286148,23.215936599679573,2047.1438908819675,False,False,3000.0,test
2023-09-22 05:00:00,23.07137685162397,28.50397071735328,14275.370324794068,14275.370324794068,8078.677235655448,10439.478,20.179579,0.0,17088.140043575448,22.97477006303253,2045.3380107256135,False,False,3000.0,test
2023-09-22 06:00:00,23.096492028960608,28.253170174795912,19298.405792121543,19298.405792121543,9513.83022632044,11897.035,21.576845,16.066881,21193.17590080996,22.901966591470085,2082.1108566802227,False,False,3000.0,test
2023-09-22 07:00:00,23.160515188447423,28.092654293934277,32103.037689484638,32103.037689484638,13172.296482709897,17297.02,23.330948,121.27474,40018.02986767068,23.17598155744491,2219.8073173145513,False,False,3000.0,test
2023-09-22 08:00:00,23.27134699194073,28.115854514906786,54269.39838814633,54269.39838814633,19505.542396613237,29999.998,24.798044,310.7886,56103.86852276233,22.927258173460803,2578.885581267654,False,False,3000.0,test
2023-09-22 09:00:00,23.385194978016372,28.367570233460235,77038.99560327442,77038.99560327442,26011.14160093555,42702.97,25.982359,514.29755,78003.81511520017,23.513835943366544,3056.3877632272383,False,False,3000.0,test
2023-09-22 10:00:00,23.4609195217449,28.810527683399638,92183.90434897969,92183.90434897969,30338.258385422767,48102.91,27.393091,657.14685,96665.14910240297,23.80033555033239,3412.9290937433275,False,False,3000.0,test
2023-09-22 11:00:00,23.52078180111455,29.423785125983798,104156.36022290969,104156.36022290969,33758.960063688486,49560.277,28.543135,839.8867,108090.72627658818,23.497020588818145,3709.9450989733086,False,False,3000.0,test
2023-09-22 12:00:00,23.555809720654196,30.1442026224671,111161.94413083917,111161.94413083917,35760.55546595405,49899.992,29.753763,886.0861,108699.2590601848,23.495015022664134,3888.6090110286254,False,False,3000.0,test
2023-09-22 13:00:00,23.58359620766137,30.858306599025543,116719.2415322738,116719.2415322738,37348.354723506796,49972.953,31.33056,870.11176,124246.43977851272,23.695628313626038,4032.498383072502,False,False,3000.0,test
2023-09-22 14:00:00,23.57917701900469,31.49127640009403,115835.4038009378,115835.4038009378,37095.8296574108,49972.953,31.348917,788.3269,118457.7310452042,22.970636193355226,4009.4958157296637,False,False,3000.0,test
2023-09-22 15:00:00,23.56512866501325,31.947533078929137,113025.73300265025,113025.73300265025,36293.06657218578,49899.992,32.177216,598.44867,111652.36896769036,23.72617390199261,3936.665427580523,False,False,3000.0,test
2023-09-22 16:00:00,23.524312332480914,32.15614989436357,104862.46649618281,104862.46649618281,33960.70471319509,49560.277,31.659618,377.29922,112294.02075720056,24.454878073604373,3727.8040709909574,False,False,3000.0,test
2023-09-22 17:00:00,23.483509082135885,32.13596688222379,96701.81642717708,96701.81642717708,31629.09040776488,48102.91,31.208942,208.80077,101906.47885177613,23.44670621580147,3523.6511135871424,False,False,3000.0,test
2023-09-22 18:00:00,23.43589537037335,31.950537117991562,87179.07407466967,87179.07407466967,28908.306878477048,42702.97,31.276045,81.015335,86015.64338250786,23.40015786025845,3292.441626037592,False,False,3000.0,test
2023-09-22 19:00:00,23.331516493486006,31.649270551624845,66303.29869720129,66303.29869720129,22943.799627771798,29999.998,29.20256,0.0,74316.2506873112,23.554598593515912,2820.7294581929095,False,False,3000.0,test
2023-09-22 20:00:00,23.243617119127794,31.30570995880733,48723.42382555886,48723.42382555886,17920.97823587396,17297.02,27.59875,6.7049847,53355.403978114904,23.737216919587183,2477.211098464669,False,False,3000.0,test
2023-09-22 21:00:00,23.19017463662057,30.965200935475014,38034.92732411371,38034.92732411371,14867.122092603919,11897.035,26.113922,0.0,41011.4496965402,23.48266498995081,2302.6050740184583,False,False,3000.0,test
2023-09-22 22:00:00,23.153830733688284,30.637291340597034,30766.146737656898,30766.146737656898,12790.327639330542,10439.478,24.040878,24.738964,37268.92636329747,22.50714867011322,2202.7029319848675,False,False,3000.0,test
2023-09-22 23:00:00,23.139166685032837,30.31562869312095,27833.337006567406,27833.337006567406,11952.382001876402,10098.905,23.718916,0.093787044,31178.58441257465,23.308186336331662,2167.3082808011045,False,False,3000.0,test
2023-09-23 00:00:00,23.114570348046804,29.988470932062935,22914.069609360864,22914.069609360864,10546.87703124596,10000.037,22.20199,0.0,25854.678392819955,23.886149391619306,2114.8402132209353,False,False,3000.0,test
2023-09-23 01:00:00,23.090069146079234,29.66564289146862,18013.829215846756,18013.829215846756,9146.808347384787,10000.165,20.696554,0.0,19645.86835829513,23.276801460107073,2071.725908202126,False,False,3000.0,test
2023-09-23 02:00:00,23.086301459878996,29.367340477525183,17260.29197579919,17260.29197579919,8931.511993085483,10000.74,20.401665,28.939245,21462.36258285468,22.739920885897472,2065.944314636978,False,False,3000.0,test
2023-09-23 03:00:00,23.07132537242601,29.079288438153366,14265.074485201978,14265.074485201978,8075.735567200565,10003.316,19.836874,0.0,18239.857837326163,23.155874259751595,2045.2733594953816,False,False,3000.0,test
2023-09-23 04:00:00,23.07602777799539,28.788475812719227,15205.555599077768,15205.555599077768,8344.444456879362,10014.836,20.468462,0.0,18235.669887265194,22.69182160259307,2051.362481125406,False,False,3000.0,test
2023-09-23 05:00:00,23.072390141064485,28.51256932753939,14478.028212896987,14478.028212896987,8136.579489399139,10065.922,20.372164,0.0,15861.226621878373,23.442231247845143,2046.6196448876613,False,False,3000.0,test
2023-09-23 06:00:00,23.091770264836715,28.25422110828766,18354.052967342937,18354.052967342937,9244.015133526555,10284.556,21.969852,0.0,21623.58098430747,22.805005488428336,2074.4117562083056,False,False,3000.0,test
2023-09-23 07:00:00,23.132065161860336,28.071580257141953,26413.032372067137,26413.032372067137,11546.580677733467,11094.553,23.706013,94.17364,29262.877622442415,23.15433825226794,2151.25160108693,False,False,3000.0,test
2023-09-23 08:00:00,23.186871128210466,28.069716353505942,37374.22564209325,37374.22564209325,14678.350183455215,13000.0,24.731102,292.91153,37316.772439361535,22.92953712761291,2292.847458535236,False,False,3000.0,test
2023-09-23 09:00:00,23.250488758709217,28.311023685600777,50097.75174184341,50097.75174184341,18313.643354812404,14905.445,25.869469,518.1906,49415.62954454945,23.08655434144482,2501.760631361169,False,False,3000.0,test
2023-09-23 10:00:00,23.313200445716326,28.75911985639426,62640.08914326524,62640.08914326524,21897.168326647214,15715.437,28.038326,664.8879,67191.06223436179,23.759045639474476,2744.340119425541,False,False,3000.0,test
2023-09-23 11:00:00,23.37609087771285,29.383183005199083,75218.17554257026,75218.17554257026,25490.907297877216,15934.041,29.885721,846.48584,70372.71790760764,23.40712802718096,3015.2937732097716,False,False,3000.0,test
2023-09-23 12:00:00,23.400917018826497,30.103512071307758,80183.40376529949,80183.40376529949,26909.54393294271,15984.999,30.640518,874.0674,83825.99541076807,23.233156276708783,3128.3286936398067,False,False,3000.0,test
2023-09-23 13:00:00,23.418129373964327,30.809777553218307,83625.87479286532,83625.87479286532,27893.107083675804,15995.943,31.34055,870.782,85091.98359750833,23.07456098269831,3208.4198979224634,False,False,3000.0,test
2023-09-23 14:00:00,23.417117325486796,31.443441334718372,83423.46509735918,83423.46509735918,27835.27574210262,15995.943,31.580172,795.1063,90614.66073285318,22.855606879566967,3203.6739965179468,False,False,3000.0,test
2023-09-23 15:00:00,23.39806844593064,31.89057325088917,79613.68918612806,79613.68918612806,26746.768338893733,15984.999,32.27976,581.13995,81076.43428725337,23.022684255873834,3115.205539806782,False,False,3000.0,test
2023-09-23 16:00:00,23.37651262502636,32.10233037069949,75302.52500527225,75302.52500527225,25515.007144363502,15934.041,32.669968,400.13736,80292.31284276934,23.410100397459676,3017.187969774619,False,False,3000.0,test
2023-09-23 17:00:00,23.31588433990247,32.09109836483362,63176.86798049422,63176.86798049422,22050.533708712635,15715.437,30.494905,207.50366,65083.21476418536,23.60995447051927,2755.3919835555735,False,False,3000.0,test
2023-09-23 18:00:00,23.28742126665826,31.884039463792643,57484.25333165201,57484.25333165201,20424.072380472004,14905.445,30.739061,57.97891,60784.64313388578,23.1193158189316,2640.832339052934,False,False,3000.0,test
2023-09-23 19:00:00,23.244159347073857,31.566735189485087,48831.86941477149,48831.86941477149,17951.962689934713,13000.0,29.164621,0.0,53658.58456367036,23.71532242728956,2479.132171443702,False,False,3000.0,test
2023-09-23 20:00:00,23.222346284927795,31.239142813581427,44469.25698555901,44469.25698555901,16705.501995874,11094.553,28.263762,28.969376,46357.220388145695,23.007096158259326,2404.113835733017,False,False,3000.0,test
2023-09-23 21:00:00,23.180509165036014,30.915169875008406,36101.8330072028,36101.8330072028,14314.80943062937,10284.556,26.05433,0.0,41368.42213813642,23.10910564817205,2274.424787024614,False,False,3000.0,test
2023-09-23 22:00:00,23.143302884131955,30.57669063400748,28660.576826391094,28660.576826391094,12188.736236111741,10065.922,23.687101,4.6847024,29497.30640787787,22.81942986803078,2176.9900775197207,False,False,3000.0,test
2023-09-23 23:00:00,23.14001647559072,30.24602336514645,28003.295118143968,28003.295118143968,12000.941462326848,10014.836,23.902079,0.0,31642.348825444085,23.437244995961077,2169.277779291181,False,False,3000.0,test
2023-09-24 00:00:00,23.102230071471094,29.91954729609038,20446.014294218883,20446.014294218883,9841.718369776823,10000.037,21.320734,0.0,25376.126216814002,23.731483255684466,2091.945398538753,False,False,3000.0,test
2023-09-24 01:00:00,23.097302953521098,29.607198656364545,19460.59070421953,19460.59070421953,9560.168772634152,10000.165,21.151104,15.813438,23835.758366316775,22.568757865240237,2083.4690138088063,False,False,3000.0,test
2023-09-24 02:00:00,23.078752316094132,29.3048685276376,15750.463218826382,15750.463218826382,8500.13234823611,10000.74,20.180546,0.0,22688.871391542645,22.974903695503723,2055.0594595891484,False,False,3000.0,test
2023-09-24 03:00:00,23.075688931743848,29.01489805741117,15137.786348769567,15137.786348769567,8325.08181393416,10003.316,20.011293,20.353994,16572.03999671506,23.45512288585886,2050.9113384022467,False,False,3000.0,test
2023-09-24 04:00:00,23.073983448984716,28.740367512207587,14796.689796943241,14796.689796943241,8227.625656269498,10014.836,20.286623,3.932873,14971.268417541949,22.639899792557035,2048.6697698878334,False,False,3000.0,test
2023-09-24 05:00:00,23.07709747311118,28.476194700567117,15419.494622236129,15419.494622236129,8405.569892067466,10065.922,20.612629,12.891996,16378.32426401026,23.247102645202506,2052.7992432200112,False,False,3000.0,test
2023-09-24 06:00:00,23.091920422851793,28.23284567142625,18384.08457035854,18384.08457035854,9252.595591531011,10284.556,21.859121,10.40747,22754.27245515326,23.458362082914064,2074.6510812522392,False,False,3000.0,test
2023-09-24 07:00:00,23.120301097326035,28.03965626556091,24060.219465206956,24060.219465206956,10874.348418630558,11094.553,23.150198,67.37275,28118.935794855977,23.143769741633086,2126.265445480063,False,False,3000.0,test
2023-09-24 08:00:00,23.19226384764208,28.04275410071327,38452.7695284163,38452.7695284163,14986.505579547515,13000.0,24.794855,328.63797,41688.864055569364,23.35734276892412,2308.8425533078153,False,False,3000.0,test
2023-09-24 09:00:00,23.246038048940264,28.279540296858855,49207.60978805277,49207.60978805277,18059.31708230079,14905.445,26.077137,471.0046,49416.152237777394,23.774308764778546,2485.8097221927383,False,False,3000.0,test
2023-09-24 10:00:00,23.312187089468953,28.717453167076236,62437.41789379058,62437.41789379058,21839.262255368736,15715.437,27.70752,691.40204,67538.77253828548,23.896715055699296,2740.180292958742,False,False,3000.0,test
2023-09-24 11:00:00,23.368452631264592,29.34529502253349,73690.52625291843,73690.52625291843,25054.436072262408,15934.041,29.558403,827.815,73039.49576231212,23.349862467354246,2981.151504618451,False,False,3000.0,test
2023-09-24 12:00:00,23.386429502840915,30.039783295667295,77285.90056818305,77285.90056818305,26081.685876623727,15984.999,29.90896,849.6484,83834.59574595458,23.226716148051146,3061.9927145523334,False,False,3000.0,test
2023-09-24 13:00:00,23.41328086105256,30.72500326777934,82656.17221051187,82656.17221051187,27616.04920300339,15995.943,31.251339,857.0631,94759.18287586424,23.13728682773045,3185.72417576356,False,False,3000.0,test
2023-09-24 14:00:00,23.414674215395912,31.33125576891485,82934.84307918248,82934.84307918248,27695.669451194994,15995.943,32.014008,750.69763,87104.64154673323,23.707763460524525,3192.2357959448673,False,False,3000.0,test
2023-09-24 15:00:00,23.398813645259494,31.761168900141943,79762.72905189887,79762.72905189887,26789.351157685393,15984.999,32.441303,581.4477,84581.23043533147,22.987280977922204,3118.6349018803035,False,False,3000.0,test
2023-09-24 16:00:00,23.36447235947854,31.979285749627532,72894.47189570808,72894.47189570808,24826.991970202307,15934.041,31.79725,405.16678,74433.8893398304,23.28870014808118,2963.485047989741,False,False,3000.0,test
2023-09-24 17:00:00,23.323577948508728,31.97314732056087,64715.58970174556,64715.58970174556,22490.168486213017,15715.437,31.263021,202.38019,62669.899143510105,23.354384879795067,2787.3458334767515,False,False,3000.0,test
2023-09-24 18:00:00,23.275864039606592,31.759608575541712,55172.807921318425,55172.807921318425,19763.659406090977,14905.445,30.13179,40.926857,56608.09983173528,23.124963285790965,2596.0806729626925,False,False,3000.0,test
2023-09-24 19:00:00,23.247665618317093,31.440024473552132,49533.12366341862,49533.12366341862,18152.321046691035,13000.0,29.523232,4.190635,49810.042469725755,23.33161169782283,2491.621421056973,False,False,3000.0,test
2023-09-24 20:00:00,23.20588319696777,31.10270392884428,41176.63939355367,41176.63939355367,15764.754112443905,11094.553,27.451574,0.0,40775.11231189781,23.975237192455594,2350.7369203235144,False,False,3000.0,test
2023-09-24 21:00:00,23.182731237674467,30.771604737079226,36546.24753489344,36546.24753489344,14441.785009969553,10284.556,26.301245,8.288331,43474.612414266434,23.146251660570506,2280.8036715143926,False,False,3000.0,test
2023-09-24 22:00:00,23.15123388950933,30.44491952552725,30246.777901866295,30246.777901866295,12641.93654339037,10065.922,24.433464,0.0,33846.04392974421,23.020612201281114,2196.2196648104996,False,False,3000.0,test
2023-09-24 23:00:00,23.127627662834488,30.117194774295097,25525.532566897626,25525.532566897626,11293.009304827894,10014.836,23.039467,0.0,29338.66678877817,23.432227210149044,2141.587619393934,False,False,3000.0,test
2023-09-25 00:00:00,23.098874302774625,29.793209404272737,19774.860554925057,19774.860554925057,9649.960158550017,10000.246,21.216288,0.0,22130.199563638515,23.17074939601828,2086.130532581808,False,False,3000.0,test
2023-09-25 01:00:00,23.088385943405186,29.47605754088388,17677.188681037136,17677.188681037136,9050.625337439182,10001.102,20.774685,0.0,20319.498622502182,23.5201866747686,2069.1144723524817,False,False,3000.0,test
2023-09-25 02:00:00,23.078193484256836,29.17590415031879,15638.69685136723,15638.69685136723,8468.199100390637,10004.936,20.14074,11.482591,20620.164740843935,23.127599770202753,2054.2911077274484,False,False,3000.0,test
2023-09-25 03:00:00,23.067614041623823,28.90199970178554,13522.808324764668,13522.808324764668,7863.659521361334,10022.111,19.354712,31.641354,16456.816990368996,22.993087079232513,2040.7301905174754,False,False,3000.0,test
2023-09-25 04:00:00,23.06653205917381,28.63286254044386,13306.41183476189,13306.41183476189,7801.831952789111,10098.905,19.85642,0.0,17388.73535687442,22.531414592745442,2039.4495669971009,False,False,3000.0,test
2023-09-25 05:00:00,23.07695522564664,28.370345940244498,15391.045129327807,15391.045129327807,8397.441465522232,10439.478,20.57046,13.8916445,17988.72531898746,22.591034817503118,2052.607084455207,False,False,3000.0,test
2023-09-25 06:00:00,23.086625006602233,28.12390792438465,17325.00132044663,17325.00132044663,8950.000377270466,11897.035,21.09403,0.0,19617.965729787626,22.535915399474103,2066.431732160085,False,False,3000.0,test
2023-09-25 07:00:00,23.146905226492056,27.95525479083965,29381.045298411125,29381.045298411125,12394.584370974608,17297.02,22.461287,120.40667,29306.06991897607,23.260706976377328,2185.6169015965625,False,False,3000.0,test
2023-09-25 08:00:00,23.27449339610909,27.99133989845989,54898.67922181801,54898.67922181801,19685.336920519432,29999.998,24.983063,327.83615,,22.865818552148852,2590.845128962761,True,False,3000.0,test
2023-09-25 09:00:00,23.378394464528153,28.257242635249046,75678.8929056306,75678.8929056306,25622.54083018017,42702.97,25.53616,514.46686,77887.49781869657,23.75506767430397,3025.651227137674,False,False,3000.0,test
2023-09-25 10:00:00,23.457260064659632,28.706049851707142,91452.01293192642,91452.01293192642,30129.146551978978,48102.91,27.158396,662.7337,94643.82834202707,23.466334034116418,3395.1617932539107,False,False,3000.0,test
2023-09-25 11:00:00,23.51440041571128,29.31452037094573,102880.08314225578,102880.08314225578,33394.309469215936,49560.277,28.389849,819.7686,101150.01222847677,23.441144339980777,3677.754798327604,False,False,3000.0,test
2023-09-25 12:00:00,23.564352451553656,30.023405462072716,112870.49031073124,112870.49031073124,36248.71151735178,49899.992,30.681746,871.80634,115734.91257144303,23.311195928992355,3932.6546790541356,False,False,3000.0,test
2023-09-25 13:00:00,23.582416911214903,30.729185875470677,116483.38224298059,116483.38224298059,37280.96635513731,49972.953,31.511587,852.8276,119699.80918324915,23.769094535695963,4026.355735014964,False,False,3000.0,test
2023-09-25 14:00:00,23.585986365036472,31.365591964765315,117197.27300729445,117197.27300729445,37484.93514494127,49972.953,31.870995,796.8854,111476.31237478291,23.34463701917375,4044.957443572389,False,False,3000.0,test
2023-09-25 15:00:00,23.559615683553556,31.825880928929717,111923.13671071119,111923.13671071119,35978.0390602032,49899.992,31.981848,585.14746,111346.63686490491,23.26400228233259,3908.2105467909596,False,False,3000.0,test
2023-09-25 16:00:00,23.5219165331885,32.03411130354763,104383.30663769974,104383.30663769974,33823.801896485646,49560.277,31.546957,381.82816,108896.569455979,23.878421509370103,3715.6812611091987,False,False,3000.0,test
2023-09-25 17:00:00,23.48005594053521,32.02186600308195,96011.18810704179,96011.18810704179,31431.768030583367,48102.91,31.03054,210.52808,100368.45320677305,23.586442288767717,3506.6128126089407,False,False,3000.0,test
2023-09-25 18:00:00,23.40717209525206,31.804336336085633,81434.41905041228,81434.41905041228,27266.976871546365,42702.97,29.921131,22.028246,80791.945927799,23.33669326677758,3157.278598012905,False,False,3000.0,test
2023-09-25 19:00:00,23.328380281808766,31.47254976761916,65676.05636175316,65676.05636175316,22764.587531929476,29999.998,29.21146,0.0,69120.89795675778,23.52081017722888,2807.4917526698023,False,False,3000.0,test
2023-09-25 20:00:00,23.243119730887273,31.13381776544209,48623.94617745451,48623.94617745451,17892.55605070129,17297.02,27.777945,0.0,54154.8655116347,23.245799292820482,2475.4513381767765,False,False,3000.0,test
2023-09-25 21:00:00,23.191083361653536,30.798633554796805,38216.67233070727,38216.67233070727,14919.049237344934,11897.035,26.313204,0.0,43008.06781686874,23.305987306789042,2305.3118313211735,False,False,3000.0,test
2023-09-25 22:00:00,23.16392482422944,30.469079213144763,32784.964845888,32784.964845888,13367.132813110857,10439.478,25.214796,0.0,35572.59575100775,22.918870453516803,2228.7594145514004,False,False,3000.0,test
2023-09-25 23:00:00,23.13140753300709,30.143634277059654,26281.506601417703,26281.506601417703,11509.001886119344,10098.905,23.23102,0.0,28275.450492804735,23.752527115680277,2149.8013467100454,False,False,3000.0,test
2023-09-26 00:00:00,23.109577251284982,29.826477807108187,21915.450256996395,21915.450256996395,10261.557216284684,10000.246,21.879768,9.097184,23590.495772132694,22.935691260982114,2105.2929164299667,False,False,3000.0,test
2023-09-26 01:00:00,23.09385473283003,29.518115618388762,18770.94656600633,18770.94656600633,9363.127590287522,10001.102,21.073925,3.5585206,22742.966834803778,23.560659630915026,2077.7664910873596,False,False,3000.0,test
2023-09-26 02:00:00,23.07268993716725,29.22692349921556,14537.987433450184,14537.987433450184,8153.710695271481,10004.936,19.45624,29.742615,17937.365684453154,23.016029282375907,2047.0021423422204,False,False,3000.0,test
2023-09-26 03:00:00,23.071460368211618,28.948413434020278,14292.073642323543,14292.073642323543,8083.449612092441,10022.111,19.870491,10.551258,18579.483655522912,23.313589502908105,2045.4429916518914,False,False,3000.0,test
2023-09-26 04:00:00,23.061915260857916,28.666006086963126,12383.052171583131,12383.052171583131,7538.014906166609,10098.905,19.468042,0.0,15651.31106025902,23.282182310565755,2034.208932970194,False,False,3000.0,test
2023-09-26 05:00:00,23.084918711432934,28.3966300573448,16983.74228658679,16983.74228658679,8852.497796167654,10439.478,21.303347,2.1713588,21673.573244470877,23.428974237977947,2063.8805081330356,False,False,3000.0,test
2023-09-26 06:00:00,23.098667714254365,28.17101683303276,19733.542850872964,19733.542850872964,9638.155100249418,11897.035,21.428755,44.424625,22930.841910835712,22.84648060210512,2085.7783779928573,False,False,3000.0,test
2023-09-26 07:00:00,23.161918295964128,28.025532610058047,32383.659192825577,32383.659192825577,13252.474055093022,17297.02,23.577847,113.00221,37128.393201160055,23.484608916347785,2223.472789229805,False,False,3000.0,test
2023-09-26 08:00:00,23.26981045207007,28.04735325209522,53962.09041401434,53962.09041401434,19417.74011828981,29999.998,24.740294,309.92392,59202.7829721094,23.823742407343502,2573.07529654016,False,False,3000.0,test
2023-09-26 09:00:00,23.381775014309408,28.30663433586607,76355.00286188161,76355.00286188161,25815.71510339475,42702.97,25.647703,525.57477,76908.51716983783,23.30416712053685,3040.9008230841982,False,False,3000.0,test
2023-09-26 10:00:00,23.45391178973717,28.762821353590937,90782.35794743392,90782.35794743392,29937.816556409693,48102.91,26.757607,670.7329,87672.73235992932,23.464323609879806,3378.9484848168986,False,False,3000.0,test
2023-09-26 11:00:00,23.516850560343997,29.377840703026372,103370.11206879935,103370.11206879935,33534.31773394268,49560.277,28.418991,830.445,112065.75590425545,23.35981656759995,3690.100549064283,False,False,3000.0,test
2023-09-26 12:00:00,23.565284229512393,30.096597061757354,113056.84590247864,113056.84590247864,36301.955972136755,49899.992,30.526728,884.74554,117067.43180379969,23.461353353856865,3937.4694112938987,False,False,3000.0,test
2023-09-26 13:00:00,23.574906912411087,30.801186168141506,114981.3824822175,114981.3824822175,36851.823566347855,49972.953,30.93623,848.26733,111145.19455460718,24.088333752090836,3987.3106833766783,False,False,3000.0,test
2023-09-26 14:00:00,23.5737959336144,31.420623591862828,114759.18672287975,114759.18672287975,36788.33906367993,49972.953,31.07164,785.2066,114917.08198090634,23.272525575775337,3981.545408954556,False,False,3000.0,test
2023-09-26 15:00:00,23.55542732583696,31.863835787120767,111085.46516739181,111085.46516739181,35738.70433354052,49899.992,31.778713,576.6358,117085.46386112238,23.272791679281728,3886.6415469284325,False,False,3000.0,test
2023-09-26 16:00:00,23.53395741290067,32.072414422879106,106791.48258013384,106791.48258013384,34511.85216575253,49560.277,32.341236,390.2909,108735.20799433904,24.01722769382498,3776.768284723955,False,False,3000.0,test
2023-09-26 17:00:00,23.486920533368046,32.056528074058406,97384.10667360923,97384.10667360923,31824.030478174067,48102.91,31.708447,189.76149,98571.14182466528,23.674285061134555,3540.522250933499,False,False,3000.0,test
2023-09-26 18:00:00,23.406222488998296,31.822974970798295,81244.49779965915,81244.49779965915,27212.71365704547,42702.97,29.922005,12.488164,,24.042333563711054,3152.8719575090486,True,False,3000.0,test
2023-09-26 19:00:00,23.329011217006514,31.49662654814429,65802.24340130272,65802.24340130272,22800.640971800778,29999.998,28.991844,21.880869,65859.20967090836,23.19387962565876,2810.1497670017266,False,False,3000.0,test
2023-09-26 20:00:00,23.242005247311194,31.16773127237981,48401.04946223889,48401.04946223889,17828.871274925397,17297.02,27.66661,0.0,49428.400007375814,23.279889588482465,2471.5168278086812,False,False,3000.0,test
2023-09-26 21:00:00,23.17757846719451,30.82710494302017,35515.69343890222,35515.69343890222,14147.340982543492,11897.035,25.276932,0.0,38994.71720790448,22.97937538406297,2266.1041530347793,False,False,3000.0,test
2023-09-26 22:00:00,23.148714890634924,30.488937648013543,29742.97812698481,29742.97812698481,12497.993750567088,10439.478,24.102516,0.0,33598.08158409316,23.191705241229233,2190.018327109631,False,False,3000.0,test
2023-09-26 23:00:00,23.123874441121206,30.15701183300161,24774.88822424121,24774.88822424121,11078.539492640346,10098.905,22.706432,0.0,28833.905102434117,22.591645431935916,2133.639045825531,False,False,3000.0,test
2023-09-27 00:00:00,23.110089220584985,29.847474963293315,22017.844116997054,22017.844116997054,10290.8126048563,10000.246,21.707472,28.080404,26937.14310987522,23.31557558758149,2106.25423764662,False,False,3000.0,test
2023-09-27 01:00:00,23.086577734346694,29.55083027385234,17315.54686933876,17315.54686933876,8947.299105525359,10001.102,20.388218,12.725147,20725.881869533066,23.183619959394395,2066.3604107332876,False,False,3000.0,test
2023-09-27 02:00:00,23.071525221997568,29.25775336284232,14305.044399513634,14305.044399513634,8087.155542718181,10004.936,19.43398,24.2962,18306.091282650654,23.054258823257793,2045.5245942654542,False,False,3000.0,test
2023-09-27 03:00:00,23.071310641815806,28.97139967536705,14262.128363161253,14262.128363161253,8074.893818046072,10022.111,19.918175,4.207755,16731.979363727503,22.95420134443591,2045.2548679571844,False,False,3000.0,test
2023-09-27 04:00:00,23.067078272429445,28.690650765277184,13415.65448588895,13415.65448588895,7833.044138825415,10098.905,19.736134,9.144376,16543.564891669972,22.798652076219014,2040.0935779410406,False,False,3000.0,test
2023-09-27 05:00:00,23.06915429347339,28.420796498208556,13830.858694677772,13830.858694677772,7951.673912765078,10439.478,20.101181,0.0,17050.506658566705,23.28746816708322,2042.5874245693694,False,False,3000.0,test
2023-09-27 06:00:00,23.088143164898646,28.170368809049673,17628.632979729275,17628.632979729275,9036.75227992265,11897.035,21.055693,13.734391,21073.615442580962,22.736816169187623,2068.7416055806966,False,False,3000.0,test
2023-09-27 07:00:00,23.147619236787854,27.997118969825753,29523.847357570787,29523.847357570787,12435.384959305939,17297.02,22.6993,101.18796,34213.66085480365,23.301188010402626,2187.348121930715,False,False,3000.0,test
2023-09-27 08:00:00,23.26848422485415,28.006594890009648,53696.84497082971,53696.84497082971,19341.955705951346,29999.998,24.816,302.11124,58122.50145710491,23.890819643296986,2568.076331388767,False,False,3000.0,test
2023-09-27 09:00:00,23.376949820565308,28.245319499525984,75389.96411306158,75389.96411306158,25539.98974658902,42702.97,25.718674,492.31158,78523.46198938802,23.822606267158598,3019.152533422556,False,False,3000.0,test
2023-09-27 10:00:00,23.46424442806649,28.681773007215764,92848.88561329794,92848.88561329794,30528.25303237084,48102.91,27.770655,656.65173,93074.30023151443,23.012706045265293,3429.114171862488,False,False,3000.0,test
2023-09-27 11:00:00,23.51123585070768,29.300357276882767,102247.17014153626,102247.17014153626,33213.477183296076,49560.277,27.89004,841.26746,105494.97112146018,,3661.834980137286,False,True,3000.0,test
2023-09-27 12:00:00,23.549726826660624,30.012100133983438,109945.36533212483,109945.36533212483,35412.96152346424,49899.992,29.695667,863.6486,112837.29079881571,23.676162048827226,3857.354666376033,False,False,3000.0,test
2023-09-27 13:00:00,23.574326277803817,30.72999886349567,114865.2555607633,114865.2555607633,36818.64444593237,49972.953,30.481447,893.9704,118634.94838984663,23.55324170119951,3984.2972079822957,False,False,3000.0,test
2023-09-27 14:00:00,23.574025175960884,31.361100768759716,114805.03519217677,114805.03519217677,36801.43862633622,49972.953,31.474224,755.60284,126593.04032216573,23.154203460476158,3982.734800979002,False,False,3000.0,test
2023-09-27 15:00:00,23.561648615989686,31.802493504493853,112329.72319793717,112329.72319793717,36094.20662798205,49899.992,32.09657,593.36145,113277.21746031826,23.677243401431735,3918.694941221205,False,False,3000.0,test
2023-09-27 16:00:00,23.523355707593037,32.029656364448954,104671.14151860742,104671.14151860742,33906.04043388783,49560.277,31.36546,406.1408,109243.30732119936,23.520350639058147,3722.9616006786196,False,False,3000.0,test
2023-09-27 17:00:00,23.472857300151666,32.02793201270037,94571.4600303333,94571.4600303333,31020.4171515238,48102.91,30.486847,209.47363,101280.32949120649,24.0471549227328,3471.222399536226,False,False,3000.0,test
2023-09-27 18:00:00,23.41822666552896,31.82653565767456,83645.33310579177,83645.33310579177,27898.66660165479,42702.97,30.410227,52.796818,86959.8091324257,23.342258054743724,3208.8763727107,False,False,3000.0,test
2023-09-27 19:00:00,23.319858627784306,31.5106123344817,63971.72555686126,63971.72555686126,22277.635873388932,29999.998,28.483639,1.288783,73451.87778925103,23.670259643382284,2771.848391173323,False,False,3000.0,test
2023-09-27 20:00:00,23.240451809588482,31.173425743418633,48090.361917696355,48090.361917696355,17740.1034050561,17297.02,27.450428,11.011595,50158.09720131583,22.860325288649488,2466.0524362708748,False,False,3000.0,test
2023-09-27 21:00:00,23.180911916049666,30.838707608992177,36182.38320993328,36182.38320993328,14337.823774266652,11897.035,25.522491,0.0,39919.87302543659,22.872509126680715,2275.576491633585,False,False,3000.0,test
2023-09-27 22:00:00,23.153521655147667,30.50201420175004,30704.33102953345,30704.33102953345,12772.666008438127,10439.478,24.442427,0.0,31945.41948457745,23.370020243090515,2201.9265086678197,False,False,3000.0,test
2023-09-27 23:00:00,23.128973772275906,30.190443065624404,25794.754455181133,25794.754455181133,11369.929844337466,10098.905,22.635073,35.843613,28040.91358066804,23.45409300645812,2144.488848575058,False,False,3000.0,test
2023-09-28 00:00:00,23.10933430796545,29.89015314165234,21866.86159309019,21866.86159309019,10247.67474088291,10000.246,21.783276,11.942913,25390.827186570317,22.822116490143134,2104.8381582293273,False,False,3000.0,test
2023-09-28 01:00:00,23.09009237939974,29.57825125795012,18018.475879947717,18018.475879947717,9148.135965699348,10001.102,20.760103,2.0437806,22771.81670974689,23.097315601344913,2071.7622753908404,False,False,3000.0,test
2023-09-28 02:00:00,23.086304884392437,29.270411715750853,17260.976878487356,17260.976878487356,8931.707679567815,10004.936,20.800806,0.0,20920.210680013417,22.671831132333715,2065.9494646577655,False,False,3000.0,test
2023-09-28 03:00:00,23.07229879112851,28.986311967502136,14459.758225702046,14459.758225702046,8131.359493057727,10022.111,19.675783,26.308445,20036.541039992608,23.017932843236867,2046.5033953431844,False,False,3000.0,test
2023-09-28 04:00:00,23.06319597272268,28.710667677863235,12639.19454453628,12639.19454453628,7611.19844129608,10098.905,19.522167,0.45655185,15445.880663467724,23.314272808409918,2035.62627092037,False,False,3000.0,test
2023-09-28 05:00:00,23.068402334788058,28.43421421464573,13680.466957611514,13680.466957611514,7908.704845031862,10439.478,20.047255,0.0,16002.286542374579,22.937914785047216,2041.6756986751031,False,False,3000.0,test
2023-09-28 06:00:00,23.088421994168183,28.175918934775222,17684.39883363655,17684.39883363655,9052.685381039015,11897.035,21.226286,0.0,26279.403487015778,23.013711582385042,2069.169921948512,False,False,3000.0,test
2023-09-28 07:00:00,23.153388023859286,28.008651012964005,30677.604771857146,30677.604771857146,12765.029934816328,17297.02,22.857979,123.83659,34545.554918665606,22.81444940437047,2201.591217979497,False,False,3000.0,test
2023-09-28 08:00:00,23.255529901310446,28.024074596045345,51105.98026208919,51105.98026208919,18601.7086463112,29999.998,23.86941,296.15726,52292.852634469295,23.06102237722297,2520.0474393737404,False,False,3000.0,test
2023-09-28 09:00:00,23.388273131265642,28.27116803399151,77654.62625312836,77654.62625312836,26187.03607232239,42702.97,26.315441,516.6829,78522.97454415986,23.915706406129942,3070.377318940092,False,False,3000.0,test
2023-09-28 10:00:00,23.45162922884889,28.693023726233548,90325.84576977811,90325.84576977811,29807.38450565089,48102.91,27.340895,607.59625,90150.97558943047,23.47350669636403,3367.919620867334,False,False,3000.0,test
2023-09-28 11:00:00,23.51428129821815,29.277716836769937,102856.25964363021,102856.25964363021,33387.502755322916,49560.277,28.317047,829.87976,109300.17036381066,23.21358896822297,3677.1550325067997,False,False,3000.0,test
2023-09-28 12:00:00,23.5494682267947,29.982127100900964,109893.64535894027,109893.64535894027,35398.18438826865,49899.992,29.765314,856.8943,111488.59631382381,23.455036641819305,3856.0280031722905,False,False,3000.0,test
2023-09-28 13:00:00,23.57000575754533,30.676543186939377,114001.15150906629,114001.15150906629,36571.757574018935,49972.953,30.648655,854.7353,117505.74865513876,23.090777471195363,3961.8980666914913,False,False,3000.0,test
2023-09-28 14:00:00,23.57236338291392,31.28210730850791,114472.67658278406,114472.67658278406,36706.47902365259,49972.953,31.574717,742.63043,117220.2857728512,23.268115475271856,3974.1155387864615,False,False,3000.0,test
2023-09-28 15:00:00,23.551045732702725,31.72120441201555,110209.14654054507,110209.14654054507,35488.32758301288,49899.992,31.297705,599.95276,116035.72354033845,23.95914765441666,3864.1234948013507,False,False,3000.0,test
2023-09-28 16:00:00,23.53093118612364,31.95561063562854,106186.23722472833,106186.23722472833,34338.924921350954,49560.277,32.016193,406.97095,106001.31252988703,23.48818645880766,3761.3781089318386,False,False,3000.0,test
2023-09-28 17:00:00,23.477352595838113,31.96476763294664,95470.51916762257,95470.51916762257,31277.291190749303,48102.91,30.761482,216.51123,94713.2204780076,24.044571648668473,3493.3018803306777,False,False,3000.0,test
2023-09-28 18:00:00,23.40890639390329,31.763554979513323,81781.27878065809,81781.27878065809,27366.079651616597,42702.97,29.855583,42.79435,85491.25539850048,23.380302042354472,3165.337233708242,False,False,3000.0,test
2023-09-28 19:00:00,23.328806529243586,31.452921180990586,65761.3058487172,65761.3058487172,22788.944528204913,29999.998,29.077114,15.272663,70449.57305784851,23.31801292038614,2809.2871715500487,False,False,3000.0,test
2023-09-28 20:00:00,23.233851097466573,31.125950466399154,46770.21949331462,46770.21949331462,17362.919855232747,17297.02,26.96138,10.229419,50582.62717833028,23.42611934502921,2443.0939581415087,False,False,3000.0,test
2023-09-28 21:00:00,23.182499028693083,30.79189981954174,36499.805738616684,36499.805738616684,14428.515925319052,11897.035,25.707306,0.0,37654.14256018234,22.380722754027264,2280.134258560465,False,False,3000.0,test
2023-09-28 22:00:00,23.158860130749552,30.459411923953276,31772.02614991046,31772.02614991046,13077.721757117275,10439.478,24.871824,0.0,36273.00532009994,23.220341927845624,2215.516978292772,False,False,3000.0,test
2023-09-28 23:00:00,23.13008569539472,30.145291532780885,26017.139078943786,26017.139078943786,11433.468308269654,10098.905,22.87231,23.780533,27420.140111042543,23.115389748976433,2146.9053014205806,False,False,3000.0,test
